{
  "type": "FeatureCollection",
  "features": [
    {
      "type": "Feature",
      "geometry": {
        "type": "Point",
        "coordinates": [
          -98.89792640628643,
          40.21851308589707
        ]
      },
      "properties": {
        "id": "G82BECD01",
        "type": "ufo",
        "date": "2026-10-02",
        "recent": true,
        "isNew": false,
        "title": "  Trick or Treat  ( 1986 )- A Heavy Metal Horror Movie That More Boring Than Scary ( FILM REVIEW ) ",
        "description": "Fuente: glidemagazine.com. País: United States. GDELT Global Knowledge Graph.",
        "witnesses": 0,
        "credibility": "MEDIA",
        "country": "United States",
        "sources": "glidemagazine.com|GDELT Global Knowledge Graph",
        "source_count": 2
      }
    },
    {
      "type": "Feature",
      "geometry": {
        "type": "Point",
        "coordinates": [
          104.62601504819877,
          62.74419037725129
        ]
      },
      "properties": {
        "id": "GE0F19087",
        "type": "ufo",
        "date": "2026-10-02",
        "recent": true,
        "isNew": false,
        "title": "SHOT : Жители Подмосковья заявили , что над полем два вечера кружил НЛО",
        "description": "Fuente: life.ru. País: Russia. GDELT Global Knowledge Graph.",
        "witnesses": 0,
        "credibility": "MEDIA",
        "country": "Russia",
        "sources": "vm.ru|GDELT Global Knowledge Graph|life.ru",
        "source_count": 3
      }
    },
    {
      "type": "Feature",
      "geometry": {
        "type": "Point",
        "coordinates": [
          104.16956817130223,
          60.63505276698697
        ]
      },
      "properties": {
        "id": "GADC78C39",
        "type": "ufo",
        "date": "2026-10-02",
        "recent": true,
        "isNew": false,
        "title": "У границы Румынии с Украиной упал неопознанный объект",
        "description": "Fuente: lenta.ru. País: Russia. GDELT Global Knowledge Graph.",
        "witnesses": 0,
        "credibility": "MEDIA",
        "country": "Russia",
        "sources": "lenta.ru|GDELT Global Knowledge Graph",
        "source_count": 2
      }
    },
    {
      "type": "Feature",
      "geometry": {
        "type": "Point",
        "coordinates": [
          106.83201618692999,
          60.63696028753672
        ]
      },
      "properties": {
        "id": "GA52C1581",
        "type": "ufo",
        "date": "2026-10-02",
        "recent": true,
        "isNew": false,
        "title": "  НЛО  под Москвой : подробности",
        "description": "Fuente: lenta.ru. País: Russia. GDELT Global Knowledge Graph.",
        "witnesses": 0,
        "credibility": "MEDIA",
        "country": "Russia",
        "sources": "lenta.ru|GDELT Global Knowledge Graph",
        "source_count": 2
      }
    },
    {
      "type": "Feature",
      "geometry": {
        "type": "Point",
        "coordinates": [
          105.40824955840664,
          37.88720883390984
        ]
      },
      "properties": {
        "id": "G45D5BA71",
        "type": "ufo",
        "date": "2026-10-02",
        "recent": true,
        "isNew": false,
        "title": "华为Mate 90系列及全场景新品发布会举行 ， 多款重磅新品亮相 _ 业界 _ 科技频道首页 _ 财经网",
        "description": "Fuente: tech.caijing.com.cn. País: China. GDELT Global Knowledge Graph.",
        "witnesses": 0,
        "credibility": "MEDIA",
        "country": "China",
        "sources": "tech.caijing.com.cn|GDELT Global Knowledge Graph",
        "source_count": 2
      }
    },
    {
      "type": "Feature",
      "geometry": {
        "type": "Point",
        "coordinates": [
          -0.9995709098408456,
          -1.2505254020989316
        ]
      },
      "properties": {
        "id": "G7EE39562",
        "type": "ufo",
        "date": "2026-10-02",
        "recent": true,
        "isNew": false,
        "title": "Universal Friendship Organization ( UFO ) raises concern over Ghana reported decline in global peace ranking",
        "description": "Fuente: theheraldghana.com. País: Ghana. GDELT Global Knowledge Graph.",
        "witnesses": 0,
        "credibility": "MEDIA",
        "country": "Ghana",
        "sources": "theheraldghana.com|GDELT Global Knowledge Graph",
        "source_count": 2
      }
    },
    {
      "type": "Feature",
      "geometry": {
        "type": "Point",
        "coordinates": [
          11.72209444854887,
          51.505607288964875
        ]
      },
      "properties": {
        "id": "G3AA02FAC",
        "type": "ufo",
        "date": "2026-10-02",
        "recent": true,
        "isNew": false,
        "title": "Funky Taurus Media - Music Photo Agency & Products - Funky Taurus & George Clinton - UFO Brooklyn",
        "description": "Fuente: funkytaurusmedia.com. País: Germany. GDELT Global Knowledge Graph.",
        "witnesses": 0,
        "credibility": "MEDIA",
        "country": "Germany",
        "sources": "funkytaurusmedia.com|GDELT Global Knowledge Graph",
        "source_count": 2
      }
    },
    {
      "type": "Feature",
      "geometry": {
        "type": "Point",
        "coordinates": [
          106.67822856999709,
          61.45503752954589
        ]
      },
      "properties": {
        "id": "G0D07DF0B",
        "type": "ufo",
        "date": "2026-10-02",
        "recent": true,
        "isNew": false,
        "title": "В Румынии упал и загорелся неопознанный объект : подробности",
        "description": "Fuente: news.mail.ru. País: Russia. GDELT Global Knowledge Graph.",
        "witnesses": 0,
        "credibility": "MEDIA",
        "country": "Russia",
        "sources": "news.mail.ru|GDELT Global Knowledge Graph",
        "source_count": 2
      }
    },
    {
      "type": "Feature",
      "geometry": {
        "type": "Point",
        "coordinates": [
          105.43611847702883,
          60.004750696675714
        ]
      },
      "properties": {
        "id": "G170763D9",
        "type": "ufo",
        "date": "2026-10-02",
        "recent": true,
        "isNew": false,
        "title": "Радары Румынии проспали дрон прямо у границы с Украиной",
        "description": "Fuente: mk.ru. País: Russia. GDELT Global Knowledge Graph.",
        "witnesses": 0,
        "credibility": "MEDIA",
        "country": "Russia",
        "sources": "mk.ru|GDELT Global Knowledge Graph",
        "source_count": 2
      }
    },
    {
      "type": "Feature",
      "geometry": {
        "type": "Point",
        "coordinates": [
          -97.91792878633831,
          39.6699893005341
        ]
      },
      "properties": {
        "id": "GDDB86BBC",
        "type": "ufo",
        "date": "2026-10-02",
        "recent": true,
        "isNew": false,
        "title": "How offshore racers are shaping this next generation of fast yachts",
        "description": "Fuente: yachtingworld.com. País: United States. GDELT Global Knowledge Graph.",
        "witnesses": 0,
        "credibility": "MEDIA",
        "country": "United States",
        "sources": "kdat.com|GDELT Global Knowledge Graph|yachtingworld.com",
        "source_count": 3
      }
    },
    {
      "type": "Feature",
      "geometry": {
        "type": "Point",
        "coordinates": [
          103.82279712466598,
          59.91957164892558
        ]
      },
      "properties": {
        "id": "G2D7240FC",
        "type": "ufo",
        "date": "2026-10-02",
        "recent": true,
        "isNew": false,
        "title": "Во время трансляции запуска корабля Илона Маска над Землей заметили огромный НЛО",
        "description": "Fuente: lenta.ru. País: Russia. GDELT Global Knowledge Graph.",
        "witnesses": 0,
        "credibility": "MEDIA",
        "country": "Russia",
        "sources": "lenta.ru|GDELT Global Knowledge Graph",
        "source_count": 2
      }
    },
    {
      "type": "Feature",
      "geometry": {
        "type": "Point",
        "coordinates": [
          106.69990004231062,
          62.51695472277074
        ]
      },
      "properties": {
        "id": "G50623254",
        "type": "ufo",
        "date": "2026-10-02",
        "recent": true,
        "isNew": false,
        "title": "НЛО и апокалипсис . В архивах ЦРУ нашли утраченное предсказание о конце света",
        "description": "Fuente: aif.ru. País: Russia. GDELT Global Knowledge Graph.",
        "witnesses": 0,
        "credibility": "MEDIA",
        "country": "Russia",
        "sources": "aif.ru|GDELT Global Knowledge Graph",
        "source_count": 2
      }
    },
    {
      "type": "Feature",
      "geometry": {
        "type": "Point",
        "coordinates": [
          -2.1564367549354513,
          57.18366275033494
        ]
      },
      "properties": {
        "id": "G53BB6B39",
        "type": "ufo",
        "date": "2026-10-02",
        "recent": true,
        "isNew": false,
        "title": "Lahnajärvi aukaisee uudelleen ovensa",
        "description": "Fuente: sss.fi. País: Finland. GDELT Global Knowledge Graph.",
        "witnesses": 0,
        "credibility": "MEDIA",
        "country": "Finland",
        "sources": "sss.fi|GDELT Global Knowledge Graph",
        "source_count": 2
      }
    },
    {
      "type": "Feature",
      "geometry": {
        "type": "Point",
        "coordinates": [
          0.3766444507352946,
          -0.10869701691238509
        ]
      },
      "properties": {
        "id": "G1D7AE13E",
        "type": "ufo",
        "date": "2026-10-02",
        "recent": true,
        "isNew": false,
        "title": "Restaurant Roundup : October 2",
        "description": "Fuente: actionnews5.com. País: ?. GDELT Global Knowledge Graph.",
        "witnesses": 0,
        "credibility": "MEDIA",
        "country": "",
        "sources": "actionnews5.com|GDELT Global Knowledge Graph",
        "source_count": 2
      }
    },
    {
      "type": "Feature",
      "geometry": {
        "type": "Point",
        "coordinates": [
          -97.3010710654234,
          40.55626271663992
        ]
      },
      "properties": {
        "id": "G6C02DFF0",
        "type": "ufo",
        "date": "2026-10-02",
        "recent": true,
        "isNew": false,
        "title": "Latest Articles",
        "description": "Fuente: freerepublic.com. País: United States. GDELT Global Knowledge Graph.",
        "witnesses": 0,
        "credibility": "MEDIA",
        "country": "United States",
        "sources": "freerepublic.com|GDELT Global Knowledge Graph",
        "source_count": 2
      }
    },
    {
      "type": "Feature",
      "geometry": {
        "type": "Point",
        "coordinates": [
          13.61142106770688,
          41.23390849345917
        ]
      },
      "properties": {
        "id": "G4DD85FB1",
        "type": "ufo",
        "date": "2026-10-02",
        "recent": true,
        "isNew": false,
        "title": "Commerz totonomi sul nuovo ceo Tra i favoriti Michael Diederich",
        "description": "Fuente: zazoom.it. País: Italy. GDELT Global Knowledge Graph.",
        "witnesses": 0,
        "credibility": "MEDIA",
        "country": "Italy",
        "sources": "zazoom.it|GDELT Global Knowledge Graph",
        "source_count": 2
      }
    },
    {
      "type": "Feature",
      "geometry": {
        "type": "Point",
        "coordinates": [
          -99.45750517210212,
          40.375565610105326
        ]
      },
      "properties": {
        "id": "GA1D729D2",
        "type": "ufo",
        "date": "2026-10-02",
        "recent": true,
        "isNew": false,
        "title": "Halloween Events Across The Hudson Valley This October",
        "description": "Fuente: hudsonvalleycountry.com. País: United States. GDELT Global Knowledge Graph.",
        "witnesses": 0,
        "credibility": "MEDIA",
        "country": "United States",
        "sources": "hudsonvalleycountry.com|GDELT Global Knowledge Graph",
        "source_count": 2
      }
    },
    {
      "type": "Feature",
      "geometry": {
        "type": "Point",
        "coordinates": [
          13.249206270289513,
          42.944812513962276
        ]
      },
      "properties": {
        "id": "G4BF6C40B",
        "type": "ufo",
        "date": "2026-10-02",
        "recent": true,
        "isNew": false,
        "title": "Interview : OvO ( Italy ) - Aotearoa New Zealand Tour",
        "description": "Fuente: undertheradar.co.nz. País: New Zealand. GDELT Global Knowledge Graph.",
        "witnesses": 0,
        "credibility": "MEDIA",
        "country": "New Zealand",
        "sources": "undertheradar.co.nz|GDELT Global Knowledge Graph",
        "source_count": 2
      }
    },
    {
      "type": "Feature",
      "geometry": {
        "type": "Point",
        "coordinates": [
          -96.25798141259027,
          40.245994874469964
        ]
      },
      "properties": {
        "id": "GE939C5AE",
        "type": "ufo",
        "date": "2026-10-02",
        "recent": true,
        "isNew": false,
        "title": "Iron Maiden Wraps 2026 US Tour : Set List , Photos + Review",
        "description": "Fuente: mega993online.com. País: United States. GDELT Global Knowledge Graph.",
        "witnesses": 0,
        "credibility": "MEDIA",
        "country": "United States",
        "sources": "GDELT Global Knowledge Graph|mega993online.com|power96radio.com",
        "source_count": 3
      }
    },
    {
      "type": "Feature",
      "geometry": {
        "type": "Point",
        "coordinates": [
          -76.53857033956855,
          -2.458382232454259
        ]
      },
      "properties": {
        "id": "GFD75F1C8",
        "type": "ufo",
        "date": "2026-10-02",
        "recent": true,
        "isNew": false,
        "title": "El Telégrafo - ¿ Ovnis o demonios ? La teoría de Joe Jordan sobre las supuestas abducciones",
        "description": "Fuente: eltelegrafo.com.ec. País: Ecuador. GDELT Global Knowledge Graph.",
        "witnesses": 0,
        "credibility": "MEDIA",
        "country": "Ecuador",
        "sources": "eltelegrafo.com.ec|GDELT Global Knowledge Graph",
        "source_count": 2
      }
    },
    {
      "type": "Feature",
      "geometry": {
        "type": "Point",
        "coordinates": [
          -98.52300526742346,
          38.272713205326085
        ]
      },
      "properties": {
        "id": "G23AB4BB9",
        "type": "ufo",
        "date": "2026-10-01",
        "recent": true,
        "isNew": false,
        "title": "Iron Maiden Wraps 2026 US Tour : Set List , Photos + Review",
        "description": "Fuente: myq1075.com. País: United States. GDELT Global Knowledge Graph.",
        "witnesses": 0,
        "credibility": "MEDIA",
        "country": "United States",
        "sources": "myq1075.com|GDELT Global Knowledge Graph",
        "source_count": 2
      }
    },
    {
      "type": "Feature",
      "geometry": {
        "type": "Point",
        "coordinates": [
          -99.01987850641086,
          38.84973857296866
        ]
      },
      "properties": {
        "id": "G9E34520E",
        "type": "ufo",
        "date": "2026-10-01",
        "recent": true,
        "isNew": false,
        "title": "Iron Maiden Wraps 2026 US Tour : Set List , Photos + Review",
        "description": "Fuente: wblm.com. País: United States. GDELT Global Knowledge Graph.",
        "witnesses": 0,
        "credibility": "MEDIA",
        "country": "United States",
        "sources": "wblm.com|GDELT Global Knowledge Graph",
        "source_count": 2
      }
    },
    {
      "type": "Feature",
      "geometry": {
        "type": "Point",
        "coordinates": [
          -99.953216596715,
          39.40823923640674
        ]
      },
      "properties": {
        "id": "G9E79AFC3",
        "type": "ufo",
        "date": "2026-10-01",
        "recent": true,
        "isNew": false,
        "title": "Iron Maiden Wraps 2026 US Tour : Set List , Photos + Review",
        "description": "Fuente: 1057thehawk.com. País: United States. GDELT Global Knowledge Graph.",
        "witnesses": 0,
        "credibility": "MEDIA",
        "country": "United States",
        "sources": "1057thehawk.com|GDELT Global Knowledge Graph|cnynews.com",
        "source_count": 3
      }
    },
    {
      "type": "Feature",
      "geometry": {
        "type": "Point",
        "coordinates": [
          -96.55813222569687,
          40.45779909462097
        ]
      },
      "properties": {
        "id": "G6A41E7AC",
        "type": "ufo",
        "date": "2026-10-01",
        "recent": true,
        "isNew": false,
        "title": "Arkansas State Police Investigate Malvern - Area Shooting",
        "description": "Fuente: power959.com. País: United States. GDELT Global Knowledge Graph.",
        "witnesses": 0,
        "credibility": "MEDIA",
        "country": "United States",
        "sources": "power959.com|GDELT Global Knowledge Graph",
        "source_count": 2
      }
    },
    {
      "type": "Feature",
      "geometry": {
        "type": "Point",
        "coordinates": [
          -98.77709002083785,
          40.712955805508685
        ]
      },
      "properties": {
        "id": "G53A90BD4",
        "type": "ufo",
        "date": "2026-10-01",
        "recent": true,
        "isNew": false,
        "title": "Iron Maiden Wraps 2026 US Tour : Set List , Photos + Review",
        "description": "Fuente: 991thewhale.com. País: United States. GDELT Global Knowledge Graph.",
        "witnesses": 0,
        "credibility": "MEDIA",
        "country": "United States",
        "sources": "991thewhale.com|GDELT Global Knowledge Graph",
        "source_count": 2
      }
    },
    {
      "type": "Feature",
      "geometry": {
        "type": "Point",
        "coordinates": [
          -96.9317614386372,
          38.11555103590797
        ]
      },
      "properties": {
        "id": "GC10C1D43",
        "type": "ufo",
        "date": "2026-10-01",
        "recent": true,
        "isNew": false,
        "title": "Iron Maiden Wraps 2026 US Tour : Set List , Photos + Review",
        "description": "Fuente: wzozfm.com. País: United States. GDELT Global Knowledge Graph.",
        "witnesses": 0,
        "credibility": "MEDIA",
        "country": "United States",
        "sources": "wzozfm.com|GDELT Global Knowledge Graph",
        "source_count": 2
      }
    },
    {
      "type": "Feature",
      "geometry": {
        "type": "Point",
        "coordinates": [
          -96.22834226160074,
          40.65183197968838
        ]
      },
      "properties": {
        "id": "G7A5BE149",
        "type": "ufo",
        "date": "2026-10-01",
        "recent": true,
        "isNew": false,
        "title": "Photos - Iron Maiden Wrap 2026 U . S . Tour Dates",
        "description": "Fuente: loudwire.com. País: United States. GDELT Global Knowledge Graph.",
        "witnesses": 0,
        "credibility": "MEDIA",
        "country": "United States",
        "sources": "loudwire.com|GDELT Global Knowledge Graph",
        "source_count": 2
      }
    },
    {
      "type": "Feature",
      "geometry": {
        "type": "Point",
        "coordinates": [
          -5.075523623369705,
          55.259641193642814
        ]
      },
      "properties": {
        "id": "G97489BED",
        "type": "ufo",
        "date": "2026-10-01",
        "recent": true,
        "isNew": false,
        "title": "Бонусы в GTA Online : « последний » Хэллоуин ( часть 1 ) / GTA . com . ua",
        "description": "Fuente: gta.com.ua. País: Ukraine. GDELT Global Knowledge Graph.",
        "witnesses": 0,
        "credibility": "MEDIA",
        "country": "Ukraine",
        "sources": "gta.com.ua|GDELT Global Knowledge Graph",
        "source_count": 2
      }
    },
    {
      "type": "Feature",
      "geometry": {
        "type": "Point",
        "coordinates": [
          104.67305199581945,
          34.40181962699191
        ]
      },
      "properties": {
        "id": "GDAE2C035",
        "type": "ufo",
        "date": "2026-10-01",
        "recent": true,
        "isNew": false,
        "title": "射击项目十六金收官 创多个世界纪录 -- 文旅 · 体育 -- 人民网",
        "description": "Fuente: ent.people.com.cn. País: China. GDELT Global Knowledge Graph.",
        "witnesses": 0,
        "credibility": "MEDIA",
        "country": "China",
        "sources": "ent.people.com.cn|GDELT Global Knowledge Graph",
        "source_count": 2
      }
    },
    {
      "type": "Feature",
      "geometry": {
        "type": "Point",
        "coordinates": [
          -98.56495328309282,
          37.71621270976312
        ]
      },
      "properties": {
        "id": "G8B421D5A",
        "type": "ufo",
        "date": "2026-10-01",
        "recent": true,
        "isNew": false,
        "title": "Charlton Heston Starred In The Failed Spin - Off Of A Major  80s Primetime Soap Opera",
        "description": "Fuente: tvline.com. País: United States. GDELT Global Knowledge Graph.",
        "witnesses": 0,
        "credibility": "MEDIA",
        "country": "United States",
        "sources": "tvline.com|GDELT Global Knowledge Graph",
        "source_count": 2
      }
    },
    {
      "type": "Feature",
      "geometry": {
        "type": "Point",
        "coordinates": [
          -99.78946770106212,
          37.313148107115396
        ]
      },
      "properties": {
        "id": "G3E3FFA15",
        "type": "ufo",
        "date": "2026-10-01",
        "recent": true,
        "isNew": false,
        "title": "Iron Maiden Wraps 2026 US Tour : Set List , Photos + Review",
        "description": "Fuente: ultimateclassicrock.com. País: United States. GDELT Global Knowledge Graph.",
        "witnesses": 0,
        "credibility": "MEDIA",
        "country": "United States",
        "sources": "ultimateclassicrock.com|GDELT Global Knowledge Graph",
        "source_count": 2
      }
    },
    {
      "type": "Feature",
      "geometry": {
        "type": "Point",
        "coordinates": [
          -99.35042302130005,
          37.03915257015553
        ]
      },
      "properties": {
        "id": "G552E841C",
        "type": "ufo",
        "date": "2026-10-01",
        "recent": true,
        "isNew": false,
        "title": "Iron Maiden Wraps 2026 US Tour : Set List , Photos + Review",
        "description": "Fuente: kool1017.com. País: United States. GDELT Global Knowledge Graph.",
        "witnesses": 0,
        "credibility": "MEDIA",
        "country": "United States",
        "sources": "GDELT Global Knowledge Graph|koolfmabilene.com|kool1017.com",
        "source_count": 3
      }
    },
    {
      "type": "Feature",
      "geometry": {
        "type": "Point",
        "coordinates": [
          -97.64372418969899,
          37.5021608534487
        ]
      },
      "properties": {
        "id": "G2F9903ED",
        "type": "ufo",
        "date": "2026-10-01",
        "recent": true,
        "isNew": false,
        "title": "Worthplaying |  Grand Theft Auto Online  Update Adds Triple Rewards on Slasher Modes and Halloween Survivals , Double Rewards on UFO Business Battles , and More",
        "description": "Fuente: worthplaying.com. País: United States. GDELT Global Knowledge Graph.",
        "witnesses": 0,
        "credibility": "MEDIA",
        "country": "United States",
        "sources": "worthplaying.com|GDELT Global Knowledge Graph",
        "source_count": 2
      }
    },
    {
      "type": "Feature",
      "geometry": {
        "type": "Point",
        "coordinates": [
          -97.06677815076756,
          37.34792987817679
        ]
      },
      "properties": {
        "id": "G2AD5E4B3",
        "type": "ufo",
        "date": "2026-10-01",
        "recent": true,
        "isNew": false,
        "title": "Iron Maiden Wraps 2026 US Tour : Set List , Photos + Review",
        "description": "Fuente: kbat.com. País: United States. GDELT Global Knowledge Graph.",
        "witnesses": 0,
        "credibility": "MEDIA",
        "country": "United States",
        "sources": "kbat.com|GDELT Global Knowledge Graph|1035kissfmboise.com",
        "source_count": 3
      }
    },
    {
      "type": "Feature",
      "geometry": {
        "type": "Point",
        "coordinates": [
          -98.56940460983586,
          40.154800874350485
        ]
      },
      "properties": {
        "id": "G3C6EF0B9",
        "type": "ufo",
        "date": "2026-10-01",
        "recent": true,
        "isNew": false,
        "title": "Iron Maiden Wraps 2026 US Tour : Set List , Photos + Review",
        "description": "Fuente: krna.com. País: United States. GDELT Global Knowledge Graph.",
        "witnesses": 0,
        "credibility": "MEDIA",
        "country": "United States",
        "sources": "krna.com|GDELT Global Knowledge Graph",
        "source_count": 2
      }
    },
    {
      "type": "Feature",
      "geometry": {
        "type": "Point",
        "coordinates": [
          -96.54263566374313,
          37.65589970096832
        ]
      },
      "properties": {
        "id": "GE957A79D",
        "type": "ufo",
        "date": "2026-10-01",
        "recent": true,
        "isNew": false,
        "title": "Iron Maiden Wraps 2026 US Tour : Set List , Photos + Review",
        "description": "Fuente: kygl.com. País: United States. GDELT Global Knowledge Graph.",
        "witnesses": 0,
        "credibility": "MEDIA",
        "country": "United States",
        "sources": "kygl.com|GDELT Global Knowledge Graph",
        "source_count": 2
      }
    },
    {
      "type": "Feature",
      "geometry": {
        "type": "Point",
        "coordinates": [
          -98.72525227299471,
          40.971431298403736
        ]
      },
      "properties": {
        "id": "G00A0D188",
        "type": "ufo",
        "date": "2026-10-01",
        "recent": true,
        "isNew": false,
        "title": "Iron Maiden Wraps 2026 US Tour : Set List , Photos + Review",
        "description": "Fuente: krforadio.com. País: United States. GDELT Global Knowledge Graph.",
        "witnesses": 0,
        "credibility": "MEDIA",
        "country": "United States",
        "sources": "krforadio.com|GDELT Global Knowledge Graph",
        "source_count": 2
      }
    },
    {
      "type": "Feature",
      "geometry": {
        "type": "Point",
        "coordinates": [
          -96.50778722478138,
          38.240231122441834
        ]
      },
      "properties": {
        "id": "G4F4937B1",
        "type": "ufo",
        "date": "2026-10-01",
        "recent": true,
        "isNew": false,
        "title": "Iron Maiden Wraps 2026 US Tour : Set List , Photos + Review",
        "description": "Fuente: kool1079.com. País: United States. GDELT Global Knowledge Graph.",
        "witnesses": 0,
        "credibility": "MEDIA",
        "country": "United States",
        "sources": "kool1079.com|GDELT Global Knowledge Graph",
        "source_count": 2
      }
    },
    {
      "type": "Feature",
      "geometry": {
        "type": "Point",
        "coordinates": [
          -96.54601820087224,
          37.06712442964928
        ]
      },
      "properties": {
        "id": "GD777F762",
        "type": "ufo",
        "date": "2026-10-01",
        "recent": true,
        "isNew": false,
        "title": "Iron Maiden Wraps 2026 US Tour : Set List , Photos + Review",
        "description": "Fuente: kmhk.com. País: United States. GDELT Global Knowledge Graph.",
        "witnesses": 0,
        "credibility": "MEDIA",
        "country": "United States",
        "sources": "kmhk.com|GDELT Global Knowledge Graph",
        "source_count": 2
      }
    },
    {
      "type": "Feature",
      "geometry": {
        "type": "Point",
        "coordinates": [
          -96.49304022868003,
          38.37527013206486
        ]
      },
      "properties": {
        "id": "G1C0579A0",
        "type": "ufo",
        "date": "2026-10-01",
        "recent": true,
        "isNew": false,
        "title": "Iron Maiden Wraps 2026 US Tour : Set List , Photos + Review",
        "description": "Fuente: b1027.com. País: United States. GDELT Global Knowledge Graph.",
        "witnesses": 0,
        "credibility": "MEDIA",
        "country": "United States",
        "sources": "GDELT Global Knowledge Graph|https://news.google.com/rss/articles/CBMiuAFBVV95cUxNenBwQjlDTGE4cVdOU1JlUVNlTFh|Winnipeg Free Press|b1027.com",
        "source_count": 4
      }
    },
    {
      "type": "Feature",
      "geometry": {
        "type": "Point",
        "coordinates": [
          -98.86776352146386,
          37.96886471388829
        ]
      },
      "properties": {
        "id": "G52EBB9C7",
        "type": "ufo",
        "date": "2026-10-01",
        "recent": true,
        "isNew": false,
        "title": "UFO  MECHANIX  GETS EXPANDED , REMASTERED AND REISSUED FOR CD , VINYL",
        "description": "Fuente: knac.com. País: United States. GDELT Global Knowledge Graph.",
        "witnesses": 0,
        "credibility": "MEDIA",
        "country": "United States",
        "sources": "knac.com|GDELT Global Knowledge Graph",
        "source_count": 2
      }
    },
    {
      "type": "Feature",
      "geometry": {
        "type": "Point",
        "coordinates": [
          -97.93593237934301,
          37.48603647266558
        ]
      },
      "properties": {
        "id": "GCD8B4A08",
        "type": "ufo",
        "date": "2026-10-01",
        "recent": true,
        "isNew": false,
        "title": "Iron Maiden Wraps 2026 US Tour : Set List , Photos + Review",
        "description": "Fuente: awesome98.com. País: United States. GDELT Global Knowledge Graph.",
        "witnesses": 0,
        "credibility": "MEDIA",
        "country": "United States",
        "sources": "awesome98.com|GDELT Global Knowledge Graph",
        "source_count": 2
      }
    },
    {
      "type": "Feature",
      "geometry": {
        "type": "Point",
        "coordinates": [
          -99.1863353768997,
          37.68406760095333
        ]
      },
      "properties": {
        "id": "GA045B252",
        "type": "ufo",
        "date": "2026-10-01",
        "recent": true,
        "isNew": false,
        "title": "Iron Maiden Wraps 2026 US Tour : Set List , Photos + Review",
        "description": "Fuente: classicrock961.com. País: United States. GDELT Global Knowledge Graph.",
        "witnesses": 0,
        "credibility": "MEDIA",
        "country": "United States",
        "sources": "classicrock961.com|GDELT Global Knowledge Graph",
        "source_count": 2
      }
    },
    {
      "type": "Feature",
      "geometry": {
        "type": "Point",
        "coordinates": [
          -96.92217430364559,
          40.31963228855182
        ]
      },
      "properties": {
        "id": "G2653F87A",
        "type": "ufo",
        "date": "2026-10-01",
        "recent": true,
        "isNew": false,
        "title": "Weather Is A Go For Oct 4 Saturn Opposition Viewing Across Idaho",
        "description": "Fuente: liteonline.com. País: United States. GDELT Global Knowledge Graph.",
        "witnesses": 0,
        "credibility": "MEDIA",
        "country": "United States",
        "sources": "liteonline.com|GDELT Global Knowledge Graph",
        "source_count": 2
      }
    },
    {
      "type": "Feature",
      "geometry": {
        "type": "Point",
        "coordinates": [
          -98.37645663301443,
          38.05237317585178
        ]
      },
      "properties": {
        "id": "G3BB0E4D3",
        "type": "ufo",
        "date": "2026-10-01",
        "recent": true,
        "isNew": false,
        "title": "42 Names Appear on Upstate NY Animal Cruelty Registry",
        "description": "Fuente: cnynews.com. País: United States. GDELT Global Knowledge Graph.",
        "witnesses": 0,
        "credibility": "MEDIA",
        "country": "United States",
        "sources": "cnynews.com|GDELT Global Knowledge Graph",
        "source_count": 2
      }
    },
    {
      "type": "Feature",
      "geometry": {
        "type": "Point",
        "coordinates": [
          106.07112606353449,
          63.16709120270007
        ]
      },
      "properties": {
        "id": "GFB1BD628",
        "type": "ufo",
        "date": "2026-10-01",
        "recent": true,
        "isNew": false,
        "title": "Труд : Лучший бомбардир в истории РПЛ Артем Дзюба объявил о завершении карьеры",
        "description": "Fuente: trud.ru. País: Russia. GDELT Global Knowledge Graph.",
        "witnesses": 0,
        "credibility": "MEDIA",
        "country": "Russia",
        "sources": "trud.ru|GDELT Global Knowledge Graph",
        "source_count": 2
      }
    },
    {
      "type": "Feature",
      "geometry": {
        "type": "Point",
        "coordinates": [
          -96.04250139125946,
          37.40943415901886
        ]
      },
      "properties": {
        "id": "G9527E8B2",
        "type": "uso",
        "date": "2026-10-01",
        "recent": true,
        "isNew": false,
        "title": "Air Force veteran makes wild claim on Joe Rogan of a secret UFO base spanning  multiple city block at the bottom of the ocean",
        "description": "Fuente: dailymail.com. País: United States. GDELT Global Knowledge Graph.",
        "witnesses": 0,
        "credibility": "MEDIA",
        "country": "United States",
        "sources": "dailymail.com|GDELT Global Knowledge Graph",
        "source_count": 2
      }
    },
    {
      "type": "Feature",
      "geometry": {
        "type": "Point",
        "coordinates": [
          -99.82608808181543,
          39.14711298872475
        ]
      },
      "properties": {
        "id": "GD43978DF",
        "type": "ufo",
        "date": "2026-10-01",
        "recent": true,
        "isNew": false,
        "title": "125 New Sci - Fi , Horror , and Fantasy Books Releasing in October",
        "description": "Fuente: gizmodo.com. País: United States. GDELT Global Knowledge Graph.",
        "witnesses": 0,
        "credibility": "MEDIA",
        "country": "United States",
        "sources": "gizmodo.com|GDELT Global Knowledge Graph",
        "source_count": 2
      }
    },
    {
      "type": "Feature",
      "geometry": {
        "type": "Point",
        "coordinates": [
          13.692931573766353,
          43.365284294338174
        ]
      },
      "properties": {
        "id": "G303E4FDD",
        "type": "ufo",
        "date": "2026-10-01",
        "recent": true,
        "isNew": false,
        "title": "  ufologi  bipartisan – un consigliere romano dei cinque stelle , daniele diaco , ... ",
        "description": "Fuente: dagospia.com. País: Italy. GDELT Global Knowledge Graph.",
        "witnesses": 0,
        "credibility": "MEDIA",
        "country": "Italy",
        "sources": "dagospia.com|GDELT Global Knowledge Graph",
        "source_count": 2
      }
    },
    {
      "type": "Feature",
      "geometry": {
        "type": "Point",
        "coordinates": [
          12.361861617319569,
          43.58776273490685
        ]
      },
      "properties": {
        "id": "G91985BBA",
        "type": "ufo",
        "date": "2026-10-01",
        "recent": true,
        "isNew": false,
        "title": "Vola una scala in mezzo allautostrada colpita unauto | caos totale gravi disagi",
        "description": "Fuente: zazoom.it. País: Italy. GDELT Global Knowledge Graph.",
        "witnesses": 0,
        "credibility": "MEDIA",
        "country": "Italy",
        "sources": "zazoom.it|GDELT Global Knowledge Graph",
        "source_count": 2
      }
    },
    {
      "type": "Feature",
      "geometry": {
        "type": "Point",
        "coordinates": [
          -98.83994744505303,
          40.80873462951039
        ]
      },
      "properties": {
        "id": "G5060C068",
        "type": "ufo",
        "date": "2026-10-01",
        "recent": true,
        "isNew": false,
        "title": "After ADK UFO Story Goes Viral , Locals Say :  I Saw Them Too  ",
        "description": "Fuente: wgna.com. País: United States. GDELT Global Knowledge Graph.",
        "witnesses": 0,
        "credibility": "MEDIA",
        "country": "United States",
        "sources": "wgna.com|GDELT Global Knowledge Graph",
        "source_count": 2
      }
    },
    {
      "type": "Feature",
      "geometry": {
        "type": "Point",
        "coordinates": [
          11.862124886406242,
          43.79890301223525
        ]
      },
      "properties": {
        "id": "GC3222B44",
        "type": "ufo",
        "date": "2026-10-01",
        "recent": true,
        "isNew": false,
        "title": "Il M5S fa politica anche tra Ufo e marziani : a Roma il convegno spaziale col  gran cerimoniere  grillino",
        "description": "Fuente: secoloditalia.it. País: Italy. GDELT Global Knowledge Graph.",
        "witnesses": 0,
        "credibility": "MEDIA",
        "country": "Italy",
        "sources": "secoloditalia.it|GDELT Global Knowledge Graph",
        "source_count": 2
      }
    },
    {
      "type": "Feature",
      "geometry": {
        "type": "Point",
        "coordinates": [
          -5.388247995273818,
          55.03967239601663
        ]
      },
      "properties": {
        "id": "G2305F867",
        "type": "ufo",
        "date": "2026-10-01",
        "recent": true,
        "isNew": false,
        "title": "UFO experts claims US authorities  arent doing their job  ",
        "description": "Fuente: femalefirst.co.uk. País: United Kingdom. GDELT Global Knowledge Graph.",
        "witnesses": 0,
        "credibility": "MEDIA",
        "country": "United Kingdom",
        "sources": "femalefirst.co.uk|GDELT Global Knowledge Graph",
        "source_count": 2
      }
    },
    {
      "type": "Feature",
      "geometry": {
        "type": "Point",
        "coordinates": [
          -1.5021252405506633,
          0.18523099923925912
        ]
      },
      "properties": {
        "id": "G864B7943",
        "type": "ufo",
        "date": "2026-10-01",
        "recent": true,
        "isNew": false,
        "title": "What you need to know about Nuit Blanche 2026 in Toronto",
        "description": "Fuente: toronto.citynews.ca. País: ?. GDELT Global Knowledge Graph.",
        "witnesses": 0,
        "credibility": "MEDIA",
        "country": "",
        "sources": "toronto.citynews.ca|GDELT Global Knowledge Graph",
        "source_count": 2
      }
    },
    {
      "type": "Feature",
      "geometry": {
        "type": "Point",
        "coordinates": [
          0.06297622075434184,
          -0.15522468852541715
        ]
      },
      "properties": {
        "id": "G96D99F55",
        "type": "ufo",
        "date": "2026-10-01",
        "recent": true,
        "isNew": false,
        "title": "Weekend need - to - know : Pull an all - nighter at Nuit Blanche this weekend",
        "description": "Fuente: toronto.citynews.ca. País: ?. GDELT Global Knowledge Graph.",
        "witnesses": 0,
        "credibility": "MEDIA",
        "country": "",
        "sources": "toronto.citynews.ca|GDELT Global Knowledge Graph",
        "source_count": 2
      }
    },
    {
      "type": "Feature",
      "geometry": {
        "type": "Point",
        "coordinates": [
          104.62186237944901,
          36.38780131484874
        ]
      },
      "properties": {
        "id": "G8B964F4B",
        "type": "ufo",
        "date": "2026-10-01",
        "recent": true,
        "isNew": false,
        "title": "亚运会射击项目中国队16金8银4铜 新人崛起刷新纪录 _ 新闻频道 _ 中华网",
        "description": "Fuente: news.china.com. País: China. GDELT Global Knowledge Graph.",
        "witnesses": 0,
        "credibility": "MEDIA",
        "country": "China",
        "sources": "news.china.com|GDELT Global Knowledge Graph",
        "source_count": 2
      }
    },
    {
      "type": "Feature",
      "geometry": {
        "type": "Point",
        "coordinates": [
          133.63308272480197,
          -24.910096499980277
        ]
      },
      "properties": {
        "id": "G6EEB10AF",
        "type": "ufo",
        "date": "2026-10-01",
        "recent": true,
        "isNew": false,
        "title": "UFO experts claims US authorities  arent doing their job  ",
        "description": "Fuente: perthnow.com.au. País: Australia. GDELT Global Knowledge Graph.",
        "witnesses": 0,
        "credibility": "MEDIA",
        "country": "Australia",
        "sources": "perthnow.com.au|GDELT Global Knowledge Graph",
        "source_count": 2
      }
    },
    {
      "type": "Feature",
      "geometry": {
        "type": "Point",
        "coordinates": [
          -6.411835500455597,
          40.43762951046072
        ]
      },
      "properties": {
        "id": "G4E2EB844",
        "type": "ufo",
        "date": "2026-10-01",
        "recent": true,
        "isNew": false,
        "title": "OVNI na Starship ? Mistério na transmissão da SpaceX deixa dúvida",
        "description": "Fuente: pplware.sapo.pt. País: Portugal. GDELT Global Knowledge Graph.",
        "witnesses": 0,
        "credibility": "MEDIA",
        "country": "Portugal",
        "sources": "pplware.sapo.pt|GDELT Global Knowledge Graph",
        "source_count": 2
      }
    },
    {
      "type": "Feature",
      "geometry": {
        "type": "Point",
        "coordinates": [
          106.14206262690125,
          34.55921784426967
        ]
      },
      "properties": {
        "id": "G6215116B",
        "type": "ufo",
        "date": "2026-10-01",
        "recent": true,
        "isNew": false,
        "title": "亚运会射击项目收官 ， 中国队16金完成新周期  中考  任务 新京报",
        "description": "Fuente: bjnews.com.cn. País: China. GDELT Global Knowledge Graph.",
        "witnesses": 0,
        "credibility": "MEDIA",
        "country": "China",
        "sources": "bjnews.com.cn|GDELT Global Knowledge Graph",
        "source_count": 2
      }
    },
    {
      "type": "Feature",
      "geometry": {
        "type": "Point",
        "coordinates": [
          139.24801465283915,
          35.89049565873964
        ]
      },
      "properties": {
        "id": "GE57CAD93",
        "type": "ufo",
        "date": "2026-10-01",
        "recent": true,
        "isNew": false,
        "title": "UPerfect BE173BU Portable Monitor Review : Big , Bright , Sharp , Fast and Colorful",
        "description": "Fuente: cnet.com. País: Japan. GDELT Global Knowledge Graph.",
        "witnesses": 0,
        "credibility": "MEDIA",
        "country": "Japan",
        "sources": "cnet.com|GDELT Global Knowledge Graph",
        "source_count": 2
      }
    },
    {
      "type": "Feature",
      "geometry": {
        "type": "Point",
        "coordinates": [
          10.774678907758444,
          43.40016668638141
        ]
      },
      "properties": {
        "id": "G2616CC10",
        "type": "ufo",
        "date": "2026-10-01",
        "recent": true,
        "isNew": false,
        "title": "Il Foglio , il M5s e la conferenza sugli Ufo a Palazzo Valentini – LITALIANO",
        "description": "Fuente: litaliano.it. País: Italy. GDELT Global Knowledge Graph.",
        "witnesses": 0,
        "credibility": "MEDIA",
        "country": "Italy",
        "sources": "litaliano.it|GDELT Global Knowledge Graph",
        "source_count": 2
      }
    },
    {
      "type": "Feature",
      "geometry": {
        "type": "Point",
        "coordinates": [
          105.92555770448708,
          36.99263101681819
        ]
      },
      "properties": {
        "id": "G769A6CBE",
        "type": "ufo",
        "date": "2026-10-01",
        "recent": true,
        "isNew": false,
        "title": "不到两万元 ！ 华为Mate 90秒变真  相机 ， 四颗麒麟炸场|长焦|max|ryyb",
        "description": "Fuente: 163.com. País: China. GDELT Global Knowledge Graph.",
        "witnesses": 0,
        "credibility": "MEDIA",
        "country": "China",
        "sources": "163.com|GDELT Global Knowledge Graph",
        "source_count": 2
      }
    },
    {
      "type": "Feature",
      "geometry": {
        "type": "Point",
        "coordinates": [
          10.875755352479946,
          41.025416328016455
        ]
      },
      "properties": {
        "id": "G6A4BC5EA",
        "type": "lights_ground",
        "date": "2026-10-01",
        "recent": true,
        "isNew": false,
        "title": "Il centro cerca casa nel campo largo | veti strategie e possibili federatori",
        "description": "Fuente: zazoom.it. País: Italy. GDELT Global Knowledge Graph.",
        "witnesses": 0,
        "credibility": "MEDIA",
        "country": "Italy",
        "sources": "zazoom.it|GDELT Global Knowledge Graph",
        "source_count": 2
      }
    },
    {
      "type": "Feature",
      "geometry": {
        "type": "Point",
        "coordinates": [
          12.726327737752012,
          42.9051487894724
        ]
      },
      "properties": {
        "id": "G2C62A711",
        "type": "ufo",
        "date": "2026-10-01",
        "recent": true,
        "isNew": false,
        "title": "Il Foglio il M5s e la conferenza sugli Ufo a Palazzo Valentini",
        "description": "Fuente: zazoom.it. País: Italy. GDELT Global Knowledge Graph.",
        "witnesses": 0,
        "credibility": "MEDIA",
        "country": "Italy",
        "sources": "zazoom.it|GDELT Global Knowledge Graph",
        "source_count": 2
      }
    },
    {
      "type": "Feature",
      "geometry": {
        "type": "Point",
        "coordinates": [
          105.83905686866477,
          35.55684787712475
        ]
      },
      "properties": {
        "id": "G5B9D92C6",
        "type": "ufo",
        "date": "2026-10-01",
        "recent": true,
        "isNew": false,
        "title": "华为Mate 90系列及全场景新品发布会举行 ， 多款重磅新品亮相",
        "description": "Fuente: finance.sina.com.cn. País: China. GDELT Global Knowledge Graph.",
        "witnesses": 0,
        "credibility": "MEDIA",
        "country": "China",
        "sources": "finance.sina.com.cn|GDELT Global Knowledge Graph",
        "source_count": 2
      }
    },
    {
      "type": "Feature",
      "geometry": {
        "type": "Point",
        "coordinates": [
          11.3994160815102,
          41.995416796099896
        ]
      },
      "properties": {
        "id": "G0318B525",
        "type": "ufo",
        "date": "2026-10-01",
        "recent": true,
        "isNew": false,
        "title": "I dipinti nascosti saranno mostrati soltanto in foto",
        "description": "Fuente: zazoom.it. País: Italy. GDELT Global Knowledge Graph.",
        "witnesses": 0,
        "credibility": "MEDIA",
        "country": "Italy",
        "sources": "zazoom.it|GDELT Global Knowledge Graph",
        "source_count": 2
      }
    },
    {
      "type": "Feature",
      "geometry": {
        "type": "Point",
        "coordinates": [
          -99.29481924067167,
          39.32928673370371
        ]
      },
      "properties": {
        "id": "GAF925674",
        "type": "ufo",
        "date": "2026-10-01",
        "recent": true,
        "isNew": false,
        "title": "Le armi united states nello spazio ? 17 piccoli satelliti che fanno da sentinelle in orbita",
        "description": "Fuente: zazoom.it. País: Italy. GDELT Global Knowledge Graph.",
        "witnesses": 0,
        "credibility": "MEDIA",
        "country": "Italy",
        "sources": "zazoom.it|GDELT Global Knowledge Graph",
        "source_count": 2
      }
    },
    {
      "type": "Feature",
      "geometry": {
        "type": "Point",
        "coordinates": [
          103.74810958300534,
          35.850173846827815
        ]
      },
      "properties": {
        "id": "G6E0843CC",
        "type": "ufo",
        "date": "2026-10-01",
        "recent": true,
        "isNew": false,
        "title": "华为全新音频系列HUAWEI FreeBuds Neo发布 ： 先锋美学 ， 一眼见新 ， 售价699元",
        "description": "Fuente: mobile.zol.com.cn. País: China. GDELT Global Knowledge Graph.",
        "witnesses": 0,
        "credibility": "MEDIA",
        "country": "China",
        "sources": "mobile.zol.com.cn|GDELT Global Knowledge Graph",
        "source_count": 2
      }
    },
    {
      "type": "Feature",
      "geometry": {
        "type": "Point",
        "coordinates": [
          -101.67074909649955,
          24.55238909987802
        ]
      },
      "properties": {
        "id": "G51139E13",
        "type": "ufo",
        "date": "2026-10-01",
        "recent": true,
        "isNew": false,
        "title": "Los cinco podcasts más escuchados en México : terror y comedia lideran las listas",
        "description": "Fuente: excelsior.com.mx. País: Mexico. GDELT Global Knowledge Graph.",
        "witnesses": 0,
        "credibility": "MEDIA",
        "country": "Mexico",
        "sources": "excelsior.com.mx|GDELT Global Knowledge Graph",
        "source_count": 2
      }
    },
    {
      "type": "Feature",
      "geometry": {
        "type": "Point",
        "coordinates": [
          11.139406463656746,
          50.99887527203365
        ]
      },
      "properties": {
        "id": "G64700C65",
        "type": "ufo",
        "date": "2026-10-01",
        "recent": true,
        "isNew": false,
        "title": "Funky Taurus Media - Music Photo Agency & Products - Funky Taurus & George Clinton - UFO Brooklyn",
        "description": "Fuente: funkytaurusmedia.com. País: Germany. GDELT Global Knowledge Graph.",
        "witnesses": 0,
        "credibility": "MEDIA",
        "country": "Germany",
        "sources": "GDELT Global Knowledge Graph|funkytaurusmedia.com",
        "source_count": 2
      }
    },
    {
      "type": "Feature",
      "geometry": {
        "type": "Point",
        "coordinates": [
          10.230892848235806,
          50.096278684700984
        ]
      },
      "properties": {
        "id": "G08745837",
        "type": "ufo",
        "date": "2026-10-01",
        "recent": true,
        "isNew": false,
        "title": "Funky Taurus Media - Music Photo Agency & Products - Funky Taurus & George Clinton - UFO Brooklyn",
        "description": "Fuente: funkytaurusmedia.com. País: Germany. GDELT Global Knowledge Graph.",
        "witnesses": 0,
        "credibility": "MEDIA",
        "country": "Germany",
        "sources": "funkytaurusmedia.com|GDELT Global Knowledge Graph",
        "source_count": 2
      }
    },
    {
      "type": "Feature",
      "geometry": {
        "type": "Point",
        "coordinates": [
          1.9623541117450247,
          -1.7112204908438953
        ]
      },
      "properties": {
        "id": "GEB9AA5E8",
        "type": "ufo",
        "date": "2026-10-01",
        "recent": true,
        "isNew": false,
        "title": "Американски войник стрелял по НЛО по време на Корейската война , куршумите рикоширали",
        "description": "Fuente: dnes.bg. País: Bulgaria. GDELT Global Knowledge Graph.",
        "witnesses": 0,
        "credibility": "MEDIA",
        "country": "Bulgaria",
        "sources": "dnes.bg|GDELT Global Knowledge Graph",
        "source_count": 2
      }
    },
    {
      "type": "Feature",
      "geometry": {
        "type": "Point",
        "coordinates": [
          10.004560593923376,
          49.725444087482046
        ]
      },
      "properties": {
        "id": "GC8309145",
        "type": "ufo",
        "date": "2026-10-01",
        "recent": true,
        "isNew": false,
        "title": "Funky Taurus Media - Music Photo Agency & Products - Funky Taurus & George Clinton - UFO Brooklyn",
        "description": "Fuente: funkytaurusmedia.com. País: Germany. GDELT Global Knowledge Graph.",
        "witnesses": 0,
        "credibility": "MEDIA",
        "country": "Germany",
        "sources": "funkytaurusmedia.com|GDELT Global Knowledge Graph",
        "source_count": 2
      }
    },
    {
      "type": "Feature",
      "geometry": {
        "type": "Point",
        "coordinates": [
          10.57988563351045,
          49.58881112326831
        ]
      },
      "properties": {
        "id": "GD4727E09",
        "type": "ufo",
        "date": "2026-10-01",
        "recent": true,
        "isNew": false,
        "title": "Funky Taurus Media - Music Photo Agency & Products - Funky Taurus & George Clinton - UFO Brooklyn",
        "description": "Fuente: funkytaurusmedia.com. País: Germany. GDELT Global Knowledge Graph.",
        "witnesses": 0,
        "credibility": "MEDIA",
        "country": "Germany",
        "sources": "funkytaurusmedia.com|GDELT Global Knowledge Graph",
        "source_count": 2
      }
    },
    {
      "type": "Feature",
      "geometry": {
        "type": "Point",
        "coordinates": [
          -2.3512139395843183,
          55.6119228770156
        ]
      },
      "properties": {
        "id": "G53CF7E35",
        "type": "ufo",
        "date": "2026-10-01",
        "recent": true,
        "isNew": false,
        "title": "GTA Online Weekly Update : October 1 - 7 - Power Up Gaming",
        "description": "Fuente: powerupgaming.co.uk. País: United Kingdom. GDELT Global Knowledge Graph.",
        "witnesses": 0,
        "credibility": "MEDIA",
        "country": "United Kingdom",
        "sources": "powerupgaming.co.uk|GDELT Global Knowledge Graph",
        "source_count": 2
      }
    },
    {
      "type": "Feature",
      "geometry": {
        "type": "Point",
        "coordinates": [
          -53.10112890844829,
          -12.459534741093655
        ]
      },
      "properties": {
        "id": "G4F552633",
        "type": "ufo",
        "date": "2026-10-01",
        "recent": true,
        "isNew": false,
        "title": "Plínio Trump , Mick Jagger and Samurai Taxi Driver keep Brazil tradition of joke candidates alive",
        "description": "Fuente: ksl.com. País: United States. GDELT Global Knowledge Graph.",
        "witnesses": 0,
        "credibility": "MEDIA",
        "country": "United States",
        "sources": "ksl.com|GDELT Global Knowledge Graph",
        "source_count": 2
      }
    },
    {
      "type": "Feature",
      "geometry": {
        "type": "Point",
        "coordinates": [
          0.5994856026343269,
          0.5594035967886852
        ]
      },
      "properties": {
        "id": "GCE68A7F3",
        "type": "ufo",
        "date": "2026-10-01",
        "recent": true,
        "isNew": false,
        "title": "1 . Oktober 1976 : Der Wiener Auslandsschlachthof St . Marx , die  Arena  wird geschlossen",
        "description": "Fuente: sn.at. País: Austria. GDELT Global Knowledge Graph.",
        "witnesses": 0,
        "credibility": "MEDIA",
        "country": "Austria",
        "sources": "sn.at|GDELT Global Knowledge Graph",
        "source_count": 2
      }
    },
    {
      "type": "Feature",
      "geometry": {
        "type": "Point",
        "coordinates": [
          11.237613604695555,
          53.005159315691735
        ]
      },
      "properties": {
        "id": "GC8B72E1D",
        "type": "ufo",
        "date": "2026-10-01",
        "recent": true,
        "isNew": false,
        "title": "Funky Taurus Media - Music Photo Agency & Products - Funky Taurus & George Clinton - UFO Brooklyn",
        "description": "Fuente: funkytaurusmedia.com. País: Germany. GDELT Global Knowledge Graph.",
        "witnesses": 0,
        "credibility": "MEDIA",
        "country": "Germany",
        "sources": "funkytaurusmedia.com|GDELT Global Knowledge Graph",
        "source_count": 2
      }
    },
    {
      "type": "Feature",
      "geometry": {
        "type": "Point",
        "coordinates": [
          10.268690784407429,
          52.20112050731345
        ]
      },
      "properties": {
        "id": "GDA4A741F",
        "type": "ufo",
        "date": "2026-10-01",
        "recent": true,
        "isNew": false,
        "title": "Funky Taurus Media - Music Photo Agency & Products - Funky Taurus & George Clinton - UFO Brooklyn",
        "description": "Fuente: funkytaurusmedia.com. País: Germany. GDELT Global Knowledge Graph.",
        "witnesses": 0,
        "credibility": "MEDIA",
        "country": "Germany",
        "sources": "funkytaurusmedia.com|GDELT Global Knowledge Graph",
        "source_count": 2
      }
    },
    {
      "type": "Feature",
      "geometry": {
        "type": "Point",
        "coordinates": [
          11.903516239061718,
          50.1960707693498
        ]
      },
      "properties": {
        "id": "G977E78B0",
        "type": "ufo",
        "date": "2026-10-01",
        "recent": true,
        "isNew": false,
        "title": "Funky Taurus Media - Music Photo Agency & Products - Funky Taurus & George Clinton - UFO Brooklyn",
        "description": "Fuente: funkytaurusmedia.com. País: Germany. GDELT Global Knowledge Graph.",
        "witnesses": 0,
        "credibility": "MEDIA",
        "country": "Germany",
        "sources": "funkytaurusmedia.com|GDELT Global Knowledge Graph",
        "source_count": 2
      }
    },
    {
      "type": "Feature",
      "geometry": {
        "type": "Point",
        "coordinates": [
          -98.161093558234,
          40.356324322225724
        ]
      },
      "properties": {
        "id": "G13DC50C6",
        "type": "ufo",
        "date": "2026-10-01",
        "recent": true,
        "isNew": false,
        "title": "Has Amelia Earhart plane been found ? ",
        "description": "Fuente: themarysue.com. País: United States. GDELT Global Knowledge Graph.",
        "witnesses": 0,
        "credibility": "MEDIA",
        "country": "United States",
        "sources": "themarysue.com|GDELT Global Knowledge Graph",
        "source_count": 2
      }
    },
    {
      "type": "Feature",
      "geometry": {
        "type": "Point",
        "coordinates": [
          -1.1911463252069834,
          -1.190860837552418
        ]
      },
      "properties": {
        "id": "G7343081A",
        "type": "ufo",
        "date": "2026-09-30",
        "recent": true,
        "isNew": false,
        "title": "Prinsesse Madeleine i sort satin og sofistikerede blonder",
        "description": "Fuente: billedbladet.dk. País: Denmark. GDELT Global Knowledge Graph.",
        "witnesses": 0,
        "credibility": "MEDIA",
        "country": "Denmark",
        "sources": "billedbladet.dk|GDELT Global Knowledge Graph",
        "source_count": 2
      }
    },
    {
      "type": "Feature",
      "geometry": {
        "type": "Point",
        "coordinates": [
          10.781076948608597,
          52.98746633083003
        ]
      },
      "properties": {
        "id": "G48F91B13",
        "type": "ufo",
        "date": "2026-09-30",
        "recent": true,
        "isNew": false,
        "title": "Funky Taurus Media - Music Photo Agency & Products - Funky Taurus & George Clinton - UFO Brooklyn",
        "description": "Fuente: funkytaurusmedia.com. País: Germany. GDELT Global Knowledge Graph.",
        "witnesses": 0,
        "credibility": "MEDIA",
        "country": "Germany",
        "sources": "funkytaurusmedia.com|GDELT Global Knowledge Graph",
        "source_count": 2
      }
    },
    {
      "type": "Feature",
      "geometry": {
        "type": "Point",
        "coordinates": [
          0.9180850623191024,
          -1.802641870083371
        ]
      },
      "properties": {
        "id": "G0D8EF4DC",
        "type": "ufo",
        "date": "2026-09-30",
        "recent": true,
        "isNew": false,
        "title": "חקר 700 חטיפות חייזרים : מה גרם לו להאמין באלוהים",
        "description": "Fuente: walla.co.il. País: Israel. GDELT Global Knowledge Graph.",
        "witnesses": 0,
        "credibility": "MEDIA",
        "country": "Israel",
        "sources": "GDELT Global Knowledge Graph|walla.co.il",
        "source_count": 2
      }
    },
    {
      "type": "Feature",
      "geometry": {
        "type": "Point",
        "coordinates": [
          -96.97032036748084,
          37.261809533447966
        ]
      },
      "properties": {
        "id": "GCB576C1A",
        "type": "ufo",
        "date": "2026-09-30",
        "recent": true,
        "isNew": false,
        "title": "Weather Is A Go For Oct 4 Saturn Opposition Viewing Across Idaho",
        "description": "Fuente: kezj.com. País: United States. GDELT Global Knowledge Graph.",
        "witnesses": 0,
        "credibility": "MEDIA",
        "country": "United States",
        "sources": "kezj.com|GDELT Global Knowledge Graph",
        "source_count": 2
      }
    },
    {
      "type": "Feature",
      "geometry": {
        "type": "Point",
        "coordinates": [
          -99.54738236273624,
          37.22933307942463
        ]
      },
      "properties": {
        "id": "G8F80C367",
        "type": "ufo",
        "date": "2026-09-30",
        "recent": true,
        "isNew": false,
        "title": "Weather Is A Go For Oct 4 Saturn Opposition Viewing Across Idaho",
        "description": "Fuente: newsradio1310.com. País: United States. GDELT Global Knowledge Graph.",
        "witnesses": 0,
        "credibility": "MEDIA",
        "country": "United States",
        "sources": "newsradio1310.com|GDELT Global Knowledge Graph",
        "source_count": 2
      }
    },
    {
      "type": "Feature",
      "geometry": {
        "type": "Point",
        "coordinates": [
          -99.04662195903511,
          37.75534457419678
        ]
      },
      "properties": {
        "id": "GE4E9CCC5",
        "type": "ufo",
        "date": "2026-09-30",
        "recent": true,
        "isNew": false,
        "title": "Weather Is A Go For Oct 4 Saturn Opposition Viewing Across Idaho",
        "description": "Fuente: kool965.com. País: United States. GDELT Global Knowledge Graph.",
        "witnesses": 0,
        "credibility": "MEDIA",
        "country": "United States",
        "sources": "kool965.com|GDELT Global Knowledge Graph",
        "source_count": 2
      }
    },
    {
      "type": "Feature",
      "geometry": {
        "type": "Point",
        "coordinates": [
          -104.82694147161178,
          57.85291322932489
        ]
      },
      "properties": {
        "id": "GD1071D96",
        "type": "lights_sky",
        "date": "2026-09-30",
        "recent": true,
        "isNew": false,
        "title": "LEDVANCE and WESCO Deliver Turnkey Lighting Upgrade for Toyota Brossard",
        "description": "Fuente: intelligencer.ca. País: Canada. GDELT Global Knowledge Graph.",
        "witnesses": 0,
        "credibility": "MEDIA",
        "country": "Canada",
        "sources": "intelligencer.ca|GDELT Global Knowledge Graph",
        "source_count": 2
      }
    },
    {
      "type": "Feature",
      "geometry": {
        "type": "Point",
        "coordinates": [
          -1.5015018490880214,
          0.4918608970191709
        ]
      },
      "properties": {
        "id": "G08751F7B",
        "type": "ufo",
        "date": "2026-09-30",
        "recent": true,
        "isNew": false,
        "title": "Dronning Letizia i dramatisk kappekjole til statsbanket : Kjolen er slet ikke hendes",
        "description": "Fuente: billedbladet.dk. País: Denmark. GDELT Global Knowledge Graph.",
        "witnesses": 0,
        "credibility": "MEDIA",
        "country": "Denmark",
        "sources": "billedbladet.dk|GDELT Global Knowledge Graph",
        "source_count": 2
      }
    },
    {
      "type": "Feature",
      "geometry": {
        "type": "Point",
        "coordinates": [
          -0.4857885367059165,
          1.50780808195614
        ]
      },
      "properties": {
        "id": "GBCFD2AF7",
        "type": "ufo",
        "date": "2026-09-30",
        "recent": true,
        "isNew": false,
        "title": "Storhertuginde Stéphanie hyldede sine gæster på raffineret vis",
        "description": "Fuente: billedbladet.dk. País: Denmark. GDELT Global Knowledge Graph.",
        "witnesses": 0,
        "credibility": "MEDIA",
        "country": "Denmark",
        "sources": "billedbladet.dk|GDELT Global Knowledge Graph",
        "source_count": 2
      }
    },
    {
      "type": "Feature",
      "geometry": {
        "type": "Point",
        "coordinates": [
          12.353467006794471,
          50.089378386379416
        ]
      },
      "properties": {
        "id": "GF5B620AA",
        "type": "ufo",
        "date": "2026-09-30",
        "recent": true,
        "isNew": false,
        "title": "Funky Taurus Media - Music Photo Agency & Products - Funky Taurus & George Clinton - UFO Brooklyn",
        "description": "Fuente: funkytaurusmedia.com. País: Germany. GDELT Global Knowledge Graph.",
        "witnesses": 0,
        "credibility": "MEDIA",
        "country": "Germany",
        "sources": "funkytaurusmedia.com|GDELT Global Knowledge Graph",
        "source_count": 2
      }
    },
    {
      "type": "Feature",
      "geometry": {
        "type": "Point",
        "coordinates": [
          0.4758154768894878,
          1.7945512719894032
        ]
      },
      "properties": {
        "id": "G17A7D873",
        "type": "lights_sky",
        "date": "2026-09-30",
        "recent": true,
        "isNew": false,
        "title": "LEDVANCE and WESCO Deliver Turnkey Lighting Upgrade for Toyota Brossard",
        "description": "Fuente: manilatimes.net. País: Philippines. GDELT Global Knowledge Graph.",
        "witnesses": 0,
        "credibility": "MEDIA",
        "country": "Philippines",
        "sources": "manilatimes.net|GDELT Global Knowledge Graph",
        "source_count": 2
      }
    },
    {
      "type": "Feature",
      "geometry": {
        "type": "Point",
        "coordinates": [
          -1.4086206675229085,
          0.241577786679271
        ]
      },
      "properties": {
        "id": "G88BD16A2",
        "type": "ufo",
        "date": "2026-09-30",
        "recent": true,
        "isNew": false,
        "title": "  Serial chciały zobaczyć , nie UFO , ale telewizor się popsuł . Co nadleciało pod Łódź ? ",
        "description": "Fuente: wiadomosci.onet.pl. País: Poland. GDELT Global Knowledge Graph.",
        "witnesses": 0,
        "credibility": "MEDIA",
        "country": "Poland",
        "sources": "wiadomosci.onet.pl|GDELT Global Knowledge Graph",
        "source_count": 2
      }
    },
    {
      "type": "Feature",
      "geometry": {
        "type": "Point",
        "coordinates": [
          -50.230984739665985,
          -13.52970116829994
        ]
      },
      "properties": {
        "id": "G50EB1AE2",
        "type": "ufo",
        "date": "2026-09-30",
        "recent": true,
        "isNew": false,
        "title": "Plínio Trump , Mick Jagger and Samurai Taxi Driver keep Brazil tradition of joke candidates alive",
        "description": "Fuente: abcnews.com. País: United States. GDELT Global Knowledge Graph.",
        "witnesses": 0,
        "credibility": "MEDIA",
        "country": "United States",
        "sources": "abcnews.com|GDELT Global Knowledge Graph",
        "source_count": 2
      }
    },
    {
      "type": "Feature",
      "geometry": {
        "type": "Point",
        "coordinates": [
          -51.51512284899761,
          -15.357099498810735
        ]
      },
      "properties": {
        "id": "GDEEED503",
        "type": "ufo",
        "date": "2026-09-30",
        "recent": true,
        "isNew": false,
        "title": "Plínio Trump , Mick Jagger and Samurai Taxi Driver keep Brazil tradition of joke candidates alive",
        "description": "Fuente: kob.com. País: United States. GDELT Global Knowledge Graph.",
        "witnesses": 0,
        "credibility": "MEDIA",
        "country": "United States",
        "sources": "kob.com|GDELT Global Knowledge Graph",
        "source_count": 2
      }
    },
    {
      "type": "Feature",
      "geometry": {
        "type": "Point",
        "coordinates": [
          -97.31754107834186,
          38.618929769989236
        ]
      },
      "properties": {
        "id": "GCC777DCA",
        "type": "ufo",
        "date": "2026-09-30",
        "recent": true,
        "isNew": false,
        "title": "Halloween Horror Nights 2026 : Ranking Every HHN 35 Haunted House at Universal Orlando",
        "description": "Fuente: denofgeek.com. País: United States. GDELT Global Knowledge Graph.",
        "witnesses": 0,
        "credibility": "MEDIA",
        "country": "United States",
        "sources": "denofgeek.com|GDELT Global Knowledge Graph",
        "source_count": 2
      }
    },
    {
      "type": "Feature",
      "geometry": {
        "type": "Point",
        "coordinates": [
          -99.57323229914033,
          38.98742030401201
        ]
      },
      "properties": {
        "id": "G1676A90C",
        "type": "ufo",
        "date": "2026-09-30",
        "recent": true,
        "isNew": false,
        "title": "Weather Is A Go For Oct 4 Saturn Opposition Viewing Across Idaho",
        "description": "Fuente: 983thesnake.com. País: United States. GDELT Global Knowledge Graph.",
        "witnesses": 0,
        "credibility": "MEDIA",
        "country": "United States",
        "sources": "983thesnake.com|GDELT Global Knowledge Graph",
        "source_count": 2
      }
    },
    {
      "type": "Feature",
      "geometry": {
        "type": "Point",
        "coordinates": [
          11.71639728937824,
          51.195765487193036
        ]
      },
      "properties": {
        "id": "GC2073606",
        "type": "ufo",
        "date": "2026-09-30",
        "recent": true,
        "isNew": false,
        "title": "Funky Taurus Media - Music Photo Agency & Products - Funky Taurus & George Clinton - UFO Brooklyn",
        "description": "Fuente: funkytaurusmedia.com. País: Germany. GDELT Global Knowledge Graph.",
        "witnesses": 0,
        "credibility": "MEDIA",
        "country": "Germany",
        "sources": "funkytaurusmedia.com|GDELT Global Knowledge Graph",
        "source_count": 2
      }
    },
    {
      "type": "Feature",
      "geometry": {
        "type": "Point",
        "coordinates": [
          -53.156521402948265,
          -12.873311597057073
        ]
      },
      "properties": {
        "id": "G894D5FB9",
        "type": "ufo",
        "date": "2026-09-30",
        "recent": true,
        "isNew": false,
        "title": "Plínio Trump , Mick Jagger and Samurai Taxi Driver keep Brazil tradition of joke candidates alive",
        "description": "Fuente: ksat.com. País: United States. GDELT Global Knowledge Graph.",
        "witnesses": 0,
        "credibility": "MEDIA",
        "country": "United States",
        "sources": "ksat.com|GDELT Global Knowledge Graph",
        "source_count": 2
      }
    },
    {
      "type": "Feature",
      "geometry": {
        "type": "Point",
        "coordinates": [
          -97.27515341490655,
          37.127797474462696
        ]
      },
      "properties": {
        "id": "G2750283D",
        "type": "ufo",
        "date": "2026-09-30",
        "recent": true,
        "isNew": false,
        "title": "Why Anoka Ranks Among The World Top Halloween Destinations",
        "description": "Fuente: wjon.com. País: United States. GDELT Global Knowledge Graph.",
        "witnesses": 0,
        "credibility": "MEDIA",
        "country": "United States",
        "sources": "wjon.com|GDELT Global Knowledge Graph",
        "source_count": 2
      }
    },
    {
      "type": "Feature",
      "geometry": {
        "type": "Point",
        "coordinates": [
          -52.43172713850885,
          -14.744449085730901
        ]
      },
      "properties": {
        "id": "G56E252EF",
        "type": "ufo",
        "date": "2026-09-30",
        "recent": true,
        "isNew": false,
        "title": "Plínio Trump , Mick Jagger and Samurai Taxi Driver keep Brazil tradition of joke candidates alive",
        "description": "Fuente: isp.netscape.com. País: United States. GDELT Global Knowledge Graph.",
        "witnesses": 0,
        "credibility": "MEDIA",
        "country": "United States",
        "sources": "isp.netscape.com|GDELT Global Knowledge Graph",
        "source_count": 2
      }
    },
    {
      "type": "Feature",
      "geometry": {
        "type": "Point",
        "coordinates": [
          11.328755731603227,
          50.00330674869832
        ]
      },
      "properties": {
        "id": "G1795C08E",
        "type": "ufo",
        "date": "2026-09-30",
        "recent": true,
        "isNew": false,
        "title": "Funky Taurus Media - Music Photo Agency & Products - Funky Taurus & George Clinton - UFO Brooklyn",
        "description": "Fuente: funkytaurusmedia.com. País: Germany. GDELT Global Knowledge Graph.",
        "witnesses": 0,
        "credibility": "MEDIA",
        "country": "Germany",
        "sources": "funkytaurusmedia.com|GDELT Global Knowledge Graph",
        "source_count": 2
      }
    },
    {
      "type": "Feature",
      "geometry": {
        "type": "Point",
        "coordinates": [
          -51.318256518431,
          -12.933730866421534
        ]
      },
      "properties": {
        "id": "G382CF3A5",
        "type": "ufo",
        "date": "2026-09-30",
        "recent": true,
        "isNew": false,
        "title": "Plínio Trump , Mick Jagger and Samurai Taxi Driver keep Brazil tradition of joke candidates alive",
        "description": "Fuente: wral.com. País: United States. GDELT Global Knowledge Graph.",
        "witnesses": 0,
        "credibility": "MEDIA",
        "country": "United States",
        "sources": "wral.com|GDELT Global Knowledge Graph",
        "source_count": 2
      }
    },
    {
      "type": "Feature",
      "geometry": {
        "type": "Point",
        "coordinates": [
          -98.03490059808881,
          38.04569182058362
        ]
      },
      "properties": {
        "id": "G5F04E2DC",
        "type": "ufo",
        "date": "2026-09-30",
        "recent": true,
        "isNew": false,
        "title": "Why Anoka Ranks Among The World Top Halloween Destinations",
        "description": "Fuente: power96radio.com. País: United States. GDELT Global Knowledge Graph.",
        "witnesses": 0,
        "credibility": "MEDIA",
        "country": "United States",
        "sources": "GDELT Global Knowledge Graph|kfilradio.com|volumeone.org|power96radio.com",
        "source_count": 4
      }
    },
    {
      "type": "Feature",
      "geometry": {
        "type": "Point",
        "coordinates": [
          -99.30498643286472,
          40.345156161889015
        ]
      },
      "properties": {
        "id": "G210B7196",
        "type": "ufo",
        "date": "2026-09-30",
        "recent": true,
        "isNew": false,
        "title": "Under Autumn Spell ( October 2026 Wallpapers Edition ) Smashing Magazine",
        "description": "Fuente: smashingmagazine.com. País: United States. GDELT Global Knowledge Graph.",
        "witnesses": 0,
        "credibility": "MEDIA",
        "country": "United States",
        "sources": "smashingmagazine.com|GDELT Global Knowledge Graph",
        "source_count": 2
      }
    },
    {
      "type": "Feature",
      "geometry": {
        "type": "Point",
        "coordinates": [
          27.099443168674267,
          60.86342367198618
        ]
      },
      "properties": {
        "id": "G3C221BD4",
        "type": "ufo",
        "date": "2026-09-30",
        "recent": true,
        "isNew": false,
        "title": "Outo valoilmiö SpaceX : n suorassa lähetyksessä – UFO - harrastajat innostuivat – Stara . fi",
        "description": "Fuente: stara.fi. País: Finland. GDELT Global Knowledge Graph.",
        "witnesses": 0,
        "credibility": "MEDIA",
        "country": "Finland",
        "sources": "stara.fi|GDELT Global Knowledge Graph",
        "source_count": 2
      }
    },
    {
      "type": "Feature",
      "geometry": {
        "type": "Point",
        "coordinates": [
          105.50249300446626,
          63.31247129248997
        ]
      },
      "properties": {
        "id": "G144E3B15",
        "type": "ufo",
        "date": "2026-09-30",
        "recent": true,
        "isNew": false,
        "title": "At present , Latvia has no evidence that Russia might directly invade any of NATO member states",
        "description": "Fuente: baltictimes.com. País: Latvia. GDELT Global Knowledge Graph.",
        "witnesses": 0,
        "credibility": "MEDIA",
        "country": "Latvia",
        "sources": "baltictimes.com|GDELT Global Knowledge Graph",
        "source_count": 2
      }
    },
    {
      "type": "Feature",
      "geometry": {
        "type": "Point",
        "coordinates": [
          1.7880220723009583,
          -1.1872380765231645
        ]
      },
      "properties": {
        "id": "G8AA546AB",
        "type": "ufo",
        "date": "2026-09-30",
        "recent": true,
        "isNew": false,
        "title": "Fyrstinde Charlene af Monaco og storhertuginde Stéphanie af Luxembourg møder Paven i Dior og Prada",
        "description": "Fuente: billedbladet.dk. País: Denmark. GDELT Global Knowledge Graph.",
        "witnesses": 0,
        "credibility": "MEDIA",
        "country": "Denmark",
        "sources": "billedbladet.dk|GDELT Global Knowledge Graph",
        "source_count": 2
      }
    },
    {
      "type": "Feature",
      "geometry": {
        "type": "Point",
        "coordinates": [
          105.072428418484,
          36.96529530110021
        ]
      },
      "properties": {
        "id": "G95123A32",
        "type": "ufo",
        "date": "2026-09-30",
        "recent": true,
        "isNew": false,
        "title": "已收获143枚金牌 ！ 中国代表团刷新多项亚运会纪录",
        "description": "Fuente: sxdaily.com.cn. País: China. GDELT Global Knowledge Graph.",
        "witnesses": 0,
        "credibility": "MEDIA",
        "country": "China",
        "sources": "sxdaily.com.cn|GDELT Global Knowledge Graph",
        "source_count": 2
      }
    },
    {
      "type": "Feature",
      "geometry": {
        "type": "Point",
        "coordinates": [
          -4.042169261592798,
          55.05867563382847
        ]
      },
      "properties": {
        "id": "G8FFC0A80",
        "type": "ufo",
        "date": "2026-09-30",
        "recent": true,
        "isNew": false,
        "title": "Results for the Six Months Ended 30 June 2026 | Company Announcement",
        "description": "Fuente: investegate.co.uk. País: United Kingdom. GDELT Global Knowledge Graph.",
        "witnesses": 0,
        "credibility": "MEDIA",
        "country": "United Kingdom",
        "sources": "investegate.co.uk|GDELT Global Knowledge Graph",
        "source_count": 2
      }
    },
    {
      "type": "Feature",
      "geometry": {
        "type": "Point",
        "coordinates": [
          -1.8413877132555698,
          -1.9689609693205137
        ]
      },
      "properties": {
        "id": "G77BE1DB2",
        "type": "ufo",
        "date": "2026-09-30",
        "recent": true,
        "isNew": false,
        "title": "Lenovo Yoga Mini - Neobično simpatičan - Recenzije @ Bug . hr",
        "description": "Fuente: bug.hr. País: Croatia. GDELT Global Knowledge Graph.",
        "witnesses": 0,
        "credibility": "MEDIA",
        "country": "Croatia",
        "sources": "bug.hr|GDELT Global Knowledge Graph",
        "source_count": 2
      }
    },
    {
      "type": "Feature",
      "geometry": {
        "type": "Point",
        "coordinates": [
          -4.979036697533206,
          53.57924548189279
        ]
      },
      "properties": {
        "id": "G6743BA33",
        "type": "ufo",
        "date": "2026-09-30",
        "recent": true,
        "isNew": false,
        "title": "Spanish fighter jets scrambled AGAIN as  moving target  spotted after Russian onslaught",
        "description": "Fuente: mirror.co.uk. País: United Kingdom. GDELT Global Knowledge Graph.",
        "witnesses": 0,
        "credibility": "MEDIA",
        "country": "United Kingdom",
        "sources": "mirror.co.uk|GDELT Global Knowledge Graph",
        "source_count": 2
      }
    },
    {
      "type": "Feature",
      "geometry": {
        "type": "Point",
        "coordinates": [
          103.4959063301279,
          37.67785096072069
        ]
      },
      "properties": {
        "id": "G9E181FEC",
        "type": "ufo",
        "date": "2026-09-30",
        "recent": true,
        "isNew": false,
        "title": "亚运综合｜陈妤颉接力  逆袭  国羽女双  燃尽  ",
        "description": "Fuente: china.zjol.com.cn. País: China. GDELT Global Knowledge Graph.",
        "witnesses": 0,
        "credibility": "MEDIA",
        "country": "China",
        "sources": "GDELT Global Knowledge Graph|china.zjol.com.cn|163.com",
        "source_count": 3
      }
    },
    {
      "type": "Feature",
      "geometry": {
        "type": "Point",
        "coordinates": [
          -97.13224312976855,
          40.67027239783032
        ]
      },
      "properties": {
        "id": "G17A97012",
        "type": "ufo",
        "date": "2026-09-30",
        "recent": true,
        "isNew": false,
        "title": "Hot Spring County father fatally shoots son after verbal argument turns physical",
        "description": "Fuente: katv.com. País: United States. GDELT Global Knowledge Graph.",
        "witnesses": 0,
        "credibility": "MEDIA",
        "country": "United States",
        "sources": "katv.com|GDELT Global Knowledge Graph",
        "source_count": 2
      }
    },
    {
      "type": "Feature",
      "geometry": {
        "type": "Point",
        "coordinates": [
          12.461425358131335,
          51.12091418014726
        ]
      },
      "properties": {
        "id": "GEDF1F297",
        "type": "ufo",
        "date": "2026-09-29",
        "recent": true,
        "isNew": false,
        "title": "Funky Taurus Media - Music Photo Agency & Products - Funky Taurus & George Clinton - UFO Brooklyn",
        "description": "Fuente: funkytaurusmedia.com. País: Germany. GDELT Global Knowledge Graph.",
        "witnesses": 0,
        "credibility": "MEDIA",
        "country": "Germany",
        "sources": "funkytaurusmedia.com|GDELT Global Knowledge Graph",
        "source_count": 2
      }
    },
    {
      "type": "Feature",
      "geometry": {
        "type": "Point",
        "coordinates": [
          -98.89654595865424,
          40.28793353729868
        ]
      },
      "properties": {
        "id": "G98ECCBC7",
        "type": "ufo",
        "date": "2026-09-29",
        "recent": true,
        "isNew": false,
        "title": "Jump Festa 2027 : Shonen Power Systems Are Blueprints for Biology You Cannot Do Yet",
        "description": "Fuente: techtimes.com. País: United States. GDELT Global Knowledge Graph.",
        "witnesses": 0,
        "credibility": "MEDIA",
        "country": "United States",
        "sources": "techtimes.com|GDELT Global Knowledge Graph",
        "source_count": 2
      }
    },
    {
      "type": "Feature",
      "geometry": {
        "type": "Point",
        "coordinates": [
          -96.61618651048796,
          40.96049500807981
        ]
      },
      "properties": {
        "id": "G68CF4B07",
        "type": "ufo",
        "date": "2026-09-29",
        "recent": true,
        "isNew": false,
        "title": "A Signature Roadside Attraction in Maine Goes Up For Sale",
        "description": "Fuente: b985.fm. País: United States. GDELT Global Knowledge Graph.",
        "witnesses": 0,
        "credibility": "MEDIA",
        "country": "United States",
        "sources": "b985.fm|GDELT Global Knowledge Graph",
        "source_count": 2
      }
    },
    {
      "type": "Feature",
      "geometry": {
        "type": "Point",
        "coordinates": [
          -98.58740347103647,
          40.396216495194665
        ]
      },
      "properties": {
        "id": "GF2124887",
        "type": "ufo",
        "date": "2026-09-29",
        "recent": true,
        "isNew": false,
        "title": "A Signature Roadside Attraction in Maine Goes Up For Sale",
        "description": "Fuente: 92moose.fm. País: United States. GDELT Global Knowledge Graph.",
        "witnesses": 0,
        "credibility": "MEDIA",
        "country": "United States",
        "sources": "GDELT Global Knowledge Graph|portlandmercury.com|skeptic.com|92moose.fm",
        "source_count": 4
      }
    },
    {
      "type": "Feature",
      "geometry": {
        "type": "Point",
        "coordinates": [
          -98.22637421906224,
          38.53748472741788
        ]
      },
      "properties": {
        "id": "G70E7FAD2",
        "type": "ufo",
        "date": "2026-09-29",
        "recent": true,
        "isNew": false,
        "title": "A Signature Roadside Attraction in Maine Goes Up For Sale",
        "description": "Fuente: 949whom.com. País: United States. GDELT Global Knowledge Graph.",
        "witnesses": 0,
        "credibility": "MEDIA",
        "country": "United States",
        "sources": "GDELT Global Knowledge Graph|kpic.com|949whom.com",
        "source_count": 3
      }
    },
    {
      "type": "Feature",
      "geometry": {
        "type": "Point",
        "coordinates": [
          10.49188478310498,
          51.12018133204868
        ]
      },
      "properties": {
        "id": "G689180EE",
        "type": "ufo",
        "date": "2026-09-29",
        "recent": true,
        "isNew": false,
        "title": "Funky Taurus Media - Music Photo Agency & Products - Funky Taurus & George Clinton - UFO Brooklyn",
        "description": "Fuente: funkytaurusmedia.com. País: Germany. GDELT Global Knowledge Graph.",
        "witnesses": 0,
        "credibility": "MEDIA",
        "country": "Germany",
        "sources": "funkytaurusmedia.com|GDELT Global Knowledge Graph",
        "source_count": 2
      }
    },
    {
      "type": "Feature",
      "geometry": {
        "type": "Point",
        "coordinates": [
          -73.42905622694278,
          6.596121544161026
        ]
      },
      "properties": {
        "id": "G606215F7",
        "type": "contact",
        "date": "2026-09-29",
        "recent": true,
        "isNew": false,
        "title": "Avistamientos OVNI en Nevado del Tolima , Colombia : misterios , figuras de oro y teorías alienígenas",
        "description": "Fuente: pulzo.com. País: Colombia. GDELT Global Knowledge Graph.",
        "witnesses": 0,
        "credibility": "MEDIA",
        "country": "Colombia",
        "sources": "pulzo.com|GDELT Global Knowledge Graph",
        "source_count": 2
      }
    },
    {
      "type": "Feature",
      "geometry": {
        "type": "Point",
        "coordinates": [
          -96.07963390685501,
          39.73881364973023
        ]
      },
      "properties": {
        "id": "G562C75F5",
        "type": "ufo",
        "date": "2026-09-29",
        "recent": true,
        "isNew": false,
        "title": "America . gov launches as Trump new AI shortcut to federal services",
        "description": "Fuente: fox56.com. País: United States. GDELT Global Knowledge Graph.",
        "witnesses": 0,
        "credibility": "MEDIA",
        "country": "United States",
        "sources": "fox56.com|GDELT Global Knowledge Graph",
        "source_count": 2
      }
    },
    {
      "type": "Feature",
      "geometry": {
        "type": "Point",
        "coordinates": [
          12.132161980161777,
          52.80048237974228
        ]
      },
      "properties": {
        "id": "G168CF658",
        "type": "ufo",
        "date": "2026-09-29",
        "recent": true,
        "isNew": false,
        "title": "Funky Taurus Media - Music Photo Agency & Products - Funky Taurus & George Clinton - UFO Brooklyn",
        "description": "Fuente: funkytaurusmedia.com. País: Germany. GDELT Global Knowledge Graph.",
        "witnesses": 0,
        "credibility": "MEDIA",
        "country": "Germany",
        "sources": "hna.de|GDELT Global Knowledge Graph|funkytaurusmedia.com",
        "source_count": 3
      }
    },
    {
      "type": "Feature",
      "geometry": {
        "type": "Point",
        "coordinates": [
          -96.85252911928664,
          39.472164058635016
        ]
      },
      "properties": {
        "id": "G51306044",
        "type": "ufo",
        "date": "2026-09-29",
        "recent": true,
        "isNew": false,
        "title": "America . gov launches as Trump new AI shortcut to federal services",
        "description": "Fuente: local21news.com. País: United States. GDELT Global Knowledge Graph.",
        "witnesses": 0,
        "credibility": "MEDIA",
        "country": "United States",
        "sources": "local21news.com|GDELT Global Knowledge Graph",
        "source_count": 2
      }
    },
    {
      "type": "Feature",
      "geometry": {
        "type": "Point",
        "coordinates": [
          14.37257731842187,
          44.019855620338205
        ]
      },
      "properties": {
        "id": "GE46D0A78",
        "type": "ufo",
        "date": "2026-09-29",
        "recent": true,
        "isNew": false,
        "title": "Chi era Andrea Tempestini il giornalista vicedirettore di Libero Quotidiano trovato morto a 40 anni",
        "description": "Fuente: zazoom.it. País: Italy. GDELT Global Knowledge Graph.",
        "witnesses": 0,
        "credibility": "MEDIA",
        "country": "Italy",
        "sources": "zazoom.it|GDELT Global Knowledge Graph",
        "source_count": 2
      }
    },
    {
      "type": "Feature",
      "geometry": {
        "type": "Point",
        "coordinates": [
          -98.47082243748618,
          40.174105810494495
        ]
      },
      "properties": {
        "id": "GAE178D29",
        "type": "ufo",
        "date": "2026-09-29",
        "recent": true,
        "isNew": false,
        "title": "America . gov launches as Trump new AI shortcut to federal services",
        "description": "Fuente: fox23maine.com. País: United States. GDELT Global Knowledge Graph.",
        "witnesses": 0,
        "credibility": "MEDIA",
        "country": "United States",
        "sources": "fox23maine.com|GDELT Global Knowledge Graph",
        "source_count": 2
      }
    },
    {
      "type": "Feature",
      "geometry": {
        "type": "Point",
        "coordinates": [
          103.1934999665556,
          35.519559813683344
        ]
      },
      "properties": {
        "id": "GC21A727B",
        "type": "ufo",
        "date": "2026-09-29",
        "recent": true,
        "isNew": false,
        "title": "华为FreeBuds Neo开售 ： 自研第三代音频AI芯片 首发售价669元 - 手机快报 - ITBear科技资讯",
        "description": "Fuente: itbear.com.cn. País: China. GDELT Global Knowledge Graph.",
        "witnesses": 0,
        "credibility": "MEDIA",
        "country": "China",
        "sources": "itbear.com.cn|GDELT Global Knowledge Graph",
        "source_count": 2
      }
    },
    {
      "type": "Feature",
      "geometry": {
        "type": "Point",
        "coordinates": [
          -96.68540987704903,
          40.15653822228175
        ]
      },
      "properties": {
        "id": "GE83D1B5D",
        "type": "ufo",
        "date": "2026-09-29",
        "recent": true,
        "isNew": false,
        "title": "Redding Chico Eureka",
        "description": "Fuente: krcrtv.com. País: United States. GDELT Global Knowledge Graph.",
        "witnesses": 0,
        "credibility": "MEDIA",
        "country": "United States",
        "sources": "GDELT Global Knowledge Graph|local12.com|krcrtv.com",
        "source_count": 3
      }
    },
    {
      "type": "Feature",
      "geometry": {
        "type": "Point",
        "coordinates": [
          -96.20606568886375,
          37.48821408564045
        ]
      },
      "properties": {
        "id": "GD5523286",
        "type": "ufo",
        "date": "2026-09-29",
        "recent": true,
        "isNew": false,
        "title": "America . gov launches as Trump new AI shortcut to federal services",
        "description": "Fuente: nebraska.tv. País: United States. GDELT Global Knowledge Graph.",
        "witnesses": 0,
        "credibility": "MEDIA",
        "country": "United States",
        "sources": "nebraska.tv|GDELT Global Knowledge Graph",
        "source_count": 2
      }
    },
    {
      "type": "Feature",
      "geometry": {
        "type": "Point",
        "coordinates": [
          134.89358917670862,
          -23.96581361483672
        ]
      },
      "properties": {
        "id": "GBEC67CA0",
        "type": "ufo",
        "date": "2026-09-29",
        "recent": true,
        "isNew": false,
        "title": "  UFO  spotted during SpaceX Starship livestream",
        "description": "Fuente: perthnow.com.au. País: Australia. GDELT Global Knowledge Graph.",
        "witnesses": 0,
        "credibility": "MEDIA",
        "country": "Australia",
        "sources": "perthnow.com.au|GDELT Global Knowledge Graph",
        "source_count": 2
      }
    },
    {
      "type": "Feature",
      "geometry": {
        "type": "Point",
        "coordinates": [
          -98.45316661259209,
          38.235339660252464
        ]
      },
      "properties": {
        "id": "GEF26779D",
        "type": "ufo",
        "date": "2026-09-29",
        "recent": true,
        "isNew": false,
        "title": "A Signature Roadside Attraction in Maine Goes Up For Sale",
        "description": "Fuente: wjbq.com. País: United States. GDELT Global Knowledge Graph.",
        "witnesses": 0,
        "credibility": "MEDIA",
        "country": "United States",
        "sources": "wjbq.com|GDELT Global Knowledge Graph",
        "source_count": 2
      }
    },
    {
      "type": "Feature",
      "geometry": {
        "type": "Point",
        "coordinates": [
          11.954739272604517,
          50.52843660036001
        ]
      },
      "properties": {
        "id": "G1CD8950C",
        "type": "ufo",
        "date": "2026-09-29",
        "recent": true,
        "isNew": false,
        "title": "Funky Taurus Media - Music Photo Agency & Products - Funky Taurus & George Clinton - UFO Brooklyn",
        "description": "Fuente: funkytaurusmedia.com. País: Germany. GDELT Global Knowledge Graph.",
        "witnesses": 0,
        "credibility": "MEDIA",
        "country": "Germany",
        "sources": "funkytaurusmedia.com|GDELT Global Knowledge Graph",
        "source_count": 2
      }
    },
    {
      "type": "Feature",
      "geometry": {
        "type": "Point",
        "coordinates": [
          -99.11043508799766,
          39.03532724366785
        ]
      },
      "properties": {
        "id": "G0D8CEB34",
        "type": "ufo",
        "date": "2026-09-29",
        "recent": true,
        "isNew": false,
        "title": "AST SpaceMobile Rises 5 % as New Change - of - Control Severance Plan Fuels Buyout Speculation ; SpaceX and Rocket Lab Tick Up",
        "description": "Fuente: 247wallst.com. País: United States. GDELT Global Knowledge Graph.",
        "witnesses": 0,
        "credibility": "MEDIA",
        "country": "United States",
        "sources": "247wallst.com|GDELT Global Knowledge Graph",
        "source_count": 2
      }
    },
    {
      "type": "Feature",
      "geometry": {
        "type": "Point",
        "coordinates": [
          -98.40409006667764,
          37.44852686366993
        ]
      },
      "properties": {
        "id": "GCB24876E",
        "type": "ufo",
        "date": "2026-09-29",
        "recent": true,
        "isNew": false,
        "title": "Procure Space ETF ( NASDAQ : UFO ) Shares Will Pay Quarterly Dividend of $0 . 00",
        "description": "Fuente: dailypolitical.com. País: United States. GDELT Global Knowledge Graph.",
        "witnesses": 0,
        "credibility": "MEDIA",
        "country": "United States",
        "sources": "dailypolitical.com|GDELT Global Knowledge Graph",
        "source_count": 2
      }
    },
    {
      "type": "Feature",
      "geometry": {
        "type": "Point",
        "coordinates": [
          -2.6905322605992725,
          57.04143894041473
        ]
      },
      "properties": {
        "id": "GC6E09C01",
        "type": "ufo",
        "date": "2026-09-29",
        "recent": true,
        "isNew": false,
        "title": "Mysterious Object Allegedly Seen on SpaceX Livestream as Users State It  Looks Like a Mothership  ",
        "description": "Fuente: ibtimes.co.uk. País: United Kingdom. GDELT Global Knowledge Graph.",
        "witnesses": 0,
        "credibility": "MEDIA",
        "country": "United Kingdom",
        "sources": "ibtimes.co.uk|GDELT Global Knowledge Graph",
        "source_count": 2
      }
    },
    {
      "type": "Feature",
      "geometry": {
        "type": "Point",
        "coordinates": [
          11.102467201284842,
          49.638112882114356
        ]
      },
      "properties": {
        "id": "G762EB4C9",
        "type": "ufo",
        "date": "2026-09-29",
        "recent": true,
        "isNew": false,
        "title": "Funky Taurus Media - Music Photo Agency & Products - Funky Taurus & George Clinton - UFO Brooklyn",
        "description": "Fuente: funkytaurusmedia.com. País: Germany. GDELT Global Knowledge Graph.",
        "witnesses": 0,
        "credibility": "MEDIA",
        "country": "Germany",
        "sources": "funkytaurusmedia.com|GDELT Global Knowledge Graph",
        "source_count": 2
      }
    },
    {
      "type": "Feature",
      "geometry": {
        "type": "Point",
        "coordinates": [
          -3.468105556723635,
          53.43310875774397
        ]
      },
      "properties": {
        "id": "G155FE59E",
        "type": "ufo",
        "date": "2026-09-29",
        "recent": true,
        "isNew": false,
        "title": "The Witcher 3 remaster is everything I hoped it would be",
        "description": "Fuente: metro.co.uk. País: United Kingdom. GDELT Global Knowledge Graph.",
        "witnesses": 0,
        "credibility": "MEDIA",
        "country": "United Kingdom",
        "sources": "metro.co.uk|GDELT Global Knowledge Graph|express.co.uk",
        "source_count": 3
      }
    },
    {
      "type": "Feature",
      "geometry": {
        "type": "Point",
        "coordinates": [
          12.341035412306443,
          50.299579911720755
        ]
      },
      "properties": {
        "id": "GA9E558A0",
        "type": "ufo",
        "date": "2026-09-29",
        "recent": true,
        "isNew": false,
        "title": "Funky Taurus Media - Music Photo Agency & Products - Funky Taurus & George Clinton - UFO Brooklyn",
        "description": "Fuente: funkytaurusmedia.com. País: Germany. GDELT Global Knowledge Graph.",
        "witnesses": 0,
        "credibility": "MEDIA",
        "country": "Germany",
        "sources": "funkytaurusmedia.com|GDELT Global Knowledge Graph",
        "source_count": 2
      }
    },
    {
      "type": "Feature",
      "geometry": {
        "type": "Point",
        "coordinates": [
          102.34753256005241,
          37.59132617800532
        ]
      },
      "properties": {
        "id": "G9E8F5B08",
        "type": "ufo",
        "date": "2026-09-29",
        "recent": true,
        "isNew": false,
        "title": "华为FreeBuds Neo开售 ： 自研第三代音频AI芯片 首发售价669元",
        "description": "Fuente: citnews.com.cn. País: China. GDELT Global Knowledge Graph.",
        "witnesses": 0,
        "credibility": "MEDIA",
        "country": "China",
        "sources": "citnews.com.cn|GDELT Global Knowledge Graph",
        "source_count": 2
      }
    },
    {
      "type": "Feature",
      "geometry": {
        "type": "Point",
        "coordinates": [
          -5.184431335351433,
          55.92217689279554
        ]
      },
      "properties": {
        "id": "GE110B1EA",
        "type": "ufo",
        "date": "2026-09-29",
        "recent": true,
        "isNew": false,
        "title": "NATO jets scrambled after  mystery air threat  near Ukraine border",
        "description": "Fuente: dailyrecord.co.uk. País: United Kingdom. GDELT Global Knowledge Graph.",
        "witnesses": 0,
        "credibility": "MEDIA",
        "country": "United Kingdom",
        "sources": "dailyrecord.co.uk|GDELT Global Knowledge Graph",
        "source_count": 2
      }
    },
    {
      "type": "Feature",
      "geometry": {
        "type": "Point",
        "coordinates": [
          -3.2135539852177684,
          56.95767723139024
        ]
      },
      "properties": {
        "id": "G5BA0BEB5",
        "type": "contact",
        "date": "2026-09-29",
        "recent": true,
        "isNew": false,
        "title": "SpaceX Starship live feed viewers claim spot  alien mothership  in orbit",
        "description": "Fuente: express.co.uk. País: United Kingdom. GDELT Global Knowledge Graph.",
        "witnesses": 0,
        "credibility": "MEDIA",
        "country": "United Kingdom",
        "sources": "express.co.uk|GDELT Global Knowledge Graph",
        "source_count": 2
      }
    },
    {
      "type": "Feature",
      "geometry": {
        "type": "Point",
        "coordinates": [
          -98.54736124917429,
          38.99533616027658
        ]
      },
      "properties": {
        "id": "G139A8BC3",
        "type": "contact",
        "date": "2026-09-29",
        "recent": true,
        "isNew": false,
        "title": "Alien Visitors May Seek Human  Genes , Reproduction , USAF Whistleblower Dylan Borland Claims in Podcast",
        "description": "Fuente: ibtimes.co.uk. País: United Kingdom. GDELT Global Knowledge Graph.",
        "witnesses": 0,
        "credibility": "MEDIA",
        "country": "United Kingdom",
        "sources": "ibtimes.co.uk|GDELT Global Knowledge Graph",
        "source_count": 2
      }
    },
    {
      "type": "Feature",
      "geometry": {
        "type": "Point",
        "coordinates": [
          12.10631081581483,
          49.66231862304733
        ]
      },
      "properties": {
        "id": "G3F322A5A",
        "type": "ufo",
        "date": "2026-09-29",
        "recent": true,
        "isNew": false,
        "title": "Funky Taurus Media - Music Photo Agency & Products - Funky Taurus & George Clinton - UFO Brooklyn",
        "description": "Fuente: funkytaurusmedia.com. País: Germany. GDELT Global Knowledge Graph.",
        "witnesses": 0,
        "credibility": "MEDIA",
        "country": "Germany",
        "sources": "funkytaurusmedia.com|GDELT Global Knowledge Graph",
        "source_count": 2
      }
    },
    {
      "type": "Feature",
      "geometry": {
        "type": "Point",
        "coordinates": [
          77.63919489043899,
          21.47850129325629
        ]
      },
      "properties": {
        "id": "G7101CFB6",
        "type": "ufo",
        "date": "2026-09-29",
        "recent": true,
        "isNew": false,
        "title": "Korean Sci - Fi Thriller  Hope  Set to Release in India on October 23 , 2026",
        "description": "Fuente: deccanchronicle.com. País: India. GDELT Global Knowledge Graph.",
        "witnesses": 0,
        "credibility": "MEDIA",
        "country": "India",
        "sources": "deccanchronicle.com|GDELT Global Knowledge Graph",
        "source_count": 2
      }
    },
    {
      "type": "Feature",
      "geometry": {
        "type": "Point",
        "coordinates": [
          -4.067701763823356,
          56.18953693379456
        ]
      },
      "properties": {
        "id": "G289CCF1C",
        "type": "ufo",
        "date": "2026-09-29",
        "recent": true,
        "isNew": false,
        "title": "  Unidentified object  sparks NATO fighter jet rush to Ukraine border",
        "description": "Fuente: manchestereveningnews.co.uk. País: United Kingdom. GDELT Global Knowledge Graph.",
        "witnesses": 0,
        "credibility": "MEDIA",
        "country": "United Kingdom",
        "sources": "manchestereveningnews.co.uk|GDELT Global Knowledge Graph",
        "source_count": 2
      }
    },
    {
      "type": "Feature",
      "geometry": {
        "type": "Point",
        "coordinates": [
          10.469946779605724,
          51.76306066123624
        ]
      },
      "properties": {
        "id": "G087AFFBC",
        "type": "ufo",
        "date": "2026-09-29",
        "recent": true,
        "isNew": false,
        "title": "Funky Taurus Media - Music Photo Agency & Products - Funky Taurus & George Clinton - UFO Brooklyn",
        "description": "Fuente: funkytaurusmedia.com. País: Germany. GDELT Global Knowledge Graph.",
        "witnesses": 0,
        "credibility": "MEDIA",
        "country": "Germany",
        "sources": "funkytaurusmedia.com|GDELT Global Knowledge Graph",
        "source_count": 2
      }
    },
    {
      "type": "Feature",
      "geometry": {
        "type": "Point",
        "coordinates": [
          3.0664594021144413,
          44.397560680433976
        ]
      },
      "properties": {
        "id": "G56563B14",
        "type": "ufo",
        "date": "2026-09-29",
        "recent": true,
        "isNew": false,
        "title": "Mont - de - Marsan  : le rock psychédélique de Mafia Sofa en concert gratuit au CaféMusic",
        "description": "Fuente: sudouest.fr. País: France. GDELT Global Knowledge Graph.",
        "witnesses": 0,
        "credibility": "MEDIA",
        "country": "France",
        "sources": "sudouest.fr|GDELT Global Knowledge Graph",
        "source_count": 2
      }
    },
    {
      "type": "Feature",
      "geometry": {
        "type": "Point",
        "coordinates": [
          -97.35886521735253,
          39.68545647478254
        ]
      },
      "properties": {
        "id": "GD4A88393",
        "type": "ufo",
        "date": "2026-09-29",
        "recent": true,
        "isNew": false,
        "title": "10 Bizarre Places Electricity Is Hiding in Plain Sight",
        "description": "Fuente: listverse.com. País: United States. GDELT Global Knowledge Graph.",
        "witnesses": 0,
        "credibility": "MEDIA",
        "country": "United States",
        "sources": "GDELT Global Knowledge Graph|listverse.com|Yakima Herald-Republic|https://news.google.com/rss/articles/CBMi-wFBVV95cUxOU0hjMjVNc2ZEcXFZa2hlX0kwU0U",
        "source_count": 4
      }
    },
    {
      "type": "Feature",
      "geometry": {
        "type": "Point",
        "coordinates": [
          -63.79057576247919,
          -40.1202393916249
        ]
      },
      "properties": {
        "id": "G01DF6787",
        "type": "ufo",
        "date": "2026-09-29",
        "recent": true,
        "isNew": false,
        "title": "Los Ovnis y cables de alta tensión",
        "description": "Fuente: ellitoral.com.ar. País: Argentina. GDELT Global Knowledge Graph.",
        "witnesses": 0,
        "credibility": "MEDIA",
        "country": "Argentina",
        "sources": "ellitoral.com.ar|GDELT Global Knowledge Graph",
        "source_count": 2
      }
    },
    {
      "type": "Feature",
      "geometry": {
        "type": "Point",
        "coordinates": [
          11.477567665443752,
          49.594104980189826
        ]
      },
      "properties": {
        "id": "GC70B6C6C",
        "type": "ufo",
        "date": "2026-09-29",
        "recent": true,
        "isNew": false,
        "title": "Funky Taurus Media - Music Photo Agency & Products - Funky Taurus & George Clinton - UFO Brooklyn",
        "description": "Fuente: funkytaurusmedia.com. País: Germany. GDELT Global Knowledge Graph.",
        "witnesses": 0,
        "credibility": "MEDIA",
        "country": "Germany",
        "sources": "funkytaurusmedia.com|GDELT Global Knowledge Graph",
        "source_count": 2
      }
    },
    {
      "type": "Feature",
      "geometry": {
        "type": "Point",
        "coordinates": [
          -9.894519144724459,
          38.86604175152427
        ]
      },
      "properties": {
        "id": "G2A85AF83",
        "type": "ufo",
        "date": "2026-09-29",
        "recent": true,
        "isNew": false,
        "title": "Newsletter /  Aqui o papá não manda nada  e  o nome do pai  ",
        "description": "Fuente: observador.pt. País: Portugal. GDELT Global Knowledge Graph.",
        "witnesses": 0,
        "credibility": "MEDIA",
        "country": "Portugal",
        "sources": "observador.pt|GDELT Global Knowledge Graph",
        "source_count": 2
      }
    },
    {
      "type": "Feature",
      "geometry": {
        "type": "Point",
        "coordinates": [
          12.778217646697723,
          40.99821183281692
        ]
      },
      "properties": {
        "id": "G12E7EFE8",
        "type": "ufo",
        "date": "2026-09-29",
        "recent": true,
        "isNew": false,
        "title": "Tre ingegneri sani si ammalarono dopo un evento aerospaziale anomalo uno sviluppò segni di trasformazioni maligne come se fosse stato esposto a radiazioni",
        "description": "Fuente: zazoom.it. País: Italy. GDELT Global Knowledge Graph.",
        "witnesses": 0,
        "credibility": "MEDIA",
        "country": "Italy",
        "sources": "zazoom.it|GDELT Global Knowledge Graph",
        "source_count": 2
      }
    },
    {
      "type": "Feature",
      "geometry": {
        "type": "Point",
        "coordinates": [
          10.682204355207004,
          52.32024923221261
        ]
      },
      "properties": {
        "id": "GC75DD979",
        "type": "ufo",
        "date": "2026-09-29",
        "recent": true,
        "isNew": false,
        "title": "Funky Taurus Media - Music Photo Agency & Products - Funky Taurus & George Clinton - UFO Brooklyn",
        "description": "Fuente: funkytaurusmedia.com. País: Germany. GDELT Global Knowledge Graph.",
        "witnesses": 0,
        "credibility": "MEDIA",
        "country": "Germany",
        "sources": "GDELT Global Knowledge Graph|funkytaurusmedia.com",
        "source_count": 2
      }
    },
    {
      "type": "Feature",
      "geometry": {
        "type": "Point",
        "coordinates": [
          -3.500948037707967,
          56.07001184859041
        ]
      },
      "properties": {
        "id": "GEC03275E",
        "type": "ufo",
        "date": "2026-09-29",
        "recent": true,
        "isNew": false,
        "title": "NATO scrambles fighter jets as Russia launches massive attack - WW3 fears explode",
        "description": "Fuente: aol.co.uk. País: United Kingdom. GDELT Global Knowledge Graph.",
        "witnesses": 0,
        "credibility": "MEDIA",
        "country": "United Kingdom",
        "sources": "aol.co.uk|GDELT Global Knowledge Graph",
        "source_count": 2
      }
    },
    {
      "type": "Feature",
      "geometry": {
        "type": "Point",
        "coordinates": [
          -2.465142885735958,
          54.06760224598833
        ]
      },
      "properties": {
        "id": "GFA70D8EB",
        "type": "ufo",
        "date": "2026-09-29",
        "recent": true,
        "isNew": false,
        "title": "Diamond Drilling to Commence at Elizabeth Hill | Company Announcement",
        "description": "Fuente: investegate.co.uk. País: United Kingdom. GDELT Global Knowledge Graph.",
        "witnesses": 0,
        "credibility": "MEDIA",
        "country": "United Kingdom",
        "sources": "investegate.co.uk|GDELT Global Knowledge Graph",
        "source_count": 2
      }
    },
    {
      "type": "Feature",
      "geometry": {
        "type": "Point",
        "coordinates": [
          10.160570004457766,
          50.23749875824686
        ]
      },
      "properties": {
        "id": "G7CCC7B07",
        "type": "ufo",
        "date": "2026-09-29",
        "recent": true,
        "isNew": false,
        "title": "Funky Taurus Media - Music Photo Agency & Products - Funky Taurus & George Clinton - UFO Brooklyn",
        "description": "Fuente: funkytaurusmedia.com. País: Germany. GDELT Global Knowledge Graph.",
        "witnesses": 0,
        "credibility": "MEDIA",
        "country": "Germany",
        "sources": "funkytaurusmedia.com|GDELT Global Knowledge Graph",
        "source_count": 2
      }
    },
    {
      "type": "Feature",
      "geometry": {
        "type": "Point",
        "coordinates": [
          103.029492304103,
          37.354364115840134
        ]
      },
      "properties": {
        "id": "G5D49E773",
        "type": "ufo",
        "date": "2026-09-29",
        "recent": true,
        "isNew": false,
        "title": "亚运会女子多向飞碟个人赛 ： 孙瑜浓获银牌 ， 印度选手破纪录夺金",
        "description": "Fuente: 163.com. País: China. GDELT Global Knowledge Graph.",
        "witnesses": 0,
        "credibility": "MEDIA",
        "country": "China",
        "sources": "163.com|GDELT Global Knowledge Graph",
        "source_count": 2
      }
    },
    {
      "type": "Feature",
      "geometry": {
        "type": "Point",
        "coordinates": [
          -2.953657302663885,
          41.991132222030345
        ]
      },
      "properties": {
        "id": "G0F89DFFD",
        "type": "ufo",
        "date": "2026-09-29",
        "recent": true,
        "isNew": false,
        "title": "Desde el amanecer hasta el anochecer",
        "description": "Fuente: mundodeportivo.com. País: Spain. GDELT Global Knowledge Graph.",
        "witnesses": 0,
        "credibility": "MEDIA",
        "country": "Spain",
        "sources": "mundodeportivo.com|GDELT Global Knowledge Graph",
        "source_count": 2
      }
    },
    {
      "type": "Feature",
      "geometry": {
        "type": "Point",
        "coordinates": [
          103.96234201044929,
          36.49237314728745
        ]
      },
      "properties": {
        "id": "G7C21B363",
        "type": "ufo",
        "date": "2026-09-29",
        "recent": true,
        "isNew": false,
        "title": "亚运会男子多向飞碟赛 ： 奥运亚军齐迎进决赛 ， 中国队获团体第4名",
        "description": "Fuente: 163.com. País: China. GDELT Global Knowledge Graph.",
        "witnesses": 0,
        "credibility": "MEDIA",
        "country": "China",
        "sources": "163.com|GDELT Global Knowledge Graph",
        "source_count": 2
      }
    },
    {
      "type": "Feature",
      "geometry": {
        "type": "Point",
        "coordinates": [
          104.20957765553638,
          35.28225730784698
        ]
      },
      "properties": {
        "id": "GD51747B3",
        "type": "ufo",
        "date": "2026-09-29",
        "recent": true,
        "isNew": false,
        "title": "田径 、 羽毛球 、 举重今日收官 中国健儿冲刺金牌 _ 新闻频道 _ 中华网",
        "description": "Fuente: news.china.com. País: China. GDELT Global Knowledge Graph.",
        "witnesses": 0,
        "credibility": "MEDIA",
        "country": "China",
        "sources": "news.china.com|GDELT Global Knowledge Graph",
        "source_count": 2
      }
    },
    {
      "type": "Feature",
      "geometry": {
        "type": "Point",
        "coordinates": [
          -75.8113955595382,
          5.547944059577345
        ]
      },
      "properties": {
        "id": "G54E5FD37",
        "type": "ufo",
        "date": "2026-09-29",
        "recent": true,
        "isNew": false,
        "title": "Extraño objeto desconcertó a espectadores en el lanzamiento de Starship de Elon Musk : ¿ Nave nodriza ? ",
        "description": "Fuente: semana.com. País: Colombia. GDELT Global Knowledge Graph.",
        "witnesses": 0,
        "credibility": "MEDIA",
        "country": "Colombia",
        "sources": "semana.com|GDELT Global Knowledge Graph",
        "source_count": 2
      }
    },
    {
      "type": "Feature",
      "geometry": {
        "type": "Point",
        "coordinates": [
          -96.87278297161373,
          38.07741151569921
        ]
      },
      "properties": {
        "id": "G7C5A9F5A",
        "type": "ufo",
        "date": "2026-09-29",
        "recent": true,
        "isNew": false,
        "title": "Doug DeVany named full - time director of Lewis County Historical Museum",
        "description": "Fuente: chronline.com. País: United States. GDELT Global Knowledge Graph.",
        "witnesses": 0,
        "credibility": "MEDIA",
        "country": "United States",
        "sources": "chronline.com|GDELT Global Knowledge Graph",
        "source_count": 2
      }
    },
    {
      "type": "Feature",
      "geometry": {
        "type": "Point",
        "coordinates": [
          102.720362808972,
          36.54574954274755
        ]
      },
      "properties": {
        "id": "GA4DBB22F",
        "type": "ufo",
        "date": "2026-09-29",
        "recent": true,
        "isNew": false,
        "title": " 【 早报 】 亚马尔金球赔率突降 ！ 与凯恩并列第一 ！ ",
        "description": "Fuente: 163.com. País: China. GDELT Global Knowledge Graph.",
        "witnesses": 0,
        "credibility": "MEDIA",
        "country": "China",
        "sources": "163.com|GDELT Global Knowledge Graph",
        "source_count": 2
      }
    },
    {
      "type": "Feature",
      "geometry": {
        "type": "Point",
        "coordinates": [
          -5.339008682279862,
          56.795939139079685
        ]
      },
      "properties": {
        "id": "G29E76D36",
        "type": "contact",
        "date": "2026-09-28",
        "recent": true,
        "isNew": false,
        "title": "SpaceX Historic Launch Stunned Viewers as Alleged  UFO  Flew by on Livestream :  We Just Saw an Alien Mothership  ",
        "description": "Fuente: ibtimes.co.uk. País: United Kingdom. GDELT Global Knowledge Graph.",
        "witnesses": 0,
        "credibility": "MEDIA",
        "country": "United Kingdom",
        "sources": "ibtimes.co.uk|GDELT Global Knowledge Graph",
        "source_count": 2
      }
    },
    {
      "type": "Feature",
      "geometry": {
        "type": "Point",
        "coordinates": [
          -96.05556709705539,
          38.822384472752475
        ]
      },
      "properties": {
        "id": "GF36404C9",
        "type": "uso",
        "date": "2026-09-28",
        "recent": true,
        "isNew": false,
        "title": "Tag : sean _ parnell",
        "description": "Fuente: newsroomamerica.com. País: United States. GDELT Global Knowledge Graph.",
        "witnesses": 0,
        "credibility": "MEDIA",
        "country": "United States",
        "sources": "GDELT Global Knowledge Graph|ucsdguardian.org|newsroomamerica.com",
        "source_count": 3
      }
    },
    {
      "type": "Feature",
      "geometry": {
        "type": "Point",
        "coordinates": [
          -52.91288689680691,
          -12.655784822044378
        ]
      },
      "properties": {
        "id": "GD5BA56EC",
        "type": "ufo",
        "date": "2026-09-28",
        "recent": true,
        "isNew": false,
        "title": "Jão ganha doc sobre pausa na carreira ; veja o teaser divulgado pela Netflix",
        "description": "Fuente: uai.com.br. País: Brazil. GDELT Global Knowledge Graph.",
        "witnesses": 0,
        "credibility": "MEDIA",
        "country": "Brazil",
        "sources": "uai.com.br|GDELT Global Knowledge Graph",
        "source_count": 2
      }
    },
    {
      "type": "Feature",
      "geometry": {
        "type": "Point",
        "coordinates": [
          12.114680577894488,
          52.14196487692772
        ]
      },
      "properties": {
        "id": "GF84F1E9E",
        "type": "ufo",
        "date": "2026-09-28",
        "recent": true,
        "isNew": false,
        "title": "Funky Taurus Media - Music Photo Agency & Products - Funky Taurus & George Clinton - UFO Brooklyn",
        "description": "Fuente: funkytaurusmedia.com. País: Germany. GDELT Global Knowledge Graph.",
        "witnesses": 0,
        "credibility": "MEDIA",
        "country": "Germany",
        "sources": "funkytaurusmedia.com|GDELT Global Knowledge Graph",
        "source_count": 2
      }
    },
    {
      "type": "Feature",
      "geometry": {
        "type": "Point",
        "coordinates": [
          -96.8090713098162,
          38.36128957953479
        ]
      },
      "properties": {
        "id": "G7D401B97",
        "type": "contact",
        "date": "2026-09-28",
        "recent": true,
        "isNew": false,
        "title": "What Did UFO Whistleblower Dylan Borland Say About Aliens ? ",
        "description": "Fuente: brobible.com. País: United States. GDELT Global Knowledge Graph.",
        "witnesses": 0,
        "credibility": "MEDIA",
        "country": "United States",
        "sources": "brobible.com|GDELT Global Knowledge Graph",
        "source_count": 2
      }
    },
    {
      "type": "Feature",
      "geometry": {
        "type": "Point",
        "coordinates": [
          -97.36180870624938,
          37.72627990474963
        ]
      },
      "properties": {
        "id": "G6BC34EB4",
        "type": "ufo",
        "date": "2026-09-28",
        "recent": true,
        "isNew": false,
        "title": "A Pen Cap , a Metal Spring and a Chicken Bone Turned Up in 8 Patient Airways When Doctors Were Looking for Something Else",
        "description": "Fuente: medicaldaily.com. País: United States. GDELT Global Knowledge Graph.",
        "witnesses": 0,
        "credibility": "MEDIA",
        "country": "United States",
        "sources": "medicaldaily.com|GDELT Global Knowledge Graph",
        "source_count": 2
      }
    },
    {
      "type": "Feature",
      "geometry": {
        "type": "Point",
        "coordinates": [
          77.1063846967182,
          21.09390079996133
        ]
      },
      "properties": {
        "id": "G1CCAC7B5",
        "type": "uso",
        "date": "2026-09-28",
        "recent": true,
        "isNew": false,
        "title": "UFO researcher investigated 700 alleged alien abductions . He found one pattern that changed his belief about God",
        "description": "Fuente: economictimes.indiatimes.com. País: India. GDELT Global Knowledge Graph.",
        "witnesses": 0,
        "credibility": "MEDIA",
        "country": "India",
        "sources": "economictimes.indiatimes.com|GDELT Global Knowledge Graph",
        "source_count": 2
      }
    },
    {
      "type": "Feature",
      "geometry": {
        "type": "Point",
        "coordinates": [
          -96.73954179379642,
          38.582575267188744
        ]
      },
      "properties": {
        "id": "GDCAA6CCA",
        "type": "ufo",
        "date": "2026-09-28",
        "recent": true,
        "isNew": false,
        "title": "Busy 2 months for UFO sightings in New Jersey",
        "description": "Fuente: nj1015.com. País: United States. GDELT Global Knowledge Graph.",
        "witnesses": 0,
        "credibility": "MEDIA",
        "country": "United States",
        "sources": "nj1015.com|GDELT Global Knowledge Graph",
        "source_count": 2
      }
    },
    {
      "type": "Feature",
      "geometry": {
        "type": "Point",
        "coordinates": [
          10.60159343499967,
          49.89758850462492
        ]
      },
      "properties": {
        "id": "G6E337628",
        "type": "ufo",
        "date": "2026-09-28",
        "recent": true,
        "isNew": false,
        "title": "Nach Drohnen und mutmaßlicher Sabotage : Warnung vor russischer Eskalation in Europa",
        "description": "Fuente: merkur.de. País: Germany. GDELT Global Knowledge Graph.",
        "witnesses": 0,
        "credibility": "MEDIA",
        "country": "Germany",
        "sources": "merkur.de|GDELT Global Knowledge Graph",
        "source_count": 2
      }
    },
    {
      "type": "Feature",
      "geometry": {
        "type": "Point",
        "coordinates": [
          104.7153266158966,
          63.38052382410187
        ]
      },
      "properties": {
        "id": "GB65BE44D",
        "type": "ufo",
        "date": "2026-09-28",
        "recent": true,
        "isNew": false,
        "title": "НЛО , сатанинские * ритуалы и контроль сознания : какие легенды окружают Редстоунский арсенал",
        "description": "Fuente: life.ru. País: Russia. GDELT Global Knowledge Graph.",
        "witnesses": 0,
        "credibility": "MEDIA",
        "country": "Russia",
        "sources": "life.ru|GDELT Global Knowledge Graph",
        "source_count": 2
      }
    },
    {
      "type": "Feature",
      "geometry": {
        "type": "Point",
        "coordinates": [
          8.993057439119223,
          52.828813790793824
        ]
      },
      "properties": {
        "id": "G764CF701",
        "type": "ufo",
        "date": "2026-09-28",
        "recent": true,
        "isNew": false,
        "title": "Nach Drohnen und mutmaßlicher Sabotage : Warnung vor russischer Eskalation in Europa",
        "description": "Fuente: az-online.de. País: Germany. GDELT Global Knowledge Graph.",
        "witnesses": 0,
        "credibility": "MEDIA",
        "country": "Germany",
        "sources": "az-online.de|GDELT Global Knowledge Graph",
        "source_count": 2
      }
    },
    {
      "type": "Feature",
      "geometry": {
        "type": "Point",
        "coordinates": [
          8.951239915653863,
          52.149965041679195
        ]
      },
      "properties": {
        "id": "G02C97B4D",
        "type": "ufo",
        "date": "2026-09-28",
        "recent": true,
        "isNew": false,
        "title": "Nach Drohnen und mutmaßlicher Sabotage : Warnung vor russischer Eskalation in Europa",
        "description": "Fuente: kreiszeitung.de. País: Germany. GDELT Global Knowledge Graph.",
        "witnesses": 0,
        "credibility": "MEDIA",
        "country": "Germany",
        "sources": "kreiszeitung.de|GDELT Global Knowledge Graph",
        "source_count": 2
      }
    },
    {
      "type": "Feature",
      "geometry": {
        "type": "Point",
        "coordinates": [
          12.413489734260128,
          49.73408280672148
        ]
      },
      "properties": {
        "id": "GD9AE4A23",
        "type": "ufo",
        "date": "2026-09-28",
        "recent": true,
        "isNew": false,
        "title": "Nach Drohnen und mutmaßlicher Sabotage : Warnung vor russischer Eskalation in Europa",
        "description": "Fuente: tz.de. País: Germany. GDELT Global Knowledge Graph.",
        "witnesses": 0,
        "credibility": "MEDIA",
        "country": "Germany",
        "sources": "tz.de|GDELT Global Knowledge Graph",
        "source_count": 2
      }
    },
    {
      "type": "Feature",
      "geometry": {
        "type": "Point",
        "coordinates": [
          -4.561129866946268,
          57.18089861071733
        ]
      },
      "properties": {
        "id": "G3DBB3A99",
        "type": "ufo",
        "date": "2026-09-28",
        "recent": true,
        "isNew": false,
        "title": "UFO doomsday cult play When Prophecy Fails coming to Beacon",
        "description": "Fuente: greenocktelegraph.co.uk. País: United Kingdom. GDELT Global Knowledge Graph.",
        "witnesses": 0,
        "credibility": "MEDIA",
        "country": "United Kingdom",
        "sources": "greenocktelegraph.co.uk|GDELT Global Knowledge Graph",
        "source_count": 2
      }
    },
    {
      "type": "Feature",
      "geometry": {
        "type": "Point",
        "coordinates": [
          12.031356989832975,
          49.86028661962377
        ]
      },
      "properties": {
        "id": "G3EFE6B8C",
        "type": "ufo",
        "date": "2026-09-28",
        "recent": true,
        "isNew": false,
        "title": "Nach Drohnen und mutmaßlicher Sabotage : Warnung vor russischer Eskalation in Europa",
        "description": "Fuente: come-on.de. País: Germany. GDELT Global Knowledge Graph.",
        "witnesses": 0,
        "credibility": "MEDIA",
        "country": "Germany",
        "sources": "come-on.de|GDELT Global Knowledge Graph",
        "source_count": 2
      }
    },
    {
      "type": "Feature",
      "geometry": {
        "type": "Point",
        "coordinates": [
          9.768806328123478,
          50.66306674130634
        ]
      },
      "properties": {
        "id": "G62F5057C",
        "type": "ufo",
        "date": "2026-09-28",
        "recent": true,
        "isNew": false,
        "title": "Nach Drohnen und mutmaßlicher Sabotage : Warnung vor russischer Eskalation in Europa",
        "description": "Fuente: hna.de. País: Germany. GDELT Global Knowledge Graph.",
        "witnesses": 0,
        "credibility": "MEDIA",
        "country": "Germany",
        "sources": "hna.de|GDELT Global Knowledge Graph",
        "source_count": 2
      }
    },
    {
      "type": "Feature",
      "geometry": {
        "type": "Point",
        "coordinates": [
          12.26327855186595,
          51.78379631300279
        ]
      },
      "properties": {
        "id": "GF732E799",
        "type": "ufo",
        "date": "2026-09-28",
        "recent": true,
        "isNew": false,
        "title": "Nach Drohnen und mutmaßlicher Sabotage : Warnung vor russischer Eskalation in Europa",
        "description": "Fuente: op-online.de. País: Germany. GDELT Global Knowledge Graph.",
        "witnesses": 0,
        "credibility": "MEDIA",
        "country": "Germany",
        "sources": "op-online.de|GDELT Global Knowledge Graph",
        "source_count": 2
      }
    },
    {
      "type": "Feature",
      "geometry": {
        "type": "Point",
        "coordinates": [
          11.195326296241088,
          50.306654007708076
        ]
      },
      "properties": {
        "id": "G5355252C",
        "type": "ufo",
        "date": "2026-09-28",
        "recent": true,
        "isNew": false,
        "title": "Funky Taurus Media - Music Photo Agency & Products - Funky Taurus & George Clinton - UFO Brooklyn",
        "description": "Fuente: funkytaurusmedia.com. País: Germany. GDELT Global Knowledge Graph.",
        "witnesses": 0,
        "credibility": "MEDIA",
        "country": "Germany",
        "sources": "funkytaurusmedia.com|GDELT Global Knowledge Graph",
        "source_count": 2
      }
    },
    {
      "type": "Feature",
      "geometry": {
        "type": "Point",
        "coordinates": [
          -94.89552809623181,
          42.88265798299627
        ]
      },
      "properties": {
        "id": "G0B0628B3",
        "type": "ufo",
        "date": "2026-10-01",
        "recent": true,
        "isNew": false,
        "title": "Haywood County radio host captures possible UFO sighting on video - wbbjtv.com",
        "description": "Google News. Búsqueda: 'ufo sighting'. Fuente: wbbjtv.com.",
        "witnesses": 0,
        "credibility": "BAJA (señal noticiosa)",
        "country": "US",
        "sources": "wbbjtv.com|https://news.google.com/rss/articles/CBMijAFBVV95cUxONkFPZWlRbGwxOEtTajNEZDJuek5",
        "source_count": 2
      }
    },
    {
      "type": "Feature",
      "geometry": {
        "type": "Point",
        "coordinates": [
          -102.27612120549148,
          42.42953282374592
        ]
      },
      "properties": {
        "id": "G16E7EF14",
        "type": "ufo",
        "date": "2026-10-02",
        "recent": true,
        "isNew": false,
        "title": "Tennessee Radio Host Films ‘Amazing’ UFO Sighting: ‘It Just Started Fading In And Out’ - BroBible",
        "description": "Google News. Búsqueda: 'ufo sighting'. Fuente: BroBible.",
        "witnesses": 0,
        "credibility": "BAJA (señal noticiosa)",
        "country": "US",
        "sources": "BroBible|https://news.google.com/rss/articles/CBMid0FVX3lxTFAxV0JfakllLTN5NFgxUUdmWmg3N2Z",
        "source_count": 2
      }
    },
    {
      "type": "Feature",
      "geometry": {
        "type": "Point",
        "coordinates": [
          -93.30677920363149,
          37.56902113463213
        ]
      },
      "properties": {
        "id": "G3F12427D",
        "type": "ufo",
        "date": "2026-10-03",
        "recent": true,
        "isNew": false,
        "title": "Police Officer Witnesses 75-Foot, Circular UFO Hover Silently Over House - vocal.media",
        "description": "Google News. Búsqueda: 'ufo sighting'. Fuente: vocal.media.",
        "witnesses": 0,
        "credibility": "BAJA (señal noticiosa)",
        "country": "US",
        "sources": "vocal.media|https://news.google.com/rss/articles/CBMiogFBVV95cUxQZFdmV3NHTnhQeUVRVm1fTXpNR24",
        "source_count": 2
      }
    },
    {
      "type": "Feature",
      "geometry": {
        "type": "Point",
        "coordinates": [
          -95.05718580305174,
          40.56568368200624
        ]
      },
      "properties": {
        "id": "GFBC8B578",
        "type": "ufo",
        "date": "2026-09-30",
        "recent": true,
        "isNew": false,
        "title": "The 5 freakiest UFO sightings in Alaska history - The Alaska Current",
        "description": "Google News. Búsqueda: 'ufo sighting'. Fuente: The Alaska Current.",
        "witnesses": 0,
        "credibility": "BAJA (señal noticiosa)",
        "country": "US",
        "sources": "The Alaska Current|https://news.google.com/rss/articles/CBMickFVX3lxTFBPcHRMbXA2ZEh2VmZTeTdFWi02V3d",
        "source_count": 2
      }
    },
    {
      "type": "Feature",
      "geometry": {
        "type": "Point",
        "coordinates": [
          -100.32000122466403,
          34.99887854462659
        ]
      },
      "properties": {
        "id": "GE492383D",
        "type": "ufo",
        "date": "2026-09-18",
        "recent": true,
        "isNew": false,
        "title": "Pentagon releases more UFO files, including documents on secretive military program - CBS News",
        "description": "Google News. Búsqueda: 'ufo sighting'. Fuente: CBS News.",
        "witnesses": 0,
        "credibility": "BAJA (señal noticiosa)",
        "country": "US",
        "sources": "CBS News|https://news.google.com/rss/articles/CBMickFVX3lxTE5GenVudndBakoyT05oTDltSnppZTl",
        "source_count": 2
      }
    },
    {
      "type": "Feature",
      "geometry": {
        "type": "Point",
        "coordinates": [
          -98.76225756477821,
          39.70019528955584
        ]
      },
      "properties": {
        "id": "G3933BD1E",
        "type": "ufo",
        "date": "2026-09-18",
        "recent": true,
        "isNew": false,
        "title": "Pentagon: Military reports recent sightings of UFOs in Mideast - Washington Times",
        "description": "Google News. Búsqueda: 'ufo sighting'. Fuente: Washington Times.",
        "witnesses": 0,
        "credibility": "BAJA (señal noticiosa)",
        "country": "US",
        "sources": "Washington Times|https://news.google.com/rss/articles/CBMiqAFBVV95cUxNQTZiWklKWXdwRklIeDdtRTgyZUQ",
        "source_count": 2
      }
    },
    {
      "type": "Feature",
      "geometry": {
        "type": "Point",
        "coordinates": [
          -99.48741230034821,
          35.719423660274
        ]
      },
      "properties": {
        "id": "G71A818C5",
        "type": "ufo",
        "date": "2026-09-25",
        "recent": true,
        "isNew": false,
        "title": "Mystery Orbs Are Back Over Cody, And UFO Expert Can't Explain Them - Cowboy State Daily",
        "description": "Google News. Búsqueda: 'ufo sighting'. Fuente: Cowboy State Daily.",
        "witnesses": 0,
        "credibility": "BAJA (señal noticiosa)",
        "country": "US",
        "sources": "Cowboy State Daily|https://news.google.com/rss/articles/CBMirAFBVV95cUxNTUU2M2lndWRyWFRTYVdxTFd6SVJ",
        "source_count": 2
      }
    },
    {
      "type": "Feature",
      "geometry": {
        "type": "Point",
        "coordinates": [
          -99.08158998247202,
          38.3278704345226
        ]
      },
      "properties": {
        "id": "G139B2328",
        "type": "ufo",
        "date": "2026-09-21",
        "recent": true,
        "isNew": false,
        "title": "50 Years After '1976 UFO Sighting', Another Mystery Object Hovers Over Tehran - NDTV",
        "description": "Google News. Búsqueda: 'ufo sighting'. Fuente: NDTV.",
        "witnesses": 0,
        "credibility": "BAJA (señal noticiosa)",
        "country": "US",
        "sources": "NDTV|https://news.google.com/rss/articles/CBMirgFBVV95cUxQanZmTVFvV3YtcDRGWGszNmpWNk5",
        "source_count": 2
      }
    },
    {
      "type": "Feature",
      "geometry": {
        "type": "Point",
        "coordinates": [
          -100.34413270025057,
          36.12382079275065
        ]
      },
      "properties": {
        "id": "GF637EAF7",
        "type": "contact",
        "date": "2026-09-29",
        "recent": true,
        "isNew": false,
        "title": "‘UFO or alien mothership?’ Mysterious streak in Starship Flight 14 livestream sparks wild theories - The News International",
        "description": "Google News. Búsqueda: 'ufo sighting'. Fuente: The News International.",
        "witnesses": 0,
        "credibility": "BAJA (señal noticiosa)",
        "country": "US",
        "sources": "The News International|https://news.google.com/rss/articles/CBMi0wFBVV95cUxPNlpGTjBEY1ZCNVUtdG9OaDM2S3Z",
        "source_count": 2
      }
    },
    {
      "type": "Feature",
      "geometry": {
        "type": "Point",
        "coordinates": [
          -98.01655083778878,
          34.69135584972162
        ]
      },
      "properties": {
        "id": "G86B42209",
        "type": "ufo",
        "date": "2026-08-07",
        "recent": true,
        "isNew": false,
        "title": "Pentagon releases fresh batch of UFO files - BBC",
        "description": "Google News. Búsqueda: 'ufo sighting'. Fuente: BBC.",
        "witnesses": 0,
        "credibility": "BAJA (señal noticiosa)",
        "country": "US",
        "sources": "BBC|https://news.google.com/rss/articles/CBMiWkFVX3lxTFBGNjdZaXNSbFNGN1dHdk1tQkx0aXo",
        "source_count": 2
      }
    },
    {
      "type": "Feature",
      "geometry": {
        "type": "Point",
        "coordinates": [
          -94.38351338001465,
          37.19686802438634
        ]
      },
      "properties": {
        "id": "GB6300F9F",
        "type": "uso",
        "date": "2026-10-02",
        "recent": true,
        "isNew": false,
        "title": "This Halloween season, experience a close encounter with UFO legends Betty and Barney Hill - manchester.inklink.news",
        "description": "Google News. Búsqueda: 'alien encounter'. Fuente: manchester.inklink.news.",
        "witnesses": 0,
        "credibility": "BAJA (señal noticiosa)",
        "country": "US",
        "sources": "manchester.inklink.news|https://news.google.com/rss/articles/CBMivwFBVV95cUxPUjJoUzBRbldPSklUMWpfNVBBbzd",
        "source_count": 2
      }
    },
    {
      "type": "Feature",
      "geometry": {
        "type": "Point",
        "coordinates": [
          -100.48101336814545,
          36.35806708144364
        ]
      },
      "properties": {
        "id": "G67E8AF23",
        "type": "contact",
        "date": "2026-08-28",
        "recent": true,
        "isNew": false,
        "title": "Close Encounter of the Funky Kind: Statesboro Alien Returns Home - WJCL",
        "description": "Google News. Búsqueda: 'alien encounter'. Fuente: WJCL.",
        "witnesses": 0,
        "credibility": "BAJA (señal noticiosa)",
        "country": "US",
        "sources": "WJCL|https://news.google.com/rss/articles/CBMiowFBVV95cUxPYW9VNWhjUHBWUG5xYl8zTTF3NEg",
        "source_count": 2
      }
    },
    {
      "type": "Feature",
      "geometry": {
        "type": "Point",
        "coordinates": [
          -98.18169018339285,
          41.774549539387905
        ]
      },
      "properties": {
        "id": "G2BF9B205",
        "type": "contact",
        "date": "2026-08-28",
        "recent": true,
        "isNew": false,
        "title": "Abducted alien returns home to Statesboro shop - FOX 5 Atlanta",
        "description": "Google News. Búsqueda: 'alien encounter'. Fuente: FOX 5 Atlanta.",
        "witnesses": 0,
        "credibility": "BAJA (señal noticiosa)",
        "country": "US",
        "sources": "FOX 5 Atlanta|https://news.google.com/rss/articles/CBMinwFBVV95cUxNUE13SGZLMHMzYmtoTVd4UkxQNEF",
        "source_count": 2
      }
    },
    {
      "type": "Feature",
      "geometry": {
        "type": "Point",
        "coordinates": [
          -102.44395577390114,
          40.505264453315164
        ]
      },
      "properties": {
        "id": "GEF7F48F4",
        "type": "contact",
        "date": "2026-09-03",
        "recent": true,
        "isNew": false,
        "title": "Oscar Winner, 62, Reveals Bizarre ‘Alien’ Encounter - thedailybeast.com",
        "description": "Google News. Búsqueda: 'alien encounter'. Fuente: thedailybeast.com.",
        "witnesses": 0,
        "credibility": "BAJA (señal noticiosa)",
        "country": "US",
        "sources": "thedailybeast.com|https://news.google.com/rss/articles/CBMijwFBVV95cUxOV3U1ZjcwUXFYZFY5aElVcnZxQnR",
        "source_count": 2
      }
    },
    {
      "type": "Feature",
      "geometry": {
        "type": "Point",
        "coordinates": [
          -97.46256630000136,
          42.7359302038025
        ]
      },
      "properties": {
        "id": "GBD6577F0",
        "type": "contact",
        "date": "2026-07-14",
        "recent": true,
        "isNew": false,
        "title": "We’re just as confused by James Franco’s alien video as you are - KTLA",
        "description": "Google News. Búsqueda: 'alien encounter'. Fuente: KTLA.",
        "witnesses": 0,
        "credibility": "BAJA (señal noticiosa)",
        "country": "US",
        "sources": "KTLA|https://news.google.com/rss/articles/CBMimAFBVV95cUxQUkxWSnY5enFFc1JoQW1QeGFIYXQ",
        "source_count": 2
      }
    },
    {
      "type": "Feature",
      "geometry": {
        "type": "Point",
        "coordinates": [
          -101.10719875541082,
          37.9284347037147
        ]
      },
      "properties": {
        "id": "GF64AF5D3",
        "type": "contact",
        "date": "2026-06-24",
        "recent": true,
        "isNew": false,
        "title": "The first alien abduction and the great Mystery Airship Flap of 1896 - Guinness World Records",
        "description": "Google News. Búsqueda: 'alien encounter'. Fuente: Guinness World Records.",
        "witnesses": 0,
        "credibility": "BAJA (señal noticiosa)",
        "country": "US",
        "sources": "Guinness World Records|https://news.google.com/rss/articles/CBMiuAFBVV95cUxQcnNjMGpiczEtX2dOQ2l4SEs4dld",
        "source_count": 2
      }
    },
    {
      "type": "Feature",
      "geometry": {
        "type": "Point",
        "coordinates": [
          -93.40593122959353,
          41.00459340219908
        ]
      },
      "properties": {
        "id": "G2780AD84",
        "type": "contact",
        "date": "2026-09-19",
        "recent": true,
        "isNew": false,
        "title": "In 1961, a woman described a terrifying UFO encounter in New Hampshire: Her drawing from the incident was - The Economic Times",
        "description": "Google News. Búsqueda: 'alien encounter'. Fuente: The Economic Times.",
        "witnesses": 0,
        "credibility": "BAJA (señal noticiosa)",
        "country": "US",
        "sources": "The Economic Times|https://news.google.com/rss/articles/CBMiyAJBVV95cUxPWU1JaTY3SS1VRVNZMG9SS1ItVkF",
        "source_count": 2
      }
    },
    {
      "type": "Feature",
      "geometry": {
        "type": "Point",
        "coordinates": [
          -98.29833818518668,
          41.97329223007305
        ]
      },
      "properties": {
        "id": "G4E7718CB",
        "type": "contact",
        "date": "2026-07-14",
        "recent": true,
        "isNew": false,
        "title": "Neil deGrasse Tyson wants you to be ready for an alien encounter. Here’s how he’d make first contact - BBC Sky at Night Magazine",
        "description": "Google News. Búsqueda: 'alien encounter'. Fuente: BBC Sky at Night Magazine.",
        "witnesses": 0,
        "credibility": "BAJA (señal noticiosa)",
        "country": "US",
        "sources": "BBC Sky at Night Magazine|https://news.google.com/rss/articles/CBMiiAFBVV95cUxPSkF3TGlSNDZtS2NtUWZ2Vi13M0U",
        "source_count": 2
      }
    },
    {
      "type": "Feature",
      "geometry": {
        "type": "Point",
        "coordinates": [
          -95.70943708852971,
          43.156858270638786
        ]
      },
      "properties": {
        "id": "GBAD04794",
        "type": "contact",
        "date": "2026-06-14",
        "recent": true,
        "isNew": false,
        "title": "Longing for an alien encounter? Hit the backyard. | Opinion - The Portland Press Herald",
        "description": "Google News. Búsqueda: 'alien encounter'. Fuente: The Portland Press Herald.",
        "witnesses": 0,
        "credibility": "BAJA (señal noticiosa)",
        "country": "US",
        "sources": "The Portland Press Herald|https://news.google.com/rss/articles/CBMiT0FVX3lxTE8zMjlIRnA4RVdqSzJKZWdPV3E2TjN",
        "source_count": 2
      }
    },
    {
      "type": "Feature",
      "geometry": {
        "type": "Point",
        "coordinates": [
          -98.11363999663035,
          36.48731833979926
        ]
      },
      "properties": {
        "id": "GA5CD3B7D",
        "type": "uso",
        "date": "2026-05-08",
        "recent": true,
        "isNew": false,
        "title": "Presidential Unsealing and Reporting System for UAP Encounters (PURSUE) - U.S. Department of War (.gov)",
        "description": "Google News. Búsqueda: 'alien encounter'. Fuente: U.S. Department of War (.gov).",
        "witnesses": 0,
        "credibility": "BAJA (señal noticiosa)",
        "country": "US",
        "sources": "U.S. Department of War (.gov)|https://news.google.com/rss/articles/CBMiPEFVX3lxTE81SlIyNXc5SFBlVkYwdDlFTjVWZnh",
        "source_count": 2
      }
    },
    {
      "type": "Feature",
      "geometry": {
        "type": "Point",
        "coordinates": [
          -93.69634093749599,
          43.5294721641575
        ]
      },
      "properties": {
        "id": "G988BE5FA",
        "type": "contact",
        "date": "2026-08-24",
        "recent": true,
        "isNew": false,
        "title": "Delusional Encounters: Neil deGrasse Tyson debunks favourite alien theories - Open Magazine",
        "description": "Google News. Búsqueda: 'alien encounter'. Fuente: Open Magazine.",
        "witnesses": 0,
        "credibility": "BAJA (señal noticiosa)",
        "country": "US",
        "sources": "Open Magazine|https://news.google.com/rss/articles/CBMirAFBVV95cUxNNF9iTzJoN3BiQXpjYmtUWENMbVp",
        "source_count": 2
      }
    },
    {
      "type": "Feature",
      "geometry": {
        "type": "Point",
        "coordinates": [
          -93.51096940484155,
          35.26104975674758
        ]
      },
      "properties": {
        "id": "G7EFEDC45",
        "type": "lights_sky",
        "date": "2026-09-01",
        "recent": true,
        "isNew": false,
        "title": "Strange lights over Tuscaloosa sky spark questions and speculation - WVTM Channel 13",
        "description": "Google News. Búsqueda: 'strange lights sky'. Fuente: WVTM Channel 13.",
        "witnesses": 0,
        "credibility": "BAJA (señal noticiosa)",
        "country": "US",
        "sources": "WVTM Channel 13|https://news.google.com/rss/articles/CBMiqgFBVV95cUxNLTZuWTY0S290YUlxY2cydWtwZG1",
        "source_count": 2
      }
    },
    {
      "type": "Feature",
      "geometry": {
        "type": "Point",
        "coordinates": [
          -102.34499714378012,
          36.73410668141034
        ]
      },
      "properties": {
        "id": "GF198CC67",
        "type": "lights_sky",
        "date": "2026-09-15",
        "recent": true,
        "isNew": false,
        "title": "Video: Mysterious streak lights up the night sky over Minnesota - bringmethenews.com",
        "description": "Google News. Búsqueda: 'strange lights sky'. Fuente: bringmethenews.com.",
        "witnesses": 0,
        "credibility": "BAJA (señal noticiosa)",
        "country": "US",
        "sources": "bringmethenews.com|https://news.google.com/rss/articles/CBMirgFBVV95cUxPWGNDUVlCRGhqV0JZem1LQ1lQRzN",
        "source_count": 2
      }
    },
    {
      "type": "Feature",
      "geometry": {
        "type": "Point",
        "coordinates": [
          -93.95623816280067,
          39.140183068736405
        ]
      },
      "properties": {
        "id": "G944B808D",
        "type": "lights_sky",
        "date": "2026-05-18",
        "recent": true,
        "isNew": false,
        "title": "VIDEO: Strange bright light seen streaking across the sky in Fresno - kmph.com",
        "description": "Google News. Búsqueda: 'strange lights sky'. Fuente: kmph.com.",
        "witnesses": 0,
        "credibility": "BAJA (señal noticiosa)",
        "country": "US",
        "sources": "kmph.com|https://news.google.com/rss/articles/CBMi9gFBVV95cUxQVHZGVkFQZ0VLS1FlVC1DU2JlbHB",
        "source_count": 2
      }
    },
    {
      "type": "Feature",
      "geometry": {
        "type": "Point",
        "coordinates": [
          -99.88556920602932,
          36.63101678693955
        ]
      },
      "properties": {
        "id": "G4850EA63",
        "type": "lights_sky",
        "date": "2026-09-23",
        "recent": true,
        "isNew": false,
        "title": "Strange lights over Tehran sky spark conspiracy theories - The New Arab",
        "description": "Google News. Búsqueda: 'strange lights sky'. Fuente: The New Arab.",
        "witnesses": 0,
        "credibility": "BAJA (señal noticiosa)",
        "country": "US",
        "sources": "The New Arab|https://news.google.com/rss/articles/CBMimAFBVV95cUxQQW9HQWlBaDFBWmh3T2FmNEh1ZU5",
        "source_count": 2
      }
    },
    {
      "type": "Feature",
      "geometry": {
        "type": "Point",
        "coordinates": [
          -102.4863006548256,
          43.65763460976075
        ]
      },
      "properties": {
        "id": "G6342C808",
        "type": "lights_sky",
        "date": "2026-09-21",
        "recent": true,
        "isNew": false,
        "title": "WATCH | Mysterious lights over Tehran caught on video. Drone, aircraft or something else? - WION",
        "description": "Google News. Búsqueda: 'strange lights sky'. Fuente: WION.",
        "witnesses": 0,
        "credibility": "BAJA (señal noticiosa)",
        "country": "US",
        "sources": "WION|https://news.google.com/rss/articles/CBMiywFBVV95cUxOMDdVejdKU0p3VE9tSDJ6VFNOT0J",
        "source_count": 2
      }
    },
    {
      "type": "Feature",
      "geometry": {
        "type": "Point",
        "coordinates": [
          -96.86212504331243,
          39.58414695592261
        ]
      },
      "properties": {
        "id": "G443F0C3E",
        "type": "uso",
        "date": "2026-04-27",
        "recent": true,
        "isNew": false,
        "title": "Mysterious green lights in Kona sky leave astronomers searching for answers - KHON2",
        "description": "Google News. Búsqueda: 'strange lights sky'. Fuente: KHON2.",
        "witnesses": 0,
        "credibility": "BAJA (señal noticiosa)",
        "country": "US",
        "sources": "KHON2|https://news.google.com/rss/articles/CBMic0FVX3lxTE1JM2NEODNwT2UyRVdqeGtDdlc2Mmx",
        "source_count": 2
      }
    },
    {
      "type": "Feature",
      "geometry": {
        "type": "Point",
        "coordinates": [
          -93.97571672183443,
          35.513183264000276
        ]
      },
      "properties": {
        "id": "G2C28BE17",
        "type": "lights_sky",
        "date": "2026-05-02",
        "recent": true,
        "isNew": false,
        "title": "Did you spot mysterious lights in the sky tonight? Here’s what caused them - WHIO TV",
        "description": "Google News. Búsqueda: 'strange lights sky'. Fuente: WHIO TV.",
        "witnesses": 0,
        "credibility": "BAJA (señal noticiosa)",
        "country": "US",
        "sources": "WHIO TV|https://news.google.com/rss/articles/CBMiwwFBVV95cUxPTUVPbGhBd2hfN24yZlNxeGdBaWh",
        "source_count": 2
      }
    },
    {
      "type": "Feature",
      "geometry": {
        "type": "Point",
        "coordinates": [
          -96.2359544352829,
          39.288657100088344
        ]
      },
      "properties": {
        "id": "G4D95630D",
        "type": "lights_sky",
        "date": "2026-01-19",
        "recent": true,
        "isNew": false,
        "title": "Strange lights in Night Sky? It was SpaceX Starlink, not UFOs - kcentv.com",
        "description": "Google News. Búsqueda: 'strange lights sky'. Fuente: kcentv.com.",
        "witnesses": 0,
        "credibility": "BAJA (señal noticiosa)",
        "country": "US",
        "sources": "kcentv.com|https://news.google.com/rss/articles/CBMi2wFBVV95cUxNcHNtYkRGcDFTemVDcTNxU0RSb3p",
        "source_count": 2
      }
    },
    {
      "type": "Feature",
      "geometry": {
        "type": "Point",
        "coordinates": [
          -93.84578121398401,
          38.29577940042911
        ]
      },
      "properties": {
        "id": "GB9216C9E",
        "type": "lights_sky",
        "date": "2026-04-28",
        "recent": true,
        "isNew": false,
        "title": "Mysterious Green Lights Over Hawaii Baffle Scientists in Sunset Sky (Video) - SURFER Magazine",
        "description": "Google News. Búsqueda: 'strange lights sky'. Fuente: SURFER Magazine.",
        "witnesses": 0,
        "credibility": "BAJA (señal noticiosa)",
        "country": "US",
        "sources": "SURFER Magazine|https://news.google.com/rss/articles/CBMickFVX3lxTE9DY2xza0JfWkdELUxLUXdVOVpsMkh",
        "source_count": 2
      }
    },
    {
      "type": "Feature",
      "geometry": {
        "type": "Point",
        "coordinates": [
          -101.81179892096452,
          38.7908290637414
        ]
      },
      "properties": {
        "id": "G620C135A",
        "type": "lights_sky",
        "date": "2026-09-22",
        "recent": true,
        "isNew": false,
        "title": "Drone, UFO or kite? How mysterious lights over Tehran skies sparked many theories - Firstpost",
        "description": "Google News. Búsqueda: 'strange lights sky'. Fuente: Firstpost.",
        "witnesses": 0,
        "credibility": "BAJA (señal noticiosa)",
        "country": "US",
        "sources": "Firstpost|https://news.google.com/rss/articles/CBMiygFBVV95cUxQXzdoanJSaGlYWnJuQzVFT3Jsa21",
        "source_count": 2
      }
    },
    {
      "type": "Feature",
      "geometry": {
        "type": "Point",
        "coordinates": [
          -95.45538231754196,
          41.745354934451896
        ]
      },
      "properties": {
        "id": "G58A2D96B",
        "type": "lights_sky",
        "date": "2026-01-07",
        "recent": true,
        "isNew": false,
        "title": "Strange lights in Miami Valley sky: It’s Starlink, not UFOs - WDTN.com",
        "description": "Google News. Búsqueda: 'strange lights sky'. Fuente: WDTN.com.",
        "witnesses": 0,
        "credibility": "BAJA (señal noticiosa)",
        "country": "US",
        "sources": "WDTN.com|https://news.google.com/rss/articles/CBMiiwFBVV95cUxNdERXYkpCd2h6cXI4R3RucEkxRGl",
        "source_count": 2
      }
    },
    {
      "type": "Feature",
      "geometry": {
        "type": "Point",
        "coordinates": [
          51.77585431133083,
          33.76920572379826
        ]
      },
      "properties": {
        "id": "GBDC954D8",
        "type": "lights_sky",
        "date": "2026-09-21",
        "recent": true,
        "isNew": false,
        "title": "UFO over Tehran? Viral Iran video shows mysterious lights in night sky - Cybernews",
        "description": "Google News. Búsqueda: 'strange lights sky'. Fuente: Cybernews.",
        "witnesses": 0,
        "credibility": "BAJA (señal noticiosa)",
        "country": "US",
        "sources": "Cybernews|https://news.google.com/rss/articles/CBMiZEFVX3lxTE5IdVRnaTN3dC1zaVF2M2s1NEhqSFl",
        "source_count": 2
      }
    },
    {
      "type": "Feature",
      "geometry": {
        "type": "Point",
        "coordinates": [
          -94.03766615175252,
          39.20541981049809
        ]
      },
      "properties": {
        "id": "G1DD1CAC8",
        "type": "ufo",
        "date": "2026-09-24",
        "recent": true,
        "isNew": false,
        "title": "Declassified U.S. military video of unidentified aerial phenomena (UAP) - Britannica",
        "description": "Google News. Búsqueda: 'unidentified aerial phenomenon'. Fuente: Britannica.",
        "witnesses": 0,
        "credibility": "BAJA (señal noticiosa)",
        "country": "US",
        "sources": "Britannica|https://news.google.com/rss/articles/CBMisgFBVV95cUxOQVBLTTVsTjZqOTBTVWl1cXdnTVJ",
        "source_count": 2
      }
    },
    {
      "type": "Feature",
      "geometry": {
        "type": "Point",
        "coordinates": [
          -94.73949742724807,
          37.52597308415442
        ]
      },
      "properties": {
        "id": "G0F2174C0",
        "type": "ufo",
        "date": "2026-07-23",
        "recent": true,
        "isNew": false,
        "title": "Latest Pentagon report on aerial phenomena has sighting off Virginia Beach coast - WAVY.com",
        "description": "Google News. Búsqueda: 'unidentified aerial phenomenon'. Fuente: WAVY.com.",
        "witnesses": 0,
        "credibility": "BAJA (señal noticiosa)",
        "country": "US",
        "sources": "WAVY.com|https://news.google.com/rss/articles/CBMiugFBVV95cUxObGFoTjd6S2QyOXBzbTVVUWJobzV",
        "source_count": 2
      }
    },
    {
      "type": "Feature",
      "geometry": {
        "type": "Point",
        "coordinates": [
          -99.15391718596945,
          39.68377639558604
        ]
      },
      "properties": {
        "id": "G044570D2",
        "type": "ufo",
        "date": "2026-05-22",
        "recent": true,
        "isNew": false,
        "title": "DOW-UAP-PR068, \"IIR 1 666 S0151 23/Video Footage of Unidentified Aerial Phenomenon (UAP) captured by fifth generation aircraft on 20 Jan 23\" - DVIDS",
        "description": "Google News. Búsqueda: 'unidentified aerial phenomenon'. Fuente: DVIDS.",
        "witnesses": 0,
        "credibility": "BAJA (señal noticiosa)",
        "country": "US",
        "sources": "DVIDS|https://news.google.com/rss/articles/CBMi6wFBVV95cUxQOEUzMmhNb0FfdnFXb0k2UGs0OFR",
        "source_count": 2
      }
    },
    {
      "type": "Feature",
      "geometry": {
        "type": "Point",
        "coordinates": [
          -94.15790438705845,
          36.506547269479086
        ]
      },
      "properties": {
        "id": "GC32799EB",
        "type": "ufo",
        "date": "2026-05-08",
        "recent": true,
        "isNew": false,
        "title": "Pentagon releases swath of UFO files - Politico",
        "description": "Google News. Búsqueda: 'unidentified aerial phenomenon'. Fuente: Politico.",
        "witnesses": 0,
        "credibility": "BAJA (señal noticiosa)",
        "country": "US",
        "sources": "Politico|https://news.google.com/rss/articles/CBMigwFBVV95cUxOMVJreXlTbDYwUFAtUnB0dktObER",
        "source_count": 2
      }
    },
    {
      "type": "Feature",
      "geometry": {
        "type": "Point",
        "coordinates": [
          -100.21167686273441,
          40.830411740450664
        ]
      },
      "properties": {
        "id": "GD08C3D9F",
        "type": "ufo",
        "date": "2026-05-08",
        "recent": true,
        "isNew": false,
        "title": "DW News. . The US Department of Defense has released dozens of previously classified images, videos, and audio files documenting sightings of unidentified aerial phenomena and UFOs. #dwnews - facebook.com",
        "description": "Google News. Búsqueda: 'unidentified aerial phenomenon'. Fuente: facebook.com.",
        "witnesses": 0,
        "credibility": "BAJA (señal noticiosa)",
        "country": "US",
        "sources": "facebook.com|https://news.google.com/rss/articles/CBMi4AFBVV95cUxPcl9oN3d1MjlHV29iN3dGZ1NzSGp",
        "source_count": 2
      }
    },
    {
      "type": "Feature",
      "geometry": {
        "type": "Point",
        "coordinates": [
          -95.73564653204906,
          38.52374198910357
        ]
      },
      "properties": {
        "id": "G28DF12EC",
        "type": "lights_sky",
        "date": "2026-05-08",
        "recent": true,
        "isNew": false,
        "title": "UFO documents released by Pentagon describe floating objects and flashes of light - BBC",
        "description": "Google News. Búsqueda: 'unidentified aerial phenomenon'. Fuente: BBC.",
        "witnesses": 0,
        "credibility": "BAJA (señal noticiosa)",
        "country": "US",
        "sources": "BBC|https://news.google.com/rss/articles/CBMiWkFVX3lxTE5JbDdMUlhjZWRnRFJHMjVjOWxWR1l",
        "source_count": 2
      }
    },
    {
      "type": "Feature",
      "geometry": {
        "type": "Point",
        "coordinates": [
          -99.596863437101,
          36.507736365047435
        ]
      },
      "properties": {
        "id": "GA9275FC3",
        "type": "ufo",
        "date": "2026-07-11",
        "recent": true,
        "isNew": false,
        "title": "Pentagon Releases New UFO Records Detailing Decades of Unexplained Aerial Encounters - People.com",
        "description": "Google News. Búsqueda: 'unidentified aerial phenomenon'. Fuente: People.com.",
        "witnesses": 0,
        "credibility": "BAJA (señal noticiosa)",
        "country": "US",
        "sources": "People.com|https://news.google.com/rss/articles/CBMilwFBVV95cUxOZF96S0FNRkUtZXdvdXpGZEtScjF",
        "source_count": 2
      }
    },
    {
      "type": "Feature",
      "geometry": {
        "type": "Point",
        "coordinates": [
          -102.66818604631473,
          41.39420127331054
        ]
      },
      "properties": {
        "id": "G8939F74B",
        "type": "ufo",
        "date": "2026-07-09",
        "recent": true,
        "isNew": false,
        "title": "Unidentified Aerial Phenomenon – An Army Attack Helicopter Pilot’s Perspective - SOFREP",
        "description": "Google News. Búsqueda: 'unidentified aerial phenomenon'. Fuente: SOFREP.",
        "witnesses": 0,
        "credibility": "BAJA (señal noticiosa)",
        "country": "US",
        "sources": "SOFREP|https://news.google.com/rss/articles/CBMiogFBVV95cUxPemZXbGxHZENsbm9NVURVV1A4VDN",
        "source_count": 2
      }
    },
    {
      "type": "Feature",
      "geometry": {
        "type": "Point",
        "coordinates": [
          -95.46799736077693,
          35.49484925840831
        ]
      },
      "properties": {
        "id": "GF78F8EF5",
        "type": "ufo",
        "date": "2026-05-09",
        "recent": true,
        "isNew": false,
        "title": "Handout image shows unidentified aerial phenomenon (UAP) released by U.S. Defense Department - The Boca Raton Tribune",
        "description": "Google News. Búsqueda: 'unidentified aerial phenomenon'. Fuente: The Boca Raton Tribune.",
        "witnesses": 0,
        "credibility": "BAJA (señal noticiosa)",
        "country": "US",
        "sources": "The Boca Raton Tribune|https://news.google.com/rss/articles/CBMinwJBVV95cUxQSEROR3kzVDVpRWhqc25SV3ZyaTB",
        "source_count": 2
      }
    },
    {
      "type": "Feature",
      "geometry": {
        "type": "Point",
        "coordinates": [
          -97.67915405330763,
          39.921946023556025
        ]
      },
      "properties": {
        "id": "G9BAB7B34",
        "type": "ufo",
        "date": "2026-05-09",
        "recent": true,
        "isNew": false,
        "title": "Trump releases government UFO files, more expected - reuters.com",
        "description": "Google News. Búsqueda: 'unidentified aerial phenomenon'. Fuente: reuters.com.",
        "witnesses": 0,
        "credibility": "BAJA (señal noticiosa)",
        "country": "US",
        "sources": "reuters.com|https://news.google.com/rss/articles/CBMikgFBVV95cUxOYm8wZWZvYmdUc2J6cXZoUWFIR0p",
        "source_count": 2
      }
    },
    {
      "type": "Feature",
      "geometry": {
        "type": "Point",
        "coordinates": [
          -93.87041182145248,
          38.387912452316414
        ]
      },
      "properties": {
        "id": "G72F9BB7C",
        "type": "ufo",
        "date": "2026-05-22",
        "recent": true,
        "isNew": false,
        "title": "Pentagon releases second batch of UFO videos and first-hand testimony - The Guardian",
        "description": "Google News. Búsqueda: 'unidentified aerial phenomenon'. Fuente: The Guardian.",
        "witnesses": 0,
        "credibility": "BAJA (señal noticiosa)",
        "country": "US",
        "sources": "The Guardian|https://news.google.com/rss/articles/CBMijgFBVV95cUxQWUppSW1wRW1LT01UMUhCN196MW5",
        "source_count": 2
      }
    },
    {
      "type": "Feature",
      "geometry": {
        "type": "Point",
        "coordinates": [
          -74.66145395287909,
          40.59438365311688
        ]
      },
      "properties": {
        "id": "G4BCD3470",
        "type": "uso",
        "date": "2026-05-14",
        "recent": true,
        "isNew": false,
        "title": "Thousands of mysterious underwater UFOs spotted off US shores: report - New York Post",
        "description": "Google News. Búsqueda: 'unidentified object ocean sea'. Fuente: New York Post.",
        "witnesses": 0,
        "credibility": "BAJA (señal noticiosa)",
        "country": "US",
        "sources": "New York Post|https://news.google.com/rss/articles/CBMiuAFBVV95cUxQV0RTcFYxVGYwS0JiTEhvcVVIbzk",
        "source_count": 2
      }
    },
    {
      "type": "Feature",
      "geometry": {
        "type": "Point",
        "coordinates": [
          -87.64401425365162,
          23.603841675841316
        ]
      },
      "properties": {
        "id": "G3E67E94B",
        "type": "contact",
        "date": "2026-04-22",
        "recent": true,
        "isNew": false,
        "title": "Scientists reveal identity of mysterious ‘golden orb’ collected during NOAA expedition - NOAA (.gov)",
        "description": "Google News. Búsqueda: 'unidentified object ocean sea'. Fuente: NOAA (.gov).",
        "witnesses": 0,
        "credibility": "BAJA (señal noticiosa)",
        "country": "US",
        "sources": "NOAA (.gov)|https://news.google.com/rss/articles/CBMirwFBVV95cUxOdzY1cDhuUXlfa0NycmlmakNZbUl",
        "source_count": 2
      }
    },
    {
      "type": "Feature",
      "geometry": {
        "type": "Point",
        "coordinates": [
          -73.72814002651384,
          41.65116802805589
        ]
      },
      "properties": {
        "id": "G374B9A56",
        "type": "uso",
        "date": "2026-04-24",
        "recent": true,
        "isNew": false,
        "title": "Golden Blob, a Mystery From the Deep Sea, Is Identified - The New York Times",
        "description": "Google News. Búsqueda: 'unidentified object ocean sea'. Fuente: The New York Times.",
        "witnesses": 0,
        "credibility": "BAJA (señal noticiosa)",
        "country": "US",
        "sources": "The New York Times|https://news.google.com/rss/articles/CBMie0FVX3lxTE1rOXNDdzh2WjQzbUhUSEhKT3JDUVZ",
        "source_count": 2
      }
    },
    {
      "type": "Feature",
      "geometry": {
        "type": "Point",
        "coordinates": [
          -98.21002490491632,
          38.612060374558745
        ]
      },
      "properties": {
        "id": "GB07FF02B",
        "type": "uso",
        "date": "2026-04-24",
        "recent": true,
        "isNew": false,
        "title": "Scientists identify mysterious 'golden orb' found in ocean - USA Today",
        "description": "Google News. Búsqueda: 'unidentified object ocean sea'. Fuente: USA Today.",
        "witnesses": 0,
        "credibility": "BAJA (señal noticiosa)",
        "country": "US",
        "sources": "USA Today|https://news.google.com/rss/articles/CBMirwFBVV95cUxNakRPYVhFX1B3dHJUSjVJQk9BVlY",
        "source_count": 2
      }
    },
    {
      "type": "Feature",
      "geometry": {
        "type": "Point",
        "coordinates": [
          -87.92562926011848,
          27.95772947824905
        ]
      },
      "properties": {
        "id": "G2FE9A7FF",
        "type": "uso",
        "date": "2026-04-23",
        "recent": true,
        "isNew": false,
        "title": "A Mysterious “Golden Orb” Was Spotted at the Bottom of the Gulf of Alaska—Now Scientists Finally Know What It Is - The Debrief",
        "description": "Google News. Búsqueda: 'unidentified object ocean sea'. Fuente: The Debrief.",
        "witnesses": 0,
        "credibility": "BAJA (señal noticiosa)",
        "country": "US",
        "sources": "The Debrief|https://news.google.com/rss/articles/CBMizwFBVV95cUxPblZSY2RBeFc0NGpJVWVmNEMzZEt",
        "source_count": 2
      }
    },
    {
      "type": "Feature",
      "geometry": {
        "type": "Point",
        "coordinates": [
          -94.36186055894805,
          20.33037957532695
        ]
      },
      "properties": {
        "id": "G402E24E6",
        "type": "uso",
        "date": "2025-02-04",
        "recent": true,
        "isNew": false,
        "title": "The Baltic Sea Anomaly: What Was The Mysterious \"Object\" Seen 90-Meters Underwater? - IFLScience",
        "description": "Google News. Búsqueda: 'unidentified object ocean sea'. Fuente: IFLScience.",
        "witnesses": 0,
        "credibility": "BAJA (señal noticiosa)",
        "country": "US",
        "sources": "IFLScience|https://news.google.com/rss/articles/CBMisgFBVV95cUxPT0JFcVhKXzd2U0pEZDZwM3NVeEE",
        "source_count": 2
      }
    },
    {
      "type": "Feature",
      "geometry": {
        "type": "Point",
        "coordinates": [
          -90.65150807027022,
          29.081721408578268
        ]
      },
      "properties": {
        "id": "GED9BACDD",
        "type": "uso",
        "date": "2025-10-24",
        "recent": true,
        "isNew": false,
        "title": "UFO App Logs Mysterious Underwater Sightings - Marine Technology News",
        "description": "Google News. Búsqueda: 'unidentified object ocean sea'. Fuente: Marine Technology News.",
        "witnesses": 0,
        "credibility": "BAJA (señal noticiosa)",
        "country": "US",
        "sources": "Marine Technology News|https://news.google.com/rss/articles/CBMihwFBVV95cUxObUhUNzF2a1FnUGprWG9DRTFHMmF",
        "source_count": 2
      }
    },
    {
      "type": "Feature",
      "geometry": {
        "type": "Point",
        "coordinates": [
          -96.22535631713696,
          38.64331141669805
        ]
      },
      "properties": {
        "id": "G4858922F",
        "type": "uso",
        "date": "2025-10-27",
        "recent": true,
        "isNew": false,
        "title": "'World-changing' threat? Thousands of mysterious underwater UFOs spotted near US shores; ex-Navy admiral warns... - WION",
        "description": "Google News. Búsqueda: 'unidentified object ocean sea'. Fuente: WION.",
        "witnesses": 0,
        "credibility": "BAJA (señal noticiosa)",
        "country": "US",
        "sources": "WION|https://news.google.com/rss/articles/CBMi5gFBVV95cUxPcENOUnppRzIxYlhwTC0yS2t2M1F",
        "source_count": 2
      }
    },
    {
      "type": "Feature",
      "geometry": {
        "type": "Point",
        "coordinates": [
          -86.44146145009314,
          28.204217573927977
        ]
      },
      "properties": {
        "id": "GE17CF14E",
        "type": "uso",
        "date": "2025-08-25",
        "recent": true,
        "isNew": false,
        "title": "Navy Officer Says Underwater UFOs Are Legitimate Threats. The Evidence Is Hard to Ignore. - popularmechanics.com",
        "description": "Google News. Búsqueda: 'unidentified object ocean sea'. Fuente: popularmechanics.com.",
        "witnesses": 0,
        "credibility": "BAJA (señal noticiosa)",
        "country": "US",
        "sources": "popularmechanics.com|https://news.google.com/rss/articles/CBMi1wFBVV95cUxQbHczd0RmX21zcEZkQ2hFSnFtVks",
        "source_count": 2
      }
    },
    {
      "type": "Feature",
      "geometry": {
        "type": "Point",
        "coordinates": [
          -87.36400982020318,
          26.70606691485939
        ]
      },
      "properties": {
        "id": "G7CA9648D",
        "type": "uso",
        "date": "2025-01-24",
        "recent": true,
        "isNew": false,
        "title": "UFO is \"moving at hundreds of miles an hour underwater,\" Republican congressman says - CBS News",
        "description": "Google News. Búsqueda: 'unidentified object ocean sea'. Fuente: CBS News.",
        "witnesses": 0,
        "credibility": "BAJA (señal noticiosa)",
        "country": "US",
        "sources": "CBS News|https://news.google.com/rss/articles/CBMihAFBVV95cUxQbDVrS1l5bjMxYW5yWGVqbXlibVh",
        "source_count": 2
      }
    },
    {
      "type": "Feature",
      "geometry": {
        "type": "Point",
        "coordinates": [
          -89.6819425823276,
          29.067177134729526
        ]
      },
      "properties": {
        "id": "G04BD19A4",
        "type": "uso",
        "date": "2026-09-01",
        "recent": true,
        "isNew": false,
        "title": "Was it the lost city of Atlantis or a crashed UFO? The strange Ferris wheel-sized circle found at the bottom of the sea - BBC Wildlife Magazine",
        "description": "Google News. Búsqueda: 'unidentified object ocean sea'. Fuente: BBC Wildlife Magazine.",
        "witnesses": 0,
        "credibility": "BAJA (señal noticiosa)",
        "country": "US",
        "sources": "BBC Wildlife Magazine|https://news.google.com/rss/articles/CBMicEFVX3lxTFBtSFJ1Tk1TS2F0UTZRd002b1VCazU",
        "source_count": 2
      }
    },
    {
      "type": "Feature",
      "geometry": {
        "type": "Point",
        "coordinates": [
          -93.53527233516094,
          26.347730614278454
        ]
      },
      "properties": {
        "id": "GCF30286D",
        "type": "uso",
        "date": "2025-10-27",
        "recent": true,
        "isNew": false,
        "title": "What Are USOs? Tracker Detects 9,000 Unexplained Objects Beneath US Waters - International Business Times",
        "description": "Google News. Búsqueda: 'unidentified object ocean sea'. Fuente: International Business Times.",
        "witnesses": 0,
        "credibility": "BAJA (señal noticiosa)",
        "country": "US",
        "sources": "International Business Times|https://news.google.com/rss/articles/CBMipwFBVV95cUxORlMzSUJiY1g2S0NrVkM4aUxlTTY",
        "source_count": 2
      }
    },
    {
      "type": "Feature",
      "geometry": {
        "type": "Point",
        "coordinates": [
          -88.04087708605756,
          23.543224145438845
        ]
      },
      "properties": {
        "id": "G98A4F158",
        "type": "uso",
        "date": "2025-10-27",
        "recent": true,
        "isNew": false,
        "title": "Mysterious UFOs Spotted Along US Coast - Newsweek",
        "description": "Google News. Búsqueda: 'underwater ufo lights ocean'. Fuente: Newsweek.",
        "witnesses": 0,
        "credibility": "BAJA (señal noticiosa)",
        "country": "US",
        "sources": "Newsweek|https://news.google.com/rss/articles/CBMifEFVX3lxTE5uSzN3bS1LdTBGaVlaeThiTkJaVHo",
        "source_count": 2
      }
    },
    {
      "type": "Feature",
      "geometry": {
        "type": "Point",
        "coordinates": [
          -99.18667998287022,
          39.558347512290204
        ]
      },
      "properties": {
        "id": "G16F42D79",
        "type": "uso",
        "date": "2025-10-26",
        "recent": true,
        "isNew": false,
        "title": "UFO tracker shows thousands of eerie underwater objects lurking along US coasts - AOL.com",
        "description": "Google News. Búsqueda: 'underwater ufo lights ocean'. Fuente: AOL.com.",
        "witnesses": 0,
        "credibility": "BAJA (señal noticiosa)",
        "country": "US",
        "sources": "AOL.com|https://news.google.com/rss/articles/CBMigwFBVV95cUxPYjBIZlNEYmgzTjBBcmhPb3hqUzV",
        "source_count": 2
      }
    },
    {
      "type": "Feature",
      "geometry": {
        "type": "Point",
        "coordinates": [
          -96.42591014202932,
          39.89741170385839
        ]
      },
      "properties": {
        "id": "G596BB9E3",
        "type": "uso",
        "date": "2025-11-04",
        "recent": true,
        "isNew": false,
        "title": "Thousands of Undersea UFOs Reported Off U.S. Coasts (Video) - Yahoo",
        "description": "Google News. Búsqueda: 'underwater ufo lights ocean'. Fuente: Yahoo.",
        "witnesses": 0,
        "credibility": "BAJA (señal noticiosa)",
        "country": "US",
        "sources": "Yahoo|https://news.google.com/rss/articles/CBMikAFBVV95cUxOSmxNMHZPcVdhaWU2QXVwOEl6NmU",
        "source_count": 2
      }
    },
    {
      "type": "Feature",
      "geometry": {
        "type": "Point",
        "coordinates": [
          -90.47065305189771,
          27.929694990491708
        ]
      },
      "properties": {
        "id": "GABE8512B",
        "type": "uso",
        "date": "2026-06-17",
        "recent": true,
        "isNew": false,
        "title": "Over 9,000 Unidentified Objects Have Been Spotted Near U.S. Coastlines. Are Underwater UFOs a Real Threat? - popularmechanics.com",
        "description": "Google News. Búsqueda: 'underwater ufo lights ocean'. Fuente: popularmechanics.com.",
        "witnesses": 0,
        "credibility": "BAJA (señal noticiosa)",
        "country": "US",
        "sources": "popularmechanics.com|https://news.google.com/rss/articles/CBMigwFBVV95cUxOVGVzTnEwM0ZmYkplU2ZsRUZ4OWp",
        "source_count": 2
      }
    },
    {
      "type": "Feature",
      "geometry": {
        "type": "Point",
        "coordinates": [
          -86.59241160252814,
          20.60509373849299
        ]
      },
      "properties": {
        "id": "G12661FB1",
        "type": "uso",
        "date": "2025-01-23",
        "recent": true,
        "isNew": false,
        "title": "Burchett says he believes aliens have underwater bases on earth - The Hill",
        "description": "Google News. Búsqueda: 'underwater ufo lights ocean'. Fuente: The Hill.",
        "witnesses": 0,
        "credibility": "BAJA (señal noticiosa)",
        "country": "US",
        "sources": "The Hill|https://news.google.com/rss/articles/CBMieEFVX3lxTE05VUJrWVdFV24tYy1UUTA4NFJBREp",
        "source_count": 2
      }
    },
    {
      "type": "Feature",
      "geometry": {
        "type": "Point",
        "coordinates": [
          -87.58394328435752,
          28.8261583933161
        ]
      },
      "properties": {
        "id": "G059C0CA2",
        "type": "uso",
        "date": "2024-03-20",
        "recent": true,
        "isNew": false,
        "title": "Ex-US Navy officer warns of ‘unidentified underwater objects’ lurking in ocean - supercarblondie.com",
        "description": "Google News. Búsqueda: 'underwater ufo lights ocean'. Fuente: supercarblondie.com.",
        "witnesses": 0,
        "credibility": "BAJA (señal noticiosa)",
        "country": "US",
        "sources": "supercarblondie.com|https://news.google.com/rss/articles/CBMikgFBVV95cUxNeVFNaFZmN29hSVQ0Wm1KbVRXVTF",
        "source_count": 2
      }
    },
    {
      "type": "Feature",
      "geometry": {
        "type": "Point",
        "coordinates": [
          -86.53181699654853,
          28.31937165208376
        ]
      },
      "properties": {
        "id": "G03D2FAB8",
        "type": "uso",
        "date": "2025-04-30",
        "recent": true,
        "isNew": false,
        "title": "Mysterious “UFO Base” off Malibu Vanishes from Google Earth - SURFER Magazine",
        "description": "Google News. Búsqueda: 'underwater ufo lights ocean'. Fuente: SURFER Magazine.",
        "witnesses": 0,
        "credibility": "BAJA (señal noticiosa)",
        "country": "US",
        "sources": "SURFER Magazine|https://news.google.com/rss/articles/CBMie0FVX3lxTE1Zd1FNeC00VWtIUjZYc2pGZE1XVXV",
        "source_count": 2
      }
    },
    {
      "type": "Feature",
      "geometry": {
        "type": "Point",
        "coordinates": [
          -98.23943064991433,
          19.803088659623427
        ]
      },
      "properties": {
        "id": "G8670C465",
        "type": "volcano",
        "date": "2026-07-02",
        "recent": true,
        "isNew": false,
        "title": "Los lugares de México donde más aseguran haber visto OVNIs; del Popocatépetl a la Zona del Silencio - W Radio México",
        "description": "Google News. Búsqueda: 'avistamiento ovni México'. Fuente: W Radio México.",
        "witnesses": 0,
        "credibility": "BAJA (señal noticiosa)",
        "country": "MX",
        "sources": "W Radio México|https://news.google.com/rss/articles/CBMizAFBVV95cUxNUi03SldSbWFXdWtUWFQ2Z2w4V0I",
        "source_count": 2
      }
    },
    {
      "type": "Feature",
      "geometry": {
        "type": "Point",
        "coordinates": [
          -102.20178193667044,
          22.25400041713887
        ]
      },
      "properties": {
        "id": "G2BC068BC",
        "type": "ufo",
        "date": "2026-05-15",
        "recent": true,
        "isNew": false,
        "title": "Misterioso objeto captado en cielo de México desata debate sobre posible OVNI - Infobae",
        "description": "Google News. Búsqueda: 'avistamiento ovni México'. Fuente: Infobae.",
        "witnesses": 0,
        "credibility": "BAJA (señal noticiosa)",
        "country": "MX",
        "sources": "Infobae|https://news.google.com/rss/articles/CBMivAFBVV95cUxOTVlKU2JES3NXcE1YMzB6YURsLW9",
        "source_count": 2
      }
    },
    {
      "type": "Feature",
      "geometry": {
        "type": "Point",
        "coordinates": [
          -98.41581042350532,
          20.021823419454016
        ]
      },
      "properties": {
        "id": "G6FB30FF0",
        "type": "ufo",
        "date": "2026-06-23",
        "recent": true,
        "isNew": false,
        "title": "Hasta los ovnis se suman a la fiebre mundialista: reportan avistamiento en CDMX - El Imparcial",
        "description": "Google News. Búsqueda: 'avistamiento ovni México'. Fuente: El Imparcial.",
        "witnesses": 0,
        "credibility": "BAJA (señal noticiosa)",
        "country": "MX",
        "sources": "https://news.google.com/rss/articles/CBMixwFBVV95cUxPVnowZ3JuODdseUJVSWpqUE0ycUY|TV Azteca|https://news.google.com/rss/articles/CBMiswFBVV95cUxNdll2d2pYb3JRdTRtMEZUVG5WTlc|El Imparcial",
        "source_count": 4
      }
    },
    {
      "type": "Feature",
      "geometry": {
        "type": "Point",
        "coordinates": [
          -100.00747169983956,
          22.01454944276951
        ]
      },
      "properties": {
        "id": "GF306F3DA",
        "type": "ufo",
        "date": "2026-08-16",
        "recent": true,
        "isNew": false,
        "title": "Muna, el pueblo maya donde ovnis, aluxes y hombres armados son parte de la historia - Milenio",
        "description": "Google News. Búsqueda: 'avistamiento ovni México'. Fuente: Milenio.",
        "witnesses": 0,
        "credibility": "BAJA (señal noticiosa)",
        "country": "MX",
        "sources": "Milenio|https://news.google.com/rss/articles/CBMigAFBVV95cUxPcjZNczZkOThZdHg0SkZUWjJCUmJ",
        "source_count": 2
      }
    },
    {
      "type": "Feature",
      "geometry": {
        "type": "Point",
        "coordinates": [
          -101.52351593887637,
          23.750500897355266
        ]
      },
      "properties": {
        "id": "GC91FB978",
        "type": "ufo",
        "date": "2026-04-02",
        "recent": true,
        "isNew": false,
        "title": "Top 5 avistamientos OVNI en México que siguen sin explicación científica - TV Azteca",
        "description": "Google News. Búsqueda: 'avistamiento ovni México'. Fuente: TV Azteca.",
        "witnesses": 0,
        "credibility": "BAJA (señal noticiosa)",
        "country": "MX",
        "sources": "TV Azteca|https://news.google.com/rss/articles/CBMitwFBVV95cUxQRmxEYm5wSHlvRFBUYV9iNy1NUUI",
        "source_count": 2
      }
    },
    {
      "type": "Feature",
      "geometry": {
        "type": "Point",
        "coordinates": [
          -103.9779119636168,
          25.209911019456758
        ]
      },
      "properties": {
        "id": "G5BA71FC9",
        "type": "ufo",
        "date": "2026-07-02",
        "recent": true,
        "isNew": false,
        "title": "Día del OVNI: Lugares enigmáticos de México para hacer avistamientos nocturnos - Escapada H",
        "description": "Google News. Búsqueda: 'avistamiento ovni México'. Fuente: Escapada H.",
        "witnesses": 0,
        "credibility": "BAJA (señal noticiosa)",
        "country": "MX",
        "sources": "Escapada H|https://news.google.com/rss/articles/CBMizwFBVV95cUxPbzdyaVY4bDhKYUVicl9tYUJPdVZ",
        "source_count": 2
      }
    },
    {
      "type": "Feature",
      "geometry": {
        "type": "Point",
        "coordinates": [
          -104.06598955224275,
          25.473508677314722
        ]
      },
      "properties": {
        "id": "G769FA170",
        "type": "ufo",
        "date": "2026-05-24",
        "recent": true,
        "isNew": false,
        "title": "#DOMINGA | Alfonso Salazar, el buscador de ovnis de México, lleva 53 años coleccionando expedientes secretos 👽🛸 - facebook.com",
        "description": "Google News. Búsqueda: 'avistamiento ovni México'. Fuente: facebook.com.",
        "witnesses": 0,
        "credibility": "BAJA (señal noticiosa)",
        "country": "MX",
        "sources": "facebook.com|https://news.google.com/rss/articles/CBMi6AFBVV95cUxQTkhrc2s5QUhDdW5uMTluNm81VzF",
        "source_count": 2
      }
    },
    {
      "type": "Feature",
      "geometry": {
        "type": "Point",
        "coordinates": [
          -98.21340191647657,
          24.591424329168227
        ]
      },
      "properties": {
        "id": "GC4C0D461",
        "type": "ufo",
        "date": "2026-07-01",
        "recent": true,
        "isNew": false,
        "title": "Avistamientos ovnis en Tamaulipas: playa Miramar y El Cielo serían los epicentros del fenómeno - El Sol de México",
        "description": "Google News. Búsqueda: 'avistamiento ovni México'. Fuente: El Sol de México.",
        "witnesses": 0,
        "credibility": "BAJA (señal noticiosa)",
        "country": "MX",
        "sources": "El Sol de México|https://news.google.com/rss/articles/CBMi4AFBVV95cUxOS3JNaXB4M0VRN3lOVlE1WjQ2TkF",
        "source_count": 2
      }
    },
    {
      "type": "Feature",
      "geometry": {
        "type": "Point",
        "coordinates": [
          -102.54502750568814,
          24.919549133596863
        ]
      },
      "properties": {
        "id": "GAF3333EA",
        "type": "contact",
        "date": "2026-02-26",
        "recent": true,
        "isNew": false,
        "title": "¿México Investiga Vida Extraterrestre? Esto se Sabe Sobre el Fenómeno OVNI - N+",
        "description": "Google News. Búsqueda: 'avistamiento ovni México'. Fuente: N+.",
        "witnesses": 0,
        "credibility": "BAJA (señal noticiosa)",
        "country": "MX",
        "sources": "N+|https://news.google.com/rss/articles/CBMiqgFBVV95cUxQcGw1bXFxVnJmd25OcnZoWDBPOWZ",
        "source_count": 2
      }
    },
    {
      "type": "Feature",
      "geometry": {
        "type": "Point",
        "coordinates": [
          -104.13940045733445,
          24.874907288799935
        ]
      },
      "properties": {
        "id": "G7875175E",
        "type": "lights_sky",
        "date": "2026-06-20",
        "recent": true,
        "isNew": false,
        "title": "Captan misteriosa luz en Reforma en festejos por victoria de México - adn40.mx",
        "description": "Google News. Búsqueda: 'avistamiento ovni México'. Fuente: adn40.mx.",
        "witnesses": 0,
        "credibility": "BAJA (señal noticiosa)",
        "country": "MX",
        "sources": "adn40.mx|https://news.google.com/rss/articles/CBMi5gFBVV95cUxNZ0F4XzE2V3o5Z19hSHFfSVZpT0N",
        "source_count": 2
      }
    },
    {
      "type": "Feature",
      "geometry": {
        "type": "Point",
        "coordinates": [
          -101.89117871621387,
          22.0766451862607
        ]
      },
      "properties": {
        "id": "G4E34628D",
        "type": "ufo",
        "date": "2026-02-26",
        "recent": true,
        "isNew": false,
        "title": "¿Ovnis en México? Esto dice Sheinbaum sobre desclasificar archivos “secretos” - El Universal",
        "description": "Google News. Búsqueda: 'avistamiento ovni México'. Fuente: El Universal.",
        "witnesses": 0,
        "credibility": "BAJA (señal noticiosa)",
        "country": "MX",
        "sources": "El Universal|https://news.google.com/rss/articles/CBMisgFBVV95cUxOQ2E2WWNvdFVpS3hOWDRlQW9VR0N",
        "source_count": 2
      }
    },
    {
      "type": "Feature",
      "geometry": {
        "type": "Point",
        "coordinates": [
          -96.369087595311,
          40.570219331284264
        ]
      },
      "properties": {
        "id": "GD4059D1F",
        "type": "contact",
        "date": "2026-08-06",
        "recent": true,
        "isNew": false,
        "title": "¿Trump revelará la existencia de extraterrestres? Esto es lo que se sabe del supuesto anuncio sobre OVNIs - ViveUSA.mx",
        "description": "Google News. Búsqueda: 'avistamiento ovni México'. Fuente: ViveUSA.mx.",
        "witnesses": 0,
        "credibility": "BAJA (señal noticiosa)",
        "country": "MX",
        "sources": "ViveUSA.mx|https://news.google.com/rss/articles/CBMi0gFBVV95cUxORmdxdGxWZFZYNUpfNy0wM3VkbDd",
        "source_count": 2
      }
    },
    {
      "type": "Feature",
      "geometry": {
        "type": "Point",
        "coordinates": [
          -99.30385245791352,
          20.07912068507981
        ]
      },
      "properties": {
        "id": "GA4774857",
        "type": "lights_sky",
        "date": "2026-09-12",
        "recent": true,
        "isNew": false,
        "title": "⚡️ Rayos y extrañas luces iluminaron el cielo de CdMx durante la tormenta eléctrica del 11 de septiembre. La intensa actividad eléctrica se registró en distintos puntos de la capital y dejó imágenes impactantes, entre relámpagos y destellos que llamaron la a - facebook.com",
        "description": "Google News. Búsqueda: 'luces extrañas cielo México'. Fuente: facebook.com.",
        "witnesses": 0,
        "credibility": "BAJA (señal noticiosa)",
        "country": "MX",
        "sources": "facebook.com|https://news.google.com/rss/articles/CBMi8wFBVV95cUxQM004WUpUZVFsYXRBSkZ3cTJoTEJ",
        "source_count": 2
      }
    },
    {
      "type": "Feature",
      "geometry": {
        "type": "Point",
        "coordinates": [
          -102.34898744893795,
          22.915841846265014
        ]
      },
      "properties": {
        "id": "G922FD115",
        "type": "lights_sky",
        "date": "2026-08-18",
        "recent": true,
        "isNew": false,
        "title": "Extrañas luces rojas en el cielo de San Luis Potosí generan temor entre la población: ¿qué eran? | VIDEO - El Heraldo de México",
        "description": "Google News. Búsqueda: 'luces extrañas cielo México'. Fuente: El Heraldo de México.",
        "witnesses": 0,
        "credibility": "BAJA (señal noticiosa)",
        "country": "MX",
        "sources": "El Heraldo de México|https://news.google.com/rss/articles/CBMi8wFBVV95cUxNOUpYT1ZQdi1oMmRrY3o1ckN4YXN",
        "source_count": 2
      }
    },
    {
      "type": "Feature",
      "geometry": {
        "type": "Point",
        "coordinates": [
          -100.50193417035791,
          25.81189633090068
        ]
      },
      "properties": {
        "id": "GE8C4C17E",
        "type": "lights_sky",
        "date": "2026-09-15",
        "recent": true,
        "isNew": false,
        "title": "¿Algo extraño en el cielo? Monterrey capta misteriosa luz durante la noche - abcnoticias.mx",
        "description": "Google News. Búsqueda: 'luces extrañas cielo México'. Fuente: abcnoticias.mx.",
        "witnesses": 0,
        "credibility": "BAJA (señal noticiosa)",
        "country": "MX",
        "sources": "https://news.google.com/rss/articles/CBMivgFBVV95cUxNMFJFU2NJZ2VTUUhNRTVlYjlCV3N|https://news.google.com/rss/articles/CBMiwAFBVV95cUxNYVB2N0hwaTN3UmRoNm1zM1Btc1N|MVS Noticias|abcnoticias.mx",
        "source_count": 4
      }
    },
    {
      "type": "Feature",
      "geometry": {
        "type": "Point",
        "coordinates": [
          -101.37444184243101,
          23.17061271722158
        ]
      },
      "properties": {
        "id": "G32AA9F6A",
        "type": "lights_sky",
        "date": "2026-08-18",
        "recent": true,
        "isNew": false,
        "title": "\"‘El cielo se cae’, dijo Chicken Little\": extrañas luces rojas sorprenden en San Luis Potosí | VIDEO - Telediario",
        "description": "Google News. Búsqueda: 'luces extrañas cielo México'. Fuente: Telediario.",
        "witnesses": 0,
        "credibility": "BAJA (señal noticiosa)",
        "country": "MX",
        "sources": "Telediario|https://news.google.com/rss/articles/CBMikgFBVV95cUxQQzM5eGtEdWdsLVFDLUIxRTVMQzB",
        "source_count": 2
      }
    },
    {
      "type": "Feature",
      "geometry": {
        "type": "Point",
        "coordinates": [
          -107.07675565307758,
          27.78683930193239
        ]
      },
      "properties": {
        "id": "GC85F331A",
        "type": "lights_sky",
        "date": "2026-09-11",
        "recent": true,
        "isNew": false,
        "title": "Reportan luz extraña en el cielo de Polanco; usuarios especulan sobre su origen - Sociedad Noticias",
        "description": "Google News. Búsqueda: 'luces extrañas cielo México'. Fuente: Sociedad Noticias.",
        "witnesses": 0,
        "credibility": "BAJA (señal noticiosa)",
        "country": "MX",
        "sources": "Sociedad Noticias|https://news.google.com/rss/articles/CBMivAFBVV95cUxQOE4yM1ZjX3hHVVlFbWYxUXJXVEx",
        "source_count": 2
      }
    },
    {
      "type": "Feature",
      "geometry": {
        "type": "Point",
        "coordinates": [
          -102.53300675182132,
          24.901057183176196
        ]
      },
      "properties": {
        "id": "G6535AFE4",
        "type": "lights_sky",
        "date": "2026-08-04",
        "recent": true,
        "isNew": false,
        "title": "Luces extrañas en Cuautitlán Izcalli: vecinos reportan avistamientos - Diario de México",
        "description": "Google News. Búsqueda: 'luces extrañas cielo México'. Fuente: Diario de México.",
        "witnesses": 0,
        "credibility": "BAJA (señal noticiosa)",
        "country": "MX",
        "sources": "Diario de México|https://news.google.com/rss/articles/CBMixwFBVV95cUxQZ2FzV0JXWk8tZ0VVMjhPUkh2SlR",
        "source_count": 2
      }
    },
    {
      "type": "Feature",
      "geometry": {
        "type": "Point",
        "coordinates": [
          -99.93731307860793,
          20.08177601648892
        ]
      },
      "properties": {
        "id": "GB14A96BC",
        "type": "lights_sky",
        "date": "2026-06-11",
        "recent": true,
        "isNew": false,
        "title": "¿Qué era la misteriosa luz roja en Reforma? El fenómeno que sorprendió a la CDMX antes del Mundial - Excélsior",
        "description": "Google News. Búsqueda: 'luces extrañas cielo México'. Fuente: Excélsior.",
        "witnesses": 0,
        "credibility": "BAJA (señal noticiosa)",
        "country": "MX",
        "sources": "Excélsior|https://news.google.com/rss/articles/CBMioAFBVV95cUxNNV9ZeW4tRzk2N2pTOTZXZUo1am9",
        "source_count": 2
      }
    },
    {
      "type": "Feature",
      "geometry": {
        "type": "Point",
        "coordinates": [
          -99.0718678306949,
          18.49028994794945
        ]
      },
      "properties": {
        "id": "G782D1C78",
        "type": "lights_sky",
        "date": "2026-09-12",
        "recent": true,
        "isNew": false,
        "title": "Luces extrañas en el cielo de CDMX sorprenden a usuarios: esta sería la explicación - Diario del Yaqui",
        "description": "Google News. Búsqueda: 'luces extrañas cielo México'. Fuente: Diario del Yaqui.",
        "witnesses": 0,
        "credibility": "BAJA (señal noticiosa)",
        "country": "MX",
        "sources": "Diario del Yaqui|https://news.google.com/rss/articles/CBMiwgFBVV95cUxOLVNQejNkRy1XWjkxQW90NmUtWWx",
        "source_count": 2
      }
    },
    {
      "type": "Feature",
      "geometry": {
        "type": "Point",
        "coordinates": [
          -107.4428932917279,
          18.990498317651394
        ]
      },
      "properties": {
        "id": "GE41EEDFD",
        "type": "lights_sky",
        "date": "2026-07-12",
        "recent": true,
        "isNew": false,
        "title": "Extrañas luces iluminan el cielo de Tabasco y desatan debate en redes sociales - forocoatza.com",
        "description": "Google News. Búsqueda: 'luces extrañas cielo México'. Fuente: forocoatza.com.",
        "witnesses": 0,
        "credibility": "BAJA (señal noticiosa)",
        "country": "MX",
        "sources": "forocoatza.com|https://news.google.com/rss/articles/CBMitgFBVV95cUxON3lTX05mcDBFRmJ1M3I5R3UwSFV",
        "source_count": 2
      }
    },
    {
      "type": "Feature",
      "geometry": {
        "type": "Point",
        "coordinates": [
          -101.42191324373545,
          24.043164937987292
        ]
      },
      "properties": {
        "id": "G08A7F9DB",
        "type": "lights_sky",
        "date": "2026-08-19",
        "recent": true,
        "isNew": false,
        "title": "Misteriosas luces rojas sorprenden en el cielo de San Luis Potosí y encienden las alertas dentro del fenómeno - TV Azteca",
        "description": "Google News. Búsqueda: 'luces extrañas cielo México'. Fuente: TV Azteca.",
        "witnesses": 0,
        "credibility": "BAJA (señal noticiosa)",
        "country": "MX",
        "sources": "TV Azteca|https://news.google.com/rss/articles/CBMiqgFBVV95cUxPU2JWdVhVMXliT1NaYUprUzRMUk5",
        "source_count": 2
      }
    },
    {
      "type": "Feature",
      "geometry": {
        "type": "Point",
        "coordinates": [
          -98.40068366749497,
          21.25631810969812
        ]
      },
      "properties": {
        "id": "G99D507F4",
        "type": "lights_sky",
        "date": "2026-02-09",
        "recent": true,
        "isNew": false,
        "title": "Extrañas luces en el cielo sorprenden a habitantes de Tláhuac y Chalco - UnoTV",
        "description": "Google News. Búsqueda: 'luces extrañas cielo México'. Fuente: UnoTV.",
        "witnesses": 0,
        "credibility": "BAJA (señal noticiosa)",
        "country": "MX",
        "sources": "UnoTV|https://news.google.com/rss/articles/CBMiowFBVV95cUxOZ2I2QjZ6UkVFUTdCSkN3UVNOZEF",
        "source_count": 2
      }
    },
    {
      "type": "Feature",
      "geometry": {
        "type": "Point",
        "coordinates": [
          -98.63668293761684,
          18.66975102833593
        ]
      },
      "properties": {
        "id": "G24EA2C68",
        "type": "lights_sky",
        "date": "2026-06-12",
        "recent": true,
        "isNew": false,
        "title": "¿Se cumplió la profecía de Baba Vanga? Extrañas luces aparecen durante festejos del Mundial 2026 en el Ángel de CDMX - Eje Central",
        "description": "Google News. Búsqueda: 'luces extrañas cielo México'. Fuente: Eje Central.",
        "witnesses": 0,
        "credibility": "BAJA (señal noticiosa)",
        "country": "MX",
        "sources": "Eje Central|https://news.google.com/rss/articles/CBMi7AFBVV95cUxNMmRTdVlLYTNnSTFrVS0tYzY2ek4",
        "source_count": 2
      }
    },
    {
      "type": "Feature",
      "geometry": {
        "type": "Point",
        "coordinates": [
          -99.45402402753781,
          18.8934720894217
        ]
      },
      "properties": {
        "id": "G9F3ABC59",
        "type": "ufo",
        "date": "2026-02-16",
        "recent": true,
        "isNew": false,
        "title": "VIDEO: misterioso objeto cruza el cielo de la CDMX desde la Torre Latinoamericana - UnoTV",
        "description": "Google News. Búsqueda: 'OVNI CDMX Ciudad de México'. Fuente: UnoTV.",
        "witnesses": 0,
        "credibility": "BAJA (señal noticiosa)",
        "country": "MX",
        "sources": "https://news.google.com/rss/articles/CBMixwFBVV95cUxPT2dMOG5DV09CNUVVSmtFODFlcGx|https://news.google.com/rss/articles/CBMiwAFBVV95cUxQbGg4U2NacURtWFVBSUstM0JSV29|UnoTV|abcnoticias.mx",
        "source_count": 4
      }
    },
    {
      "type": "Feature",
      "geometry": {
        "type": "Point",
        "coordinates": [
          -98.25078197796157,
          18.779779685621627
        ]
      },
      "properties": {
        "id": "G64E473F6",
        "type": "ufo",
        "date": "2026-02-16",
        "recent": true,
        "isNew": false,
        "title": "Captan a OVNI en cielo nocturno de la CDMX; video se viraliza en X - El Universal",
        "description": "Google News. Búsqueda: 'OVNI CDMX Ciudad de México'. Fuente: El Universal.",
        "witnesses": 0,
        "credibility": "BAJA (señal noticiosa)",
        "country": "MX",
        "sources": "El Universal|https://news.google.com/rss/articles/CBMirAFBVV95cUxPSmlQNFctVlpURnRVeVdIWWl4Qm5",
        "source_count": 2
      }
    },
    {
      "type": "Feature",
      "geometry": {
        "type": "Point",
        "coordinates": [
          -98.87995155929684,
          20.23962696130832
        ]
      },
      "properties": {
        "id": "G88796467",
        "type": "ufo",
        "date": "2026-02-16",
        "recent": true,
        "isNew": false,
        "title": "VIDEO: Captan OVNI sobrevolando la Ciudad de México - Récord",
        "description": "Google News. Búsqueda: 'OVNI CDMX Ciudad de México'. Fuente: Récord.",
        "witnesses": 0,
        "credibility": "BAJA (señal noticiosa)",
        "country": "MX",
        "sources": "Récord|https://news.google.com/rss/articles/CBMiqAFBVV95cUxQS09YeEFrR0dPVWRVa0pYNzFBaUU",
        "source_count": 2
      }
    },
    {
      "type": "Feature",
      "geometry": {
        "type": "Point",
        "coordinates": [
          -98.8825099234697,
          18.74482701490823
        ]
      },
      "properties": {
        "id": "GEBF0EA63",
        "type": "lights_sky",
        "date": "2026-06-22",
        "recent": true,
        "isNew": false,
        "title": "#Video I ¿Qué era esa misteriosa luz en el cielo de la CDMX? 🌌✨ ⁣ ⁣ Una extraña luminosidad sorprendió a habitantes durante los festejos en la capital, generando todo tipo de teorías en redes sociales: desde OVNIs hasta fenómenos naturales 👀⁣ ⁣ #Azte - instagram.com",
        "description": "Google News. Búsqueda: 'OVNI CDMX Ciudad de México'. Fuente: instagram.com.",
        "witnesses": 0,
        "credibility": "BAJA (señal noticiosa)",
        "country": "MX",
        "sources": "instagram.com|https://news.google.com/rss/articles/CBMiVkFVX3lxTE1nTlFRVTBpWVB5cURRRmdFUWpOQ1N",
        "source_count": 2
      }
    },
    {
      "type": "Feature",
      "geometry": {
        "type": "Point",
        "coordinates": [
          -99.65544272232957,
          20.415110990675373
        ]
      },
      "properties": {
        "id": "GD89E9EF8",
        "type": "ufo",
        "date": "2026-02-17",
        "recent": true,
        "isNew": false,
        "title": "Ovni sobre la Torre Latinoamericana en la zona centro de la CDMX - adn40.mx",
        "description": "Google News. Búsqueda: 'OVNI CDMX Ciudad de México'. Fuente: adn40.mx.",
        "witnesses": 0,
        "credibility": "BAJA (señal noticiosa)",
        "country": "MX",
        "sources": "adn40.mx|https://news.google.com/rss/articles/CBMiowFBVV95cUxNdFZTQl9zcG5pSEZ2VXp3YXpHcUJ",
        "source_count": 2
      }
    },
    {
      "type": "Feature",
      "geometry": {
        "type": "Point",
        "coordinates": [
          -99.85831959320994,
          20.1529044945871
        ]
      },
      "properties": {
        "id": "GB6775E2D",
        "type": "ufo",
        "date": "2023-08-03",
        "recent": true,
        "isNew": false,
        "title": "Captan un supuesto ovni sobrevolando una avenida en la Ciudad de México - telemundo.com",
        "description": "Google News. Búsqueda: 'OVNI CDMX Ciudad de México'. Fuente: telemundo.com.",
        "witnesses": 0,
        "credibility": "BAJA (señal noticiosa)",
        "country": "MX",
        "sources": "telemundo.com|https://news.google.com/rss/articles/CBMi4gFBVV95cUxQZDh5TVFjMm9hb2dySGxoNk5FZGE",
        "source_count": 2
      }
    },
    {
      "type": "Feature",
      "geometry": {
        "type": "Point",
        "coordinates": [
          -100.06740580459157,
          19.048737041163125
        ]
      },
      "properties": {
        "id": "G7C92A816",
        "type": "contact",
        "date": "2025-07-09",
        "recent": true,
        "isNew": false,
        "title": "¡Es este fin de semana! Festival Internacional de Cine Extraterrestre llega a la CdMx - Milenio",
        "description": "Google News. Búsqueda: 'OVNI CDMX Ciudad de México'. Fuente: Milenio.",
        "witnesses": 0,
        "credibility": "BAJA (señal noticiosa)",
        "country": "MX",
        "sources": "Milenio|https://news.google.com/rss/articles/CBMimwFBVV95cUxPbEM4UF9pSWlsQkxfZTdMTDRReXR",
        "source_count": 2
      }
    },
    {
      "type": "Feature",
      "geometry": {
        "type": "Point",
        "coordinates": [
          -101.38616681899546,
          24.210966447087653
        ]
      },
      "properties": {
        "id": "G6D6D0275",
        "type": "ufo",
        "date": "2025-04-25",
        "recent": true,
        "isNew": false,
        "title": "Misterioso objeto cruza el cielo en México y desata teorías de OVNIs - PSN Noticias",
        "description": "Google News. Búsqueda: 'OVNI CDMX Ciudad de México'. Fuente: PSN Noticias.",
        "witnesses": 0,
        "credibility": "BAJA (señal noticiosa)",
        "country": "MX",
        "sources": "PSN Noticias|https://news.google.com/rss/articles/CBMiZ0FVX3lxTE1oRmZKdzhZNXFsd0ZQXzlDWUFzdzF",
        "source_count": 2
      }
    },
    {
      "type": "Feature",
      "geometry": {
        "type": "Point",
        "coordinates": [
          -98.21850507792234,
          20.171219099192374
        ]
      },
      "properties": {
        "id": "G94432B56",
        "type": "ufo",
        "date": "2024-09-19",
        "recent": true,
        "isNew": false,
        "title": "Así se vio el extraño objeto luminoso \"volando\" en CDMX (VIDEO) - El Informador",
        "description": "Google News. Búsqueda: 'OVNI CDMX Ciudad de México'. Fuente: El Informador.",
        "witnesses": 0,
        "credibility": "BAJA (señal noticiosa)",
        "country": "MX",
        "sources": "El Informador|https://news.google.com/rss/articles/CBMi3gFBVV95cUxQZ0lrNXR3SGdlaTVBT01aSzNoamt",
        "source_count": 2
      }
    },
    {
      "type": "Feature",
      "geometry": {
        "type": "Point",
        "coordinates": [
          -99.5920876916274,
          18.770837638286206
        ]
      },
      "properties": {
        "id": "GFB2E74C3",
        "type": "volcano",
        "date": "2026-04-02",
        "recent": true,
        "isNew": false,
        "title": "Captan “cilindro volador” cerca del volcán Popocatépetl; el video ya circula en redes sociales - UnoTV",
        "description": "Google News. Búsqueda: 'Popocatépetl objeto extraño'. Fuente: UnoTV.",
        "witnesses": 0,
        "credibility": "BAJA (señal noticiosa)",
        "country": "MX",
        "sources": "UnoTV|https://news.google.com/rss/articles/CBMijAFBVV95cUxOQW9Tc0RIcDlGY0pqSzB4dWFDdC1",
        "source_count": 2
      }
    },
    {
      "type": "Feature",
      "geometry": {
        "type": "Point",
        "coordinates": [
          -97.89046098621736,
          18.87255525420518
        ]
      },
      "properties": {
        "id": "G5E94EA4E",
        "type": "lights_sky",
        "date": "2025-06-06",
        "recent": true,
        "isNew": false,
        "title": "¿Extraños objetos en el Popocatépetl? Captan inusual tren de luces - El Sol de México",
        "description": "Google News. Búsqueda: 'Popocatépetl objeto extraño'. Fuente: El Sol de México.",
        "witnesses": 0,
        "credibility": "BAJA (señal noticiosa)",
        "country": "MX",
        "sources": "El Sol de México|https://news.google.com/rss/articles/CBMiswFBVV95cUxPb0IxS01jblpEZjQzajQ5QWhDdlJ",
        "source_count": 2
      }
    },
    {
      "type": "Feature",
      "geometry": {
        "type": "Point",
        "coordinates": [
          -99.27239031587955,
          18.96938583311675
        ]
      },
      "properties": {
        "id": "GE275AF03",
        "type": "volcano",
        "date": "2024-03-17",
        "recent": true,
        "isNew": false,
        "title": "Viral: Captan Extraño Objeto Volando Sobre el Popocatépetl - N+",
        "description": "Google News. Búsqueda: 'Popocatépetl objeto extraño'. Fuente: N+.",
        "witnesses": 0,
        "credibility": "BAJA (señal noticiosa)",
        "country": "MX",
        "sources": "N+|https://news.google.com/rss/articles/CBMiqAFBVV95cUxQblVLSHhUYnRLSDdNcVhfbEE1UVo",
        "source_count": 2
      }
    },
    {
      "type": "Feature",
      "geometry": {
        "type": "Point",
        "coordinates": [
          -99.04104304322871,
          19.796048553383194
        ]
      },
      "properties": {
        "id": "GF29295AC",
        "type": "volcano",
        "date": "2021-12-23",
        "recent": true,
        "isNew": false,
        "title": "Video: Un extraño objeto luminoso fue captado en el Popocatépetl - Infobae",
        "description": "Google News. Búsqueda: 'Popocatépetl objeto extraño'. Fuente: Infobae.",
        "witnesses": 0,
        "credibility": "BAJA (señal noticiosa)",
        "country": "MX",
        "sources": "Infobae|https://news.google.com/rss/articles/CBMitAFBVV95cUxOV2FSZTk1YXBlNW52RE84MXkzaTZ",
        "source_count": 2
      }
    },
    {
      "type": "Feature",
      "geometry": {
        "type": "Point",
        "coordinates": [
          -98.85492987695112,
          19.471004996274306
        ]
      },
      "properties": {
        "id": "G926DF3A9",
        "type": "volcano",
        "date": "2024-08-20",
        "recent": true,
        "isNew": false,
        "title": "Volcán Popocatépetl: captan extraño “objeto verde”; video - UnoTV",
        "description": "Google News. Búsqueda: 'Popocatépetl objeto extraño'. Fuente: UnoTV.",
        "witnesses": 0,
        "credibility": "BAJA (señal noticiosa)",
        "country": "MX",
        "sources": "UnoTV|https://news.google.com/rss/articles/CBMilgFBVV95cUxQOVNlUEkwdVJTVnNPbUFxZ1MxYWI",
        "source_count": 2
      }
    },
    {
      "type": "Feature",
      "geometry": {
        "type": "Point",
        "coordinates": [
          -98.47426214908042,
          19.315408941861104
        ]
      },
      "properties": {
        "id": "GC57E5154",
        "type": "volcano",
        "date": "2024-05-09",
        "recent": true,
        "isNew": false,
        "title": "Captan extraño triángulo luminoso sobre el Popocatépetl; ¿se trata de un OVNI? (VIDEO) - Reporte Indigo",
        "description": "Google News. Búsqueda: 'Popocatépetl objeto extraño'. Fuente: Reporte Indigo.",
        "witnesses": 0,
        "credibility": "BAJA (señal noticiosa)",
        "country": "MX",
        "sources": "Reporte Indigo|https://news.google.com/rss/articles/CBMi1gFBVV95cUxOb09BTElVaU9yeVpDdnBKTmVzRjZ",
        "source_count": 2
      }
    },
    {
      "type": "Feature",
      "geometry": {
        "type": "Point",
        "coordinates": [
          -98.57509680307646,
          18.504224971275974
        ]
      },
      "properties": {
        "id": "GBAB3BD56",
        "type": "contact",
        "date": "2024-06-19",
        "recent": true,
        "isNew": false,
        "title": "Video: Captan extraña luz saliendo del Popocatépetl - El Mexicano",
        "description": "Google News. Búsqueda: 'Popocatépetl objeto extraño'. Fuente: El Mexicano.",
        "witnesses": 0,
        "credibility": "BAJA (señal noticiosa)",
        "country": "MX",
        "sources": "El Mexicano|https://news.google.com/rss/articles/CBMisAFBVV95cUxQNkFCNUVvRTF1eWh2cm82TjhJU1d",
        "source_count": 2
      }
    },
    {
      "type": "Feature",
      "geometry": {
        "type": "Point",
        "coordinates": [
          -99.04229043704348,
          18.848370238648272
        ]
      },
      "properties": {
        "id": "GAEA6ED31",
        "type": "lights_sky",
        "date": "2023-12-10",
        "recent": true,
        "isNew": false,
        "title": "Captan extraña luz sobre el Volcán Popocatépetl - abcnoticias.mx",
        "description": "Google News. Búsqueda: 'Popocatépetl objeto extraño'. Fuente: abcnoticias.mx.",
        "witnesses": 0,
        "credibility": "BAJA (señal noticiosa)",
        "country": "MX",
        "sources": "abcnoticias.mx|https://news.google.com/rss/articles/CBMipAFBVV95cUxNSXR3TjVyR05fSVkzYll2LWpMNG9",
        "source_count": 2
      }
    },
    {
      "type": "Feature",
      "geometry": {
        "type": "Point",
        "coordinates": [
          -98.60212739634866,
          19.158955900212856
        ]
      },
      "properties": {
        "id": "G19AA4AE7",
        "type": "volcano",
        "date": "2024-05-09",
        "recent": true,
        "isNew": false,
        "title": "¿OVNI en el volcán Popocatépetl? Misterioso avistamiento de objeto luminoso captado en VIDEO - TV Azteca",
        "description": "Google News. Búsqueda: 'Popocatépetl objeto extraño'. Fuente: TV Azteca.",
        "witnesses": 0,
        "credibility": "BAJA (señal noticiosa)",
        "country": "MX",
        "sources": "TV Azteca|https://news.google.com/rss/articles/CBMipAFBVV95cUxPb1hTZlI5aXZ3OWNiSU1QUHFpVjB",
        "source_count": 2
      }
    },
    {
      "type": "Feature",
      "geometry": {
        "type": "Point",
        "coordinates": [
          -99.55056261503785,
          19.56226291354862
        ]
      },
      "properties": {
        "id": "G57FF5FF6",
        "type": "volcano",
        "date": "2024-05-09",
        "recent": true,
        "isNew": false,
        "title": "VIDEO: Captan extraño objeto volando sobre el Popocatépetl - Hoy Tamaulipas",
        "description": "Google News. Búsqueda: 'Popocatépetl objeto extraño'. Fuente: Hoy Tamaulipas.",
        "witnesses": 0,
        "credibility": "BAJA (señal noticiosa)",
        "country": "MX",
        "sources": "Hoy Tamaulipas|https://news.google.com/rss/articles/CBMiqgFBVV95cUxNSkREQzN3UjF1SC1HM0szT3lBbEI",
        "source_count": 2
      }
    },
    {
      "type": "Feature",
      "geometry": {
        "type": "Point",
        "coordinates": [
          -99.15189715711564,
          19.664873519775934
        ]
      },
      "properties": {
        "id": "G65CC1F1C",
        "type": "volcano",
        "date": "2022-10-06",
        "recent": true,
        "isNew": false,
        "title": "¿Fue un OVNI? El extraño objeto luminoso que entró al Popocatépetl - Norte de Ciudad Juárez",
        "description": "Google News. Búsqueda: 'Popocatépetl objeto extraño'. Fuente: Norte de Ciudad Juárez.",
        "witnesses": 0,
        "credibility": "BAJA (señal noticiosa)",
        "country": "MX",
        "sources": "Norte de Ciudad Juárez|https://news.google.com/rss/articles/CBMikwFBVV95cUxOYlRIOGxiREFnU2VwMW82VFZnSDF",
        "source_count": 2
      }
    },
    {
      "type": "Feature",
      "geometry": {
        "type": "Point",
        "coordinates": [
          -98.39892515182397,
          18.45570761174758
        ]
      },
      "properties": {
        "id": "G574ACAAE",
        "type": "contact",
        "date": "2026-03-19",
        "recent": true,
        "isNew": false,
        "title": "¿OVNIS en el Popocatépetl? Luces misteriosas captadas desde un avión desatan teorías 👽🌋 Un video muestra objetos luminosos moviéndose cerca del cráter de “Don Goyo”, generando debate entre quienes hablan de actividad extraterrestre… y quienes b - instagram.com",
        "description": "Google News. Búsqueda: 'Popocatépetl objeto extraño'. Fuente: instagram.com.",
        "witnesses": 0,
        "credibility": "BAJA (señal noticiosa)",
        "country": "MX",
        "sources": "instagram.com|https://news.google.com/rss/articles/CBMiVkFVX3lxTE9yS2toUk1rMFQ0R0p6eVFVallsT3B",
        "source_count": 2
      }
    },
    {
      "type": "Feature",
      "geometry": {
        "type": "Point",
        "coordinates": [
          -98.66191373924023,
          19.629821059004634
        ]
      },
      "properties": {
        "id": "G38E9E302",
        "type": "lights_sky",
        "date": "2026-01-20",
        "recent": true,
        "isNew": false,
        "title": "¿Ahora no son ovnis? Captan raros “pilares” de luz en el Popocatépetl - UnoTV",
        "description": "Google News. Búsqueda: 'Popocatépetl luces OVNI volcán'. Fuente: UnoTV.",
        "witnesses": 0,
        "credibility": "BAJA (señal noticiosa)",
        "country": "MX",
        "sources": "UnoTV|https://news.google.com/rss/articles/CBMipgFBVV95cUxQTFRxWS1DbXVYREJiY2VEbm1RU3d",
        "source_count": 2
      }
    },
    {
      "type": "Feature",
      "geometry": {
        "type": "Point",
        "coordinates": [
          -99.02938689672997,
          19.418281405779958
        ]
      },
      "properties": {
        "id": "G6B53E48D",
        "type": "lights_sky",
        "date": "2024-12-23",
        "recent": true,
        "isNew": false,
        "title": "¿Ovnis en el Popocatépetl? No, luces sobre el volcán se atribuyen a satélites de Elon Musk - Grupo Animal",
        "description": "Google News. Búsqueda: 'Popocatépetl luces OVNI volcán'. Fuente: Grupo Animal.",
        "witnesses": 0,
        "credibility": "BAJA (señal noticiosa)",
        "country": "MX",
        "sources": "Grupo Animal|https://news.google.com/rss/articles/CBMiggFBVV95cUxQWEJHXzBPSWpTSTFxcEYwRldYUTE",
        "source_count": 2
      }
    },
    {
      "type": "Feature",
      "geometry": {
        "type": "Point",
        "coordinates": [
          -98.69745422186206,
          18.508618982628583
        ]
      },
      "properties": {
        "id": "GDC2F088A",
        "type": "lights_sky",
        "date": "2021-09-23",
        "recent": true,
        "isNew": false,
        "title": "Qué fueron las luces que se vieron en el cielo junto al volcán Popocatépetl - Infobae",
        "description": "Google News. Búsqueda: 'Popocatépetl luces OVNI volcán'. Fuente: Infobae.",
        "witnesses": 0,
        "credibility": "BAJA (señal noticiosa)",
        "country": "MX",
        "sources": "Infobae|https://news.google.com/rss/articles/CBMixAFBVV95cUxQRHNJLXlfd2c3R0dNNElNakFfUGd",
        "source_count": 2
      }
    },
    {
      "type": "Feature",
      "geometry": {
        "type": "Point",
        "coordinates": [
          -99.2311197135722,
          18.79291097587092
        ]
      },
      "properties": {
        "id": "G8449F43D",
        "type": "lights_sky",
        "date": "2024-12-04",
        "recent": true,
        "isNew": false,
        "title": "VÍDEO: ¿Fue un ovni? Un misterioso triángulo de luz pasa sobre el volcán Popocatépetl y desata todo tipo de - antena3.com",
        "description": "Google News. Búsqueda: 'Popocatépetl luces OVNI volcán'. Fuente: antena3.com.",
        "witnesses": 0,
        "credibility": "BAJA (señal noticiosa)",
        "country": "MX",
        "sources": "antena3.com|https://news.google.com/rss/articles/CBMi-gFBVV95cUxObHd0Q1lRVHZEeVh0RkdfdHU3dmV",
        "source_count": 2
      }
    },
    {
      "type": "Feature",
      "geometry": {
        "type": "Point",
        "coordinates": [
          -97.72581904257187,
          18.31512474612494
        ]
      },
      "properties": {
        "id": "GA46BAE16",
        "type": "lights_sky",
        "date": "2025-09-30",
        "recent": true,
        "isNew": false,
        "title": "¿Qué Es Eso? Captan Luces Extrañas cerca del Volcán Popocatépetl - N+",
        "description": "Google News. Búsqueda: 'Popocatépetl luces OVNI volcán'. Fuente: N+.",
        "witnesses": 0,
        "credibility": "BAJA (señal noticiosa)",
        "country": "MX",
        "sources": "N+|https://news.google.com/rss/articles/CBMi6AFBVV95cUxOZFhSRUN3WmxmREllSmMyR3lhZ05",
        "source_count": 2
      }
    },
    {
      "type": "Feature",
      "geometry": {
        "type": "Point",
        "coordinates": [
          -97.78959635487351,
          18.158948371254883
        ]
      },
      "properties": {
        "id": "G01DF44B7",
        "type": "contact",
        "date": "2023-09-01",
        "recent": true,
        "isNew": false,
        "title": "Extrañas luces fueron captadas saliendo del cráter del Popocatépetl - telemundo.com",
        "description": "Google News. Búsqueda: 'Popocatépetl luces OVNI volcán'. Fuente: telemundo.com.",
        "witnesses": 0,
        "credibility": "BAJA (señal noticiosa)",
        "country": "MX",
        "sources": "telemundo.com|https://news.google.com/rss/articles/CBMi0gFBVV95cUxQSVg1aEdDd2hZX291VEJENUZjQkl",
        "source_count": 2
      }
    },
    {
      "type": "Feature",
      "geometry": {
        "type": "Point",
        "coordinates": [
          -97.98101675626087,
          18.585536256403284
        ]
      },
      "properties": {
        "id": "G8FC82838",
        "type": "lights_sky",
        "date": "2023-06-19",
        "recent": true,
        "isNew": false,
        "title": "Captan extraña luz en el Popocatépetl y usuarios aseguran que podría ser un ovni: mira el video - Univision",
        "description": "Google News. Búsqueda: 'Popocatépetl luces OVNI volcán'. Fuente: Univision.",
        "witnesses": 0,
        "credibility": "BAJA (señal noticiosa)",
        "country": "MX",
        "sources": "Univision|https://news.google.com/rss/articles/CBMirgFBVV95cUxQNFNPeXR5WW82OGFOQnVMRWpQeHd",
        "source_count": 2
      }
    },
    {
      "type": "Feature",
      "geometry": {
        "type": "Point",
        "coordinates": [
          -99.35964103650427,
          18.139564733234664
        ]
      },
      "properties": {
        "id": "G27C92773",
        "type": "volcano",
        "date": "2025-08-29",
        "recent": true,
        "isNew": false,
        "title": "¿OVNIs en el Popocatépetl? Captan objetos luminosos cerca del cráter - Nación321",
        "description": "Google News. Búsqueda: 'Popocatépetl luces OVNI volcán'. Fuente: Nación321.",
        "witnesses": 0,
        "credibility": "BAJA (señal noticiosa)",
        "country": "MX",
        "sources": "Nación321|https://news.google.com/rss/articles/CBMisgFBVV95cUxPeUFha1NMU0c4ZU5Reldoa2ZuSEV",
        "source_count": 2
      }
    },
    {
      "type": "Feature",
      "geometry": {
        "type": "Point",
        "coordinates": [
          -99.32583273829039,
          19.353875881987825
        ]
      },
      "properties": {
        "id": "G289C98F7",
        "type": "lights_sky",
        "date": "2024-12-03",
        "recent": true,
        "isNew": false,
        "title": "¿Un Ovni? Captan 'EXTRAÑA' luz triangular ascendiendo por el volcán Popocatépetl | VIDEO - Milenio",
        "description": "Google News. Búsqueda: 'Popocatépetl luces OVNI volcán'. Fuente: Milenio.",
        "witnesses": 0,
        "credibility": "BAJA (señal noticiosa)",
        "country": "MX",
        "sources": "Milenio|https://news.google.com/rss/articles/CBMilgFBVV95cUxPcUh0SlBWbGJiOWdVMmRVeVFWTll",
        "source_count": 2
      }
    },
    {
      "type": "Feature",
      "geometry": {
        "type": "Point",
        "coordinates": [
          -97.88779608979523,
          18.424054339224906
        ]
      },
      "properties": {
        "id": "GC97EF7D4",
        "type": "lights_sky",
        "date": "2024-02-24",
        "recent": true,
        "isNew": false,
        "title": "¿Otro OVNI en el Popo? Extraña luz se observa muy cerca del volcán - El Sol de México",
        "description": "Google News. Búsqueda: 'Popocatépetl luces OVNI volcán'. Fuente: El Sol de México.",
        "witnesses": 0,
        "credibility": "BAJA (señal noticiosa)",
        "country": "MX",
        "sources": "El Sol de México|https://news.google.com/rss/articles/CBMisgFBVV95cUxPSUp0TGU1UkF2NkRoaHNFZHlqQWV",
        "source_count": 2
      }
    },
    {
      "type": "Feature",
      "geometry": {
        "type": "Point",
        "coordinates": [
          -98.4686987083125,
          18.15680419709862
        ]
      },
      "properties": {
        "id": "GEC9FA626",
        "type": "volcano",
        "date": "2025-06-15",
        "recent": true,
        "isNew": false,
        "title": "¿Ovnis aparecen sobre el Popocatépetl? Inquietantes grabaciones levantan sospechas - elgrafico.mx",
        "description": "Google News. Búsqueda: 'Popocatépetl luces OVNI volcán'. Fuente: elgrafico.mx.",
        "witnesses": 0,
        "credibility": "BAJA (señal noticiosa)",
        "country": "MX",
        "sources": "elgrafico.mx|https://news.google.com/rss/articles/CBMi3gFBVV95cUxPZnluQTRicW9YOF9tQUZKbzBtUlJ",
        "source_count": 2
      }
    },
    {
      "type": "Feature",
      "geometry": {
        "type": "Point",
        "coordinates": [
          -101.96488589979673,
          24.379417548582353
        ]
      },
      "properties": {
        "id": "GBC282B4E",
        "type": "ufo",
        "date": "2025-11-18",
        "recent": true,
        "isNew": false,
        "title": "`Cazador de ovnis´ documenta dos nuevos avistamientos en Tampico y Madero - El Sol de México",
        "description": "Google News. Búsqueda: 'Tamaulipas luces extrañas OVNI'. Fuente: El Sol de México.",
        "witnesses": 0,
        "credibility": "BAJA (señal noticiosa)",
        "country": "MX",
        "sources": "El Sol de México|https://news.google.com/rss/articles/CBMiwwFBVV95cUxOMjZDOUkybjEyc3U5Znd5bEtYWWx",
        "source_count": 2
      }
    },
    {
      "type": "Feature",
      "geometry": {
        "type": "Point",
        "coordinates": [
          -98.68166482552445,
          24.078713203330796
        ]
      },
      "properties": {
        "id": "G9FED9151",
        "type": "lights_sky",
        "date": "2023-07-23",
        "recent": true,
        "isNew": false,
        "title": "¿Es un ovni? Captan extrañas luces en el cielo este domingo en Tamaulipas - Milenio",
        "description": "Google News. Búsqueda: 'Tamaulipas luces extrañas OVNI'. Fuente: Milenio.",
        "witnesses": 0,
        "credibility": "BAJA (señal noticiosa)",
        "country": "MX",
        "sources": "Milenio|https://news.google.com/rss/articles/CBMihAFBVV95cUxQZTA3dWF4ZG5BNVUtZ2RSNlYweU9",
        "source_count": 2
      }
    },
    {
      "type": "Feature",
      "geometry": {
        "type": "Point",
        "coordinates": [
          -98.25291020895915,
          23.622742605120802
        ]
      },
      "properties": {
        "id": "G024B2FFD",
        "type": "ufo",
        "date": "2025-07-02",
        "recent": true,
        "isNew": false,
        "title": "Día Mundial del OVNI 2025: ¿Qué Misterios Oculta el Cielo del Sur de Tamaulipas? - N+",
        "description": "Google News. Búsqueda: 'Tamaulipas luces extrañas OVNI'. Fuente: N+.",
        "witnesses": 0,
        "credibility": "BAJA (señal noticiosa)",
        "country": "MX",
        "sources": "N+|https://news.google.com/rss/articles/CBMi2AFBVV95cUxOWVF3by1BQUsxYXl0eUFsNWNnLVl",
        "source_count": 2
      }
    },
    {
      "type": "Feature",
      "geometry": {
        "type": "Point",
        "coordinates": [
          -98.02208431544868,
          23.83742122166274
        ]
      },
      "properties": {
        "id": "G90510322",
        "type": "lights_sky",
        "date": "2021-02-01",
        "recent": true,
        "isNew": false,
        "title": "Extrañas luces en Playa Miramar; creen que es un Ovni - Hoy Tamaulipas",
        "description": "Google News. Búsqueda: 'Tamaulipas luces extrañas OVNI'. Fuente: Hoy Tamaulipas.",
        "witnesses": 0,
        "credibility": "BAJA (señal noticiosa)",
        "country": "MX",
        "sources": "Hoy Tamaulipas|https://news.google.com/rss/articles/CBMiowFBVV95cUxNNERWTDNRZ2dHOUhIeWo0a2xITGN",
        "source_count": 2
      }
    },
    {
      "type": "Feature",
      "geometry": {
        "type": "Point",
        "coordinates": [
          -98.20552022556689,
          23.073216318844555
        ]
      },
      "properties": {
        "id": "GD7CA4648",
        "type": "lights_sky",
        "date": "2025-06-24",
        "recent": true,
        "isNew": false,
        "title": "¿Qué fue eso? Aparece extraña luz verde en el cielo de Tampico, Tamaulipas - UnoTV",
        "description": "Google News. Búsqueda: 'Tamaulipas luces extrañas OVNI'. Fuente: UnoTV.",
        "witnesses": 0,
        "credibility": "BAJA (señal noticiosa)",
        "country": "MX",
        "sources": "UnoTV|https://news.google.com/rss/articles/CBMiswFBVV95cUxOc3cxUFVabEtzMEZOTHRGQ1F2RWg",
        "source_count": 2
      }
    },
    {
      "type": "Feature",
      "geometry": {
        "type": "Point",
        "coordinates": [
          -98.11221529218606,
          23.60813438691391
        ]
      },
      "properties": {
        "id": "GE59EBF7C",
        "type": "ufo",
        "date": "2024-07-10",
        "recent": true,
        "isNew": false,
        "title": "Captan presunto avistamiento de OVNI en Tampico, Tamaulipas - abcnoticias.mx",
        "description": "Google News. Búsqueda: 'Tamaulipas luces extrañas OVNI'. Fuente: abcnoticias.mx.",
        "witnesses": 0,
        "credibility": "BAJA (señal noticiosa)",
        "country": "MX",
        "sources": "abcnoticias.mx|https://news.google.com/rss/articles/CBMiswFBVV95cUxNS0pDa2M0WFZ6bXFTTnFrbUJ5cjN",
        "source_count": 2
      }
    },
    {
      "type": "Feature",
      "geometry": {
        "type": "Point",
        "coordinates": [
          -102.95908244060332,
          22.506897439588126
        ]
      },
      "properties": {
        "id": "G9985BD34",
        "type": "lights_sky",
        "date": "2021-02-01",
        "recent": true,
        "isNew": false,
        "title": "Captan extrañas luces flotando en Playa Miramar; aseguran que son ovnis que protegen el lugar - El Horizonte",
        "description": "Google News. Búsqueda: 'Tamaulipas luces extrañas OVNI'. Fuente: El Horizonte.",
        "witnesses": 0,
        "credibility": "BAJA (señal noticiosa)",
        "country": "MX",
        "sources": "El Horizonte|https://news.google.com/rss/articles/CBMi0gFBVV95cUxNMmVORmlDY2FGd1RTc1VPOUNpd1J",
        "source_count": 2
      }
    },
    {
      "type": "Feature",
      "geometry": {
        "type": "Point",
        "coordinates": [
          -99.42469060331395,
          24.188439288830825
        ]
      },
      "properties": {
        "id": "GCAD8BA8F",
        "type": "lights_sky",
        "date": "2023-07-24",
        "recent": true,
        "isNew": false,
        "title": "Observan luces extrañas en el cielo de Tamaulipas, ¿fue un ovni? [Video] - El Sol de México",
        "description": "Google News. Búsqueda: 'Tamaulipas luces extrañas OVNI'. Fuente: El Sol de México.",
        "witnesses": 0,
        "credibility": "BAJA (señal noticiosa)",
        "country": "MX",
        "sources": "El Sol de México|https://news.google.com/rss/articles/CBMirgFBVV95cUxPaTVWMnJ3b1Fyd0hpcE5EVDltVUI",
        "source_count": 2
      }
    },
    {
      "type": "Feature",
      "geometry": {
        "type": "Point",
        "coordinates": [
          -98.21617116217006,
          23.495869515371048
        ]
      },
      "properties": {
        "id": "GFC587535",
        "type": "lights_sky",
        "date": "2024-03-01",
        "recent": true,
        "isNew": false,
        "title": "Extrañas luces aparecen en el cielo de Valle Hermoso, Tamaulipas ¿Ovnis? - Milenio",
        "description": "Google News. Búsqueda: 'Tamaulipas luces extrañas OVNI'. Fuente: Milenio.",
        "witnesses": 0,
        "credibility": "BAJA (señal noticiosa)",
        "country": "MX",
        "sources": "Milenio|https://news.google.com/rss/articles/CBMilwFBVV95cUxNZ1RiY3MwSnBKa1g0VC15Ui1VQ0N",
        "source_count": 2
      }
    },
    {
      "type": "Feature",
      "geometry": {
        "type": "Point",
        "coordinates": [
          -99.14949175003963,
          24.928208333700475
        ]
      },
      "properties": {
        "id": "GBF8308D4",
        "type": "ufo",
        "date": "2024-11-20",
        "recent": true,
        "isNew": false,
        "title": "Captan OVNI sumergiéndose en el mar de Tampico, Tamaulipas - abcnoticias.mx",
        "description": "Google News. Búsqueda: 'Tamaulipas luces extrañas OVNI'. Fuente: abcnoticias.mx.",
        "witnesses": 0,
        "credibility": "BAJA (señal noticiosa)",
        "country": "MX",
        "sources": "abcnoticias.mx|https://news.google.com/rss/articles/CBMitAFBVV95cUxNWko3MFBoZzRhS0l5LVd3RkpILWJ",
        "source_count": 2
      }
    },
    {
      "type": "Feature",
      "geometry": {
        "type": "Point",
        "coordinates": [
          -98.97073412640431,
          24.118388706332407
        ]
      },
      "properties": {
        "id": "G6DF74D57",
        "type": "ufo",
        "date": "2024-06-21",
        "recent": true,
        "isNew": false,
        "title": "Tampico: captan presunto ovni; dicen desvió tormenta Alberto - UnoTV",
        "description": "Google News. Búsqueda: 'Tamaulipas luces extrañas OVNI'. Fuente: UnoTV.",
        "witnesses": 0,
        "credibility": "BAJA (señal noticiosa)",
        "country": "MX",
        "sources": "UnoTV|https://news.google.com/rss/articles/CBMipAFBVV95cUxOTmxPX0hoM0JKajY1U1J1bTIxYVl",
        "source_count": 2
      }
    },
    {
      "type": "Feature",
      "geometry": {
        "type": "Point",
        "coordinates": [
          -99.82390480536472,
          23.799249170779007
        ]
      },
      "properties": {
        "id": "GB29C0AF8",
        "type": "ufo",
        "date": "2025-08-10",
        "recent": true,
        "isNew": false,
        "title": "¿Dónde reportar un avistamiento ovni? Científicos de Tamaulipas crean el primer centro mexicano para estudiar el fenómeno - El Sol de México",
        "description": "Google News. Búsqueda: 'Tamaulipas luces extrañas OVNI'. Fuente: El Sol de México.",
        "witnesses": 0,
        "credibility": "BAJA (señal noticiosa)",
        "country": "MX",
        "sources": "El Sol de México|https://news.google.com/rss/articles/CBMiigJBVV95cUxQdUxjZmVNU3ZCZ0pyZ19KX3U3VnV",
        "source_count": 2
      }
    },
    {
      "type": "Feature",
      "geometry": {
        "type": "Point",
        "coordinates": [
          -117.46832430988884,
          31.573908757603185
        ]
      },
      "properties": {
        "id": "GD62CA6E0",
        "type": "ufo",
        "date": "2026-06-09",
        "recent": true,
        "isNew": false,
        "title": "¿OVNI en Tijuana? Extraño objeto triangular inmóvil sorprende a habitantes y causa debate - TV Azteca",
        "description": "Google News. Búsqueda: 'Tijuana OVNI luces cielo'. Fuente: TV Azteca.",
        "witnesses": 0,
        "credibility": "BAJA (señal noticiosa)",
        "country": "MX",
        "sources": "TV Azteca|https://news.google.com/rss/articles/CBMipgFBVV95cUxNSkpvY0YwV0xqOXEzR2dOTHJWVEd",
        "source_count": 2
      }
    },
    {
      "type": "Feature",
      "geometry": {
        "type": "Point",
        "coordinates": [
          -116.4166696757689,
          33.28556680249428
        ]
      },
      "properties": {
        "id": "G724F8A8F",
        "type": "ufo",
        "date": "2026-05-05",
        "recent": true,
        "isNew": false,
        "title": "Ovni real o IA, este Objeto Volador No Identificado fue captado en el cielo de Tijuana, México - TV Azteca",
        "description": "Google News. Búsqueda: 'Tijuana OVNI luces cielo'. Fuente: TV Azteca.",
        "witnesses": 0,
        "credibility": "BAJA (señal noticiosa)",
        "country": "MX",
        "sources": "TV Azteca|https://news.google.com/rss/articles/CBMi2gFBVV95cUxOYVNlMkJDNlZ1WEpmVHNIYXltczI",
        "source_count": 2
      }
    },
    {
      "type": "Feature",
      "geometry": {
        "type": "Point",
        "coordinates": [
          -103.67146924322068,
          24.930135510384847
        ]
      },
      "properties": {
        "id": "GFE59E4E1",
        "type": "lights_sky",
        "date": "2022-06-28",
        "recent": true,
        "isNew": false,
        "title": "\"Era un platillo grande, color plateado\": otros puntos en México reportan avistamiento de luces misteriosas - Telemundo San Diego",
        "description": "Google News. Búsqueda: 'Tijuana OVNI luces cielo'. Fuente: Telemundo San Diego.",
        "witnesses": 0,
        "credibility": "BAJA (señal noticiosa)",
        "country": "MX",
        "sources": "Telemundo San Diego|https://news.google.com/rss/articles/CBMi2gFBVV95cUxNM1NwN3g3NGVqcmZpNlk3VS1VaDE",
        "source_count": 2
      }
    },
    {
      "type": "Feature",
      "geometry": {
        "type": "Point",
        "coordinates": [
          -116.54520288599018,
          33.46460349754583
        ]
      },
      "properties": {
        "id": "GB86A1AFE",
        "type": "lights_sky",
        "date": "2022-06-28",
        "recent": true,
        "isNew": false,
        "title": "¿Las viste? Identifican extrañas luces en el cielo de Tijuana - El Sol de México",
        "description": "Google News. Búsqueda: 'Tijuana OVNI luces cielo'. Fuente: El Sol de México.",
        "witnesses": 0,
        "credibility": "BAJA (señal noticiosa)",
        "country": "MX",
        "sources": "El Sol de México|https://news.google.com/rss/articles/CBMiswFBVV95cUxQUnZJTHgzNXZUOFNlbGxWM2hZN0R",
        "source_count": 2
      }
    },
    {
      "type": "Feature",
      "geometry": {
        "type": "Point",
        "coordinates": [
          -117.38020356186777,
          31.727861079266685
        ]
      },
      "properties": {
        "id": "G87A71E05",
        "type": "lights_sky",
        "date": "2022-06-28",
        "recent": true,
        "isNew": false,
        "title": "Alcaldesa de Tijuana desmiente presunto avistamiento OVNI; \"eran luces de bengala\" - Milenio",
        "description": "Google News. Búsqueda: 'Tijuana OVNI luces cielo'. Fuente: Milenio.",
        "witnesses": 0,
        "credibility": "BAJA (señal noticiosa)",
        "country": "MX",
        "sources": "Milenio|https://news.google.com/rss/articles/CBMijwFBVV95cUxNWUNfaXA3ZFloR3JENXpXOEJMMlR",
        "source_count": 2
      }
    },
    {
      "type": "Feature",
      "geometry": {
        "type": "Point",
        "coordinates": [
          -117.66948406149943,
          31.7824506642979
        ]
      },
      "properties": {
        "id": "G5C79B4DF",
        "type": "ufo",
        "date": "2022-06-28",
        "recent": true,
        "isNew": false,
        "title": "VIDEOS: Reportan avistamiento OVNI en Tijuana y San Diego - Super Channel 12",
        "description": "Google News. Búsqueda: 'Tijuana OVNI luces cielo'. Fuente: Super Channel 12.",
        "witnesses": 0,
        "credibility": "BAJA (señal noticiosa)",
        "country": "MX",
        "sources": "https://news.google.com/rss/articles/CBMilgFBVV95cUxPYVBic0x4NC1JTm5BUVpyY29qRm1|https://news.google.com/rss/articles/CBMi2gFBVV95cUxPLWlBWlpSY1BkRkU1TTZjTlkyYk5|Proceso|Super Channel 12",
        "source_count": 4
      }
    },
    {
      "type": "Feature",
      "geometry": {
        "type": "Point",
        "coordinates": [
          -116.75530652656386,
          33.457532262260386
        ]
      },
      "properties": {
        "id": "GBBE89794",
        "type": "ufo",
        "date": "2025-09-21",
        "recent": true,
        "isNew": false,
        "title": "Avistamientos OVNI en Tijuana: ¿Qué esconden las aguas del Pacífico? - elgrafico.mx",
        "description": "Google News. Búsqueda: 'Tijuana OVNI luces cielo'. Fuente: elgrafico.mx.",
        "witnesses": 0,
        "credibility": "BAJA (señal noticiosa)",
        "country": "MX",
        "sources": "elgrafico.mx|https://news.google.com/rss/articles/CBMiygFBVV95cUxPTlpySWhaUWFEV1Rsb1h4dGhLSm5",
        "source_count": 2
      }
    },
    {
      "type": "Feature",
      "geometry": {
        "type": "Point",
        "coordinates": [
          -116.79668629691993,
          32.45213007301635
        ]
      },
      "properties": {
        "id": "G3026C705",
        "type": "ufo",
        "date": "2024-05-13",
        "recent": true,
        "isNew": false,
        "title": "Qué es la supuesta supernova que captaron en el cielo de Tijuana - Infobae",
        "description": "Google News. Búsqueda: 'Tijuana OVNI luces cielo'. Fuente: Infobae.",
        "witnesses": 0,
        "credibility": "BAJA (señal noticiosa)",
        "country": "MX",
        "sources": "Infobae|https://news.google.com/rss/articles/CBMiqwFBVV95cUxPSXZJOXRBS2pfbEFNRWloTlA2elk",
        "source_count": 2
      }
    },
    {
      "type": "Feature",
      "geometry": {
        "type": "Point",
        "coordinates": [
          -104.13578667608505,
          21.830982519517523
        ]
      },
      "properties": {
        "id": "G4087C291",
        "type": "lights_sky",
        "date": "2022-07-01",
        "recent": true,
        "isNew": false,
        "title": "Ovnis en México: ¿Qué eran las luces en el cielo? Esto respondió la policía - Diario de Yucatán",
        "description": "Google News. Búsqueda: 'Tijuana OVNI luces cielo'. Fuente: Diario de Yucatán.",
        "witnesses": 0,
        "credibility": "BAJA (señal noticiosa)",
        "country": "MX",
        "sources": "Diario de Yucatán|https://news.google.com/rss/articles/CBMiyAFBVV95cUxQeC16dk54dU1Na0RGcTdscTlCQ3p",
        "source_count": 2
      }
    },
    {
      "type": "Feature",
      "geometry": {
        "type": "Point",
        "coordinates": [
          -117.00335913133691,
          33.34970822793673
        ]
      },
      "properties": {
        "id": "GEBE19DB6",
        "type": "ufo",
        "date": "2022-06-29",
        "recent": true,
        "isNew": false,
        "title": "¿Ovnis en Tijuana y San Diego? Reportaron objetos extraños en el cielo y se generó un debate en redes - La Nación",
        "description": "Google News. Búsqueda: 'Tijuana OVNI luces cielo'. Fuente: La Nación.",
        "witnesses": 0,
        "credibility": "BAJA (señal noticiosa)",
        "country": "MX",
        "sources": "La Nación|https://news.google.com/rss/articles/CBMi6wFBVV95cUxQS2R3bDV2SlZzRC00UXI4UlZzNmg",
        "source_count": 2
      }
    },
    {
      "type": "Feature",
      "geometry": {
        "type": "Point",
        "coordinates": [
          -117.39918658859649,
          32.61431332755118
        ]
      },
      "properties": {
        "id": "G55B739D2",
        "type": "lights_sky",
        "date": "2022-06-29",
        "recent": true,
        "isNew": false,
        "title": "Luces en el cielo de Tijuana: las captan, pero no las identifican - noro.mx",
        "description": "Google News. Búsqueda: 'Tijuana OVNI luces cielo'. Fuente: noro.mx.",
        "witnesses": 0,
        "credibility": "BAJA (señal noticiosa)",
        "country": "MX",
        "sources": "noro.mx|https://news.google.com/rss/articles/CBMiaEFVX3lxTE9OSDhMdkRBM0dkSjk3MXNtY3pqVTV",
        "source_count": 2
      }
    },
    {
      "type": "Feature",
      "geometry": {
        "type": "Point",
        "coordinates": [
          -102.93538617807516,
          22.626533537784294
        ]
      },
      "properties": {
        "id": "GCBF483AE",
        "type": "uso",
        "date": "2026-09-24",
        "recent": true,
        "isNew": false,
        "title": "El Aerolito, la cueva submarina de Cozumel donde habitan especies únicas - cartademexico.com",
        "description": "Google News. Búsqueda: 'luces submarinas mar México'. Fuente: cartademexico.com.",
        "witnesses": 0,
        "credibility": "BAJA (señal noticiosa)",
        "country": "MX",
        "sources": "cartademexico.com|https://news.google.com/rss/articles/CBMiqgFBVV95cUxOenp0ZjhNWFhCUmwwTXJlTnYyVVJ",
        "source_count": 2
      }
    },
    {
      "type": "Feature",
      "geometry": {
        "type": "Point",
        "coordinates": [
          -103.825591261691,
          20.72113787708869
        ]
      },
      "properties": {
        "id": "G8C3F68E4",
        "type": "lights_sea",
        "date": "2026-02-19",
        "recent": true,
        "isNew": false,
        "title": "¿Bioluminiscencia cerca de Guadalajara? Te contamos dónde y cómo verla - México Desconocido",
        "description": "Google News. Búsqueda: 'luces submarinas mar México'. Fuente: México Desconocido.",
        "witnesses": 0,
        "credibility": "BAJA (señal noticiosa)",
        "country": "MX",
        "sources": "México Desconocido|https://news.google.com/rss/articles/CBMihgFBVV95cUxPMk8zYm1SaHlwclRvRzRUbktGTmF",
        "source_count": 2
      }
    },
    {
      "type": "Feature",
      "geometry": {
        "type": "Point",
        "coordinates": [
          -104.67425172531684,
          20.162358530502356
        ]
      },
      "properties": {
        "id": "G31860C49",
        "type": "lights_sky",
        "date": "2025-07-23",
        "recent": true,
        "isNew": false,
        "title": "Cozumel: la isla que brilla de noche (y no es por las luces) - Greenpeace",
        "description": "Google News. Búsqueda: 'luces submarinas mar México'. Fuente: Greenpeace.",
        "witnesses": 0,
        "credibility": "BAJA (señal noticiosa)",
        "country": "MX",
        "sources": "Greenpeace|https://news.google.com/rss/articles/CBMipgFBVV95cUxNaXp0bnFmTDVIR2R4M1JTTy04YUF",
        "source_count": 2
      }
    },
    {
      "type": "Feature",
      "geometry": {
        "type": "Point",
        "coordinates": [
          -101.50002692771952,
          25.098920650035392
        ]
      },
      "properties": {
        "id": "GB92684B0",
        "type": "uso",
        "date": "2025-09-12",
        "recent": true,
        "isNew": false,
        "title": "Montañas submarinas: el increíble hallazgo en el mar de México que te dejará con la boca abierta - Ambito",
        "description": "Google News. Búsqueda: 'luces submarinas mar México'. Fuente: Ambito.",
        "witnesses": 0,
        "credibility": "BAJA (señal noticiosa)",
        "country": "MX",
        "sources": "Ambito|https://news.google.com/rss/articles/CBMizwFBVV95cUxOQ1ZacXlVbjI1WVA3dktEVUxNM2V",
        "source_count": 2
      }
    },
    {
      "type": "Feature",
      "geometry": {
        "type": "Point",
        "coordinates": [
          -102.07718538019219,
          18.45450094900049
        ]
      },
      "properties": {
        "id": "GCBCF8AA7",
        "type": "lights_sky",
        "date": "2025-11-17",
        "recent": true,
        "isNew": false,
        "title": "Luz verde a siete años de ejercicios navales en el Atlántico y Caribe - Periódico La Perla",
        "description": "Google News. Búsqueda: 'luces submarinas mar México'. Fuente: Periódico La Perla.",
        "witnesses": 0,
        "credibility": "BAJA (señal noticiosa)",
        "country": "MX",
        "sources": "Periódico La Perla|https://news.google.com/rss/articles/CBMitAFBVV95cUxQNFdOYnZRWkFHT0xBUGpNSGF4cWR",
        "source_count": 2
      }
    },
    {
      "type": "Feature",
      "geometry": {
        "type": "Point",
        "coordinates": [
          -103.6512415609375,
          17.79222490895054
        ]
      },
      "properties": {
        "id": "G25504045",
        "type": "lights_sky",
        "date": "2023-07-25",
        "recent": true,
        "isNew": false,
        "title": "Luz y Sonido También Contaminan el Mar - N+",
        "description": "Google News. Búsqueda: 'luces submarinas mar México'. Fuente: N+.",
        "witnesses": 0,
        "credibility": "BAJA (señal noticiosa)",
        "country": "MX",
        "sources": "N+|https://news.google.com/rss/articles/CBMifkFVX3lxTE1qY2dUX1dUOEdiQVpQLXhSM2tBS1J",
        "source_count": 2
      }
    },
    {
      "type": "Feature",
      "geometry": {
        "type": "Point",
        "coordinates": [
          -102.55368244130001,
          22.156780869553124
        ]
      },
      "properties": {
        "id": "G3473CF96",
        "type": "uso",
        "date": "2025-01-06",
        "recent": true,
        "isNew": false,
        "title": "El ufólogo Jaime Maussan compartió un video filmado en la costa del Golfo de México, donde se observa la playa Miramar de noche con el oleaje fuerte y una interesante luz sobre este. - facebook.com",
        "description": "Google News. Búsqueda: 'luces submarinas mar México'. Fuente: facebook.com.",
        "witnesses": 0,
        "credibility": "BAJA (señal noticiosa)",
        "country": "MX",
        "sources": "facebook.com|https://news.google.com/rss/articles/CBMi7wFBVV95cUxOeTZCRTA3TnNKaGd5TlJZMkxVdTB",
        "source_count": 2
      }
    },
    {
      "type": "Feature",
      "geometry": {
        "type": "Point",
        "coordinates": [
          -101.11026377692987,
          18.09911151353862
        ]
      },
      "properties": {
        "id": "GE3F441B4",
        "type": "uso",
        "date": "2025-08-28",
        "recent": true,
        "isNew": false,
        "title": "El buque científico llegó a Uruguay: una estrella de mar “con patas” y otras especies asombrosas a 1.000 metros de profundidad - Infobae",
        "description": "Google News. Búsqueda: 'luces submarinas mar México'. Fuente: Infobae.",
        "witnesses": 0,
        "credibility": "BAJA (señal noticiosa)",
        "country": "MX",
        "sources": "Infobae|https://news.google.com/rss/articles/CBMiggJBVV95cUxNYUdFblFlUTl4eFN6X2tPaURtTFB",
        "source_count": 2
      }
    },
    {
      "type": "Feature",
      "geometry": {
        "type": "Point",
        "coordinates": [
          -102.82306102931791,
          23.86174529783434
        ]
      },
      "properties": {
        "id": "G942E8756",
        "type": "lights_sky",
        "date": "2025-07-11",
        "recent": true,
        "isNew": false,
        "title": "El galeón español San José se hundió transportando 20.000 millones de dólares. México y Colombia van a sacar a la luz ese tesoro - Xataka",
        "description": "Google News. Búsqueda: 'luces submarinas mar México'. Fuente: Xataka.",
        "witnesses": 0,
        "credibility": "BAJA (señal noticiosa)",
        "country": "MX",
        "sources": "Xataka|https://news.google.com/rss/articles/CBMi4gFBVV95cUxQTWo2M21INk9pSnZPOEVGdWdiX19",
        "source_count": 2
      }
    },
    {
      "type": "Feature",
      "geometry": {
        "type": "Point",
        "coordinates": [
          -98.19713674388517,
          22.20169966536016
        ]
      },
      "properties": {
        "id": "G5E9B13FD",
        "type": "contact",
        "date": "2024-12-14",
        "recent": true,
        "isNew": false,
        "title": "La historia de ‘Aguas alienígenas’, el documental de Netflix sobre una base de aliens en costas de Tampico - El Financiero",
        "description": "Google News. Búsqueda: 'luces submarinas mar México'. Fuente: El Financiero.",
        "witnesses": 0,
        "credibility": "BAJA (señal noticiosa)",
        "country": "MX",
        "sources": "El Financiero|https://news.google.com/rss/articles/CBMi9gFBVV95cUxPdTdtckdHZXg4aER6OUhua3JuRUo",
        "source_count": 2
      }
    },
    {
      "type": "Feature",
      "geometry": {
        "type": "Point",
        "coordinates": [
          -109.29530355433263,
          20.764477942193544
        ]
      },
      "properties": {
        "id": "G584142F7",
        "type": "uso",
        "date": "2024-05-15",
        "recent": true,
        "isNew": false,
        "title": "Descubrimiento histórico: encuentran una cueva submarina tan profunda que no saben dónde está el fondo - La Razón",
        "description": "Google News. Búsqueda: 'luces submarinas mar México'. Fuente: La Razón.",
        "witnesses": 0,
        "credibility": "BAJA (señal noticiosa)",
        "country": "MX",
        "sources": "La Razón|https://news.google.com/rss/articles/CBMihAJBVV95cUxQUk01U3B1N212OER2S0pWVnNKREU",
        "source_count": 2
      }
    },
    {
      "type": "Feature",
      "geometry": {
        "type": "Point",
        "coordinates": [
          -101.5621079411468,
          27.39691737036219
        ]
      },
      "properties": {
        "id": "GB711F0D7",
        "type": "contact",
        "date": "2025-12-22",
        "recent": true,
        "isNew": false,
        "title": "¿El primer contacto con extraterrestres podría venir de una civilización en crisis? - El Imparcial",
        "description": "Google News. Búsqueda: 'extraterrestre contacto México'. Fuente: El Imparcial.",
        "witnesses": 0,
        "credibility": "BAJA (señal noticiosa)",
        "country": "MX",
        "sources": "El Imparcial|https://news.google.com/rss/articles/CBMiywFBVV95cUxOOTJCMEZ5VlRUaG1ob1ZaYjRVbUF",
        "source_count": 2
      }
    },
    {
      "type": "Feature",
      "geometry": {
        "type": "Point",
        "coordinates": [
          -96.15871923556301,
          40.58620938150009
        ]
      },
      "properties": {
        "id": "GC9BC04EA",
        "type": "contact",
        "date": "2026-05-06",
        "recent": true,
        "isNew": false,
        "title": "Barack Obama sorprende: quiere ser el “emisario” si llegan los extraterrestres - ViveUSA.mx",
        "description": "Google News. Búsqueda: 'extraterrestre contacto México'. Fuente: ViveUSA.mx.",
        "witnesses": 0,
        "credibility": "BAJA (señal noticiosa)",
        "country": "MX",
        "sources": "ViveUSA.mx|https://news.google.com/rss/articles/CBMirAFBVV95cUxNWGR2SExHdGJuYXJ4SVo1cnJFb3B",
        "source_count": 2
      }
    },
    {
      "type": "Feature",
      "geometry": {
        "type": "Point",
        "coordinates": [
          -101.18146622173676,
          22.287980725760807
        ]
      },
      "properties": {
        "id": "G2A2E972B",
        "type": "contact",
        "date": "2026-04-03",
        "recent": true,
        "isNew": false,
        "title": "Actriz méxico-marciana afirma que también puede leer la mente… Ya la llaman: Telepaty Navidad - El Nuevo Herald",
        "description": "Google News. Búsqueda: 'extraterrestre contacto México'. Fuente: El Nuevo Herald.",
        "witnesses": 0,
        "credibility": "BAJA (señal noticiosa)",
        "country": "MX",
        "sources": "El Nuevo Herald|https://news.google.com/rss/articles/CBMihAFBVV95cUxQSk9BYUVwQzBnYmMtUU53aU5IYkJ",
        "source_count": 2
      }
    },
    {
      "type": "Feature",
      "geometry": {
        "type": "Point",
        "coordinates": [
          -98.98801432634015,
          24.251368997986354
        ]
      },
      "properties": {
        "id": "GDF1AB99B",
        "type": "contact",
        "date": "2026-01-14",
        "recent": true,
        "isNew": false,
        "title": "La terrible profecía de Baba Vanga que podría sacudir a toda la humanidad: habrá contacto con vida desconocida y misteriosas señales en el cielo - El Cronista",
        "description": "Google News. Búsqueda: 'extraterrestre contacto México'. Fuente: El Cronista.",
        "witnesses": 0,
        "credibility": "BAJA (señal noticiosa)",
        "country": "MX",
        "sources": "El Cronista|https://news.google.com/rss/articles/CBMimgJBVV95cUxONFdiaEJxeWRDMEp5NHgya1NBRE1",
        "source_count": 2
      }
    },
    {
      "type": "Feature",
      "geometry": {
        "type": "Point",
        "coordinates": [
          -100.9861082409182,
          24.378538451601823
        ]
      },
      "properties": {
        "id": "G806742B3",
        "type": "contact",
        "date": "2025-11-23",
        "recent": true,
        "isNew": false,
        "title": "Astrofísico afirma que George W. Bush sabía que la CIA habló con extraterrestres, y esto les pasó - El Heraldo de México",
        "description": "Google News. Búsqueda: 'extraterrestre contacto México'. Fuente: El Heraldo de México.",
        "witnesses": 0,
        "credibility": "BAJA (señal noticiosa)",
        "country": "MX",
        "sources": "El Heraldo de México|https://news.google.com/rss/articles/CBMi6AFBVV95cUxOWGhLdl84ZlRhYk42N3l1TkhFM2g",
        "source_count": 2
      }
    },
    {
      "type": "Feature",
      "geometry": {
        "type": "Point",
        "coordinates": [
          -105.9053431992929,
          27.32561553443947
        ]
      },
      "properties": {
        "id": "G63444CB2",
        "type": "contact",
        "date": "2025-12-21",
        "recent": true,
        "isNew": false,
        "title": "Hombre asegura haber sido abducido y lanza profecía: \"El contacto extraterrestre será en 2047\" - elgrafico.mx",
        "description": "Google News. Búsqueda: 'extraterrestre contacto México'. Fuente: elgrafico.mx.",
        "witnesses": 0,
        "credibility": "BAJA (señal noticiosa)",
        "country": "MX",
        "sources": "elgrafico.mx|https://news.google.com/rss/articles/CBMi7AFBVV95cUxNbzVNWEh0S2x0emRKSDRoNnJzUmN",
        "source_count": 2
      }
    },
    {
      "type": "Feature",
      "geometry": {
        "type": "Point",
        "coordinates": [
          -102.74244334892349,
          22.338458727305746
        ]
      },
      "properties": {
        "id": "G0806B7AF",
        "type": "contact",
        "date": "2024-07-03",
        "recent": true,
        "isNew": false,
        "title": "Leyes que aplican ante un contacto ovni en México, así lo marca la Constitución - El Sol de México",
        "description": "Google News. Búsqueda: 'extraterrestre contacto México'. Fuente: El Sol de México.",
        "witnesses": 0,
        "credibility": "BAJA (señal noticiosa)",
        "country": "MX",
        "sources": "El Sol de México|https://news.google.com/rss/articles/CBMizAFBVV95cUxQOUVjZkl1a2plX05XY3ZzWjU2dEl",
        "source_count": 2
      }
    },
    {
      "type": "Feature",
      "geometry": {
        "type": "Point",
        "coordinates": [
          -102.69118314286547,
          22.373081289330244
        ]
      },
      "properties": {
        "id": "G67FE4F56",
        "type": "contact",
        "date": "2023-09-14",
        "recent": true,
        "isNew": false,
        "title": "¡No te confundas! México no reconoció que existe la vida extraterrestre - Grupo Animal",
        "description": "Google News. Búsqueda: 'extraterrestre contacto México'. Fuente: Grupo Animal.",
        "witnesses": 0,
        "credibility": "BAJA (señal noticiosa)",
        "country": "MX",
        "sources": "Grupo Animal|https://news.google.com/rss/articles/CBMihgFBVV95cUxNZkRFaUx4SVo1ZHplVFhnUGxmZUt",
        "source_count": 2
      }
    },
    {
      "type": "Feature",
      "geometry": {
        "type": "Point",
        "coordinates": [
          -101.6354154623711,
          23.13668862562705
        ]
      },
      "properties": {
        "id": "G8C01DED4",
        "type": "contact",
        "date": "2023-09-13",
        "recent": true,
        "isNew": false,
        "title": "El Congreso de México exhibe dos cuerpos \"no humanos\" y pide reconocer la vida extraterrestre - La Vanguardia",
        "description": "Google News. Búsqueda: 'extraterrestre contacto México'. Fuente: La Vanguardia.",
        "witnesses": 0,
        "credibility": "BAJA (señal noticiosa)",
        "country": "MX",
        "sources": "La Vanguardia|https://news.google.com/rss/articles/CBMizgFBVV95cUxPVmVXUEFoejJ4dmVTMk91UTE1Ym5",
        "source_count": 2
      }
    },
    {
      "type": "Feature",
      "geometry": {
        "type": "Point",
        "coordinates": [
          -107.12687681054209,
          26.32011108434819
        ]
      },
      "properties": {
        "id": "G22329270",
        "type": "contact",
        "date": "2026-06-08",
        "recent": true,
        "isNew": false,
        "title": "¿Ovnis en el Mundial? La inquietante predicción de Baba Vanga - Red Uno",
        "description": "Google News. Búsqueda: 'extraterrestre contacto México'. Fuente: Red Uno.",
        "witnesses": 0,
        "credibility": "BAJA (señal noticiosa)",
        "country": "MX",
        "sources": "Red Uno|https://news.google.com/rss/articles/CBMirgFBVV95cUxQa05DZDhrUjh5QlN0dGJCV3dWUk1",
        "source_count": 2
      }
    },
    {
      "type": "Feature",
      "geometry": {
        "type": "Point",
        "coordinates": [
          -101.749045249419,
          20.7748448833194
        ]
      },
      "properties": {
        "id": "GFFE02C09",
        "type": "contact",
        "date": "2023-08-01",
        "recent": true,
        "isNew": false,
        "title": "Científicos mexicanos piden más evidencia sobre ovnis; Maussan insta a contactar ya - Milenio",
        "description": "Google News. Búsqueda: 'extraterrestre contacto México'. Fuente: Milenio.",
        "witnesses": 0,
        "credibility": "BAJA (señal noticiosa)",
        "country": "MX",
        "sources": "Milenio|https://news.google.com/rss/articles/CBMioAFBVV95cUxOSUZjZFU4QXg5WjVwekd6c1hzVWJ",
        "source_count": 2
      }
    },
    {
      "type": "Feature",
      "geometry": {
        "type": "Point",
        "coordinates": [
          -101.6426614888535,
          22.842290186755104
        ]
      },
      "properties": {
        "id": "G72F139A3",
        "type": "contact",
        "date": "2026-06-20",
        "recent": true,
        "isNew": false,
        "title": "La historia real detrás de una escena de ‘El Día de la Revelación’ que sí ocurrió en México - El Financiero",
        "description": "Google News. Búsqueda: 'extraterrestre contacto México'. Fuente: El Financiero.",
        "witnesses": 0,
        "credibility": "BAJA (señal noticiosa)",
        "country": "MX",
        "sources": "El Financiero|https://news.google.com/rss/articles/CBMi4wFBVV95cUxNWHlqc3hSc3A5M05UU3V1UVQ4SDF",
        "source_count": 2
      }
    },
    {
      "type": "Feature",
      "geometry": {
        "type": "Point",
        "coordinates": [
          -100.88147506706947,
          26.624492117056104
        ]
      },
      "properties": {
        "id": "G0ED23CDE",
        "type": "lights_sky",
        "date": "2026-09-15",
        "recent": true,
        "isNew": false,
        "title": "¿Era un ovni? Captan extraña luz en el cielo de Monterrey | VIDEO - Telediario",
        "description": "Google News. Búsqueda: 'Monterrey OVNI luces'. Fuente: Telediario.",
        "witnesses": 0,
        "credibility": "BAJA (señal noticiosa)",
        "country": "MX",
        "sources": "Telediario|https://news.google.com/rss/articles/CBMilgFBVV95cUxNYnhfSkp6d2tUeVpIZUpfUWQyUTR",
        "source_count": 2
      }
    },
    {
      "type": "Feature",
      "geometry": {
        "type": "Point",
        "coordinates": [
          -99.68148302318377,
          25.391476570352637
        ]
      },
      "properties": {
        "id": "GE7CCFFC3",
        "type": "lights_sky",
        "date": "2026-09-15",
        "recent": true,
        "isNew": false,
        "title": "¿OVNI en Monterrey? Revelan qué era la extraña luz del cielo ayer - INFO7",
        "description": "Google News. Búsqueda: 'Monterrey OVNI luces'. Fuente: INFO7.",
        "witnesses": 0,
        "credibility": "BAJA (señal noticiosa)",
        "country": "MX",
        "sources": "INFO7|https://news.google.com/rss/articles/CBMiyAFBVV95cUxNQjh6MUlWd090SUJyTXRwdVAzcDZ",
        "source_count": 2
      }
    },
    {
      "type": "Feature",
      "geometry": {
        "type": "Point",
        "coordinates": [
          -101.2485127288765,
          25.917975420006997
        ]
      },
      "properties": {
        "id": "G253AA963",
        "type": "lights_sky",
        "date": "2026-07-08",
        "recent": true,
        "isNew": false,
        "title": "¿Nave espacial en el Cerro de la Silla? Captan misteriosas luces en Monterrey - abcnoticias.mx",
        "description": "Google News. Búsqueda: 'Monterrey OVNI luces'. Fuente: abcnoticias.mx.",
        "witnesses": 0,
        "credibility": "BAJA (señal noticiosa)",
        "country": "MX",
        "sources": "abcnoticias.mx|https://news.google.com/rss/articles/CBMiyAFBVV95cUxPVUtBMWI2WlJWdlpfY2luVWhvWGg",
        "source_count": 2
      }
    },
    {
      "type": "Feature",
      "geometry": {
        "type": "Point",
        "coordinates": [
          -96.06607398373691,
          27.935191994941704
        ]
      },
      "properties": {
        "id": "G694277C6",
        "type": "lights_sky",
        "date": "2026-07-08",
        "recent": true,
        "isNew": false,
        "title": "¿Avistamiento OVNI? | Regios captan extraño objeto con luces cerca del Cerro de la Silla - Reporte Indigo",
        "description": "Google News. Búsqueda: 'Monterrey OVNI luces'. Fuente: Reporte Indigo.",
        "witnesses": 0,
        "credibility": "BAJA (señal noticiosa)",
        "country": "MX",
        "sources": "Reporte Indigo|https://news.google.com/rss/articles/CBMi1gFBVV95cUxPd3pIZVY4d191R1JtRFdOTGo1ZnJ",
        "source_count": 2
      }
    },
    {
      "type": "Feature",
      "geometry": {
        "type": "Point",
        "coordinates": [
          -99.85481220902267,
          25.581318844500764
        ]
      },
      "properties": {
        "id": "G6211CEE8",
        "type": "lights_sky",
        "date": "2026-03-19",
        "recent": true,
        "isNew": false,
        "title": "¿OVNI en Monterrey? Captan misteriosas luces cerca del Cerro de la Silla 👽✨ Un video muestra cuatro esferas brillantes en el cielo nocturno que aparecieron y desaparecieron en segundos, desatando debate en redes. #Monterrey #OVNI #Misterio #Viral #F - instagram.com",
        "description": "Google News. Búsqueda: 'Monterrey OVNI luces'. Fuente: instagram.com.",
        "witnesses": 0,
        "credibility": "BAJA (señal noticiosa)",
        "country": "MX",
        "sources": "instagram.com|https://news.google.com/rss/articles/CBMiVkFVX3lxTE1tazFTY0VFMG5sbkZrT1BHdXhNY24",
        "source_count": 2
      }
    },
    {
      "type": "Feature",
      "geometry": {
        "type": "Point",
        "coordinates": [
          -100.05583162207184,
          25.752927321729622
        ]
      },
      "properties": {
        "id": "G0516BF0E",
        "type": "lights_sky",
        "date": "2026-09-15",
        "recent": true,
        "isNew": false,
        "title": "Luces extrañas aparecen en el cielo de Monterrey y sorprenden a regiomontanos - MVS Noticias",
        "description": "Google News. Búsqueda: 'Monterrey OVNI luces'. Fuente: MVS Noticias.",
        "witnesses": 0,
        "credibility": "BAJA (señal noticiosa)",
        "country": "MX",
        "sources": "MVS Noticias|https://news.google.com/rss/articles/CBMizwFBVV95cUxOZVphOWVuZmxuZnZRQ1BuVU5EZEF",
        "source_count": 2
      }
    },
    {
      "type": "Feature",
      "geometry": {
        "type": "Point",
        "coordinates": [
          -100.30112647468194,
          25.781536029204954
        ]
      },
      "properties": {
        "id": "G1BE166C5",
        "type": "ufo",
        "date": "2026-07-20",
        "recent": true,
        "isNew": false,
        "title": "Video: Captan a presunto Ovni sobre el Cerro de la Silla en Monterrey - Quinta Fuerza",
        "description": "Google News. Búsqueda: 'Monterrey OVNI luces'. Fuente: Quinta Fuerza.",
        "witnesses": 0,
        "credibility": "BAJA (señal noticiosa)",
        "country": "MX",
        "sources": "Quinta Fuerza|https://news.google.com/rss/articles/CBMiogFBVV95cUxOTFN2Y0JqSVc4TnJKY2RidGJWRGh",
        "source_count": 2
      }
    },
    {
      "type": "Feature",
      "geometry": {
        "type": "Point",
        "coordinates": [
          -97.99450105507334,
          25.386995709714892
        ]
      },
      "properties": {
        "id": "GF94B0DBE",
        "type": "ufo",
        "date": "2026-07-19",
        "recent": true,
        "isNew": false,
        "title": "Avistan presunto OVNI sobre el Cerro de la Silla y Jaime Maussan pide una explicación - El Imparcial",
        "description": "Google News. Búsqueda: 'Monterrey OVNI luces'. Fuente: El Imparcial.",
        "witnesses": 0,
        "credibility": "BAJA (señal noticiosa)",
        "country": "MX",
        "sources": "El Imparcial|https://news.google.com/rss/articles/CBMi0AFBVV95cUxNQmtpSDhrSnZmOTIyZU5rdFdzZC1",
        "source_count": 2
      }
    },
    {
      "type": "Feature",
      "geometry": {
        "type": "Point",
        "coordinates": [
          -99.37349569012267,
          25.84227460060871
        ]
      },
      "properties": {
        "id": "G186F6F70",
        "type": "ufo",
        "date": "2026-04-10",
        "recent": true,
        "isNew": false,
        "title": "¿Una esfera? Captan extraño objeto sobrevolando línea del Metro en Monterrey - abcnoticias.mx",
        "description": "Google News. Búsqueda: 'Monterrey OVNI luces'. Fuente: abcnoticias.mx.",
        "witnesses": 0,
        "credibility": "BAJA (señal noticiosa)",
        "country": "MX",
        "sources": "abcnoticias.mx|https://news.google.com/rss/articles/CBMiyAFBVV95cUxNNE5NZjg3cF9fYW1NUkVQS0dQUWQ",
        "source_count": 2
      }
    },
    {
      "type": "Feature",
      "geometry": {
        "type": "Point",
        "coordinates": [
          -99.97362011549974,
          26.00438621495678
        ]
      },
      "properties": {
        "id": "GEF4C9CCF",
        "type": "lights_sky",
        "date": "2025-10-06",
        "recent": true,
        "isNew": false,
        "title": "¿OVNI en Monterrey? Captan extraña luz blanca en el Cerro de la Silla - Excélsior",
        "description": "Google News. Búsqueda: 'Monterrey OVNI luces'. Fuente: Excélsior.",
        "witnesses": 0,
        "credibility": "BAJA (señal noticiosa)",
        "country": "MX",
        "sources": "Excélsior|https://news.google.com/rss/articles/CBMipwFBVV95cUxNdmFwRlFtYWl2RnpPZWtqdUc0SUR",
        "source_count": 2
      }
    },
    {
      "type": "Feature",
      "geometry": {
        "type": "Point",
        "coordinates": [
          -101.21587054726326,
          25.22452981890356
        ]
      },
      "properties": {
        "id": "GBF94CF96",
        "type": "ufo",
        "date": "2026-05-18",
        "recent": true,
        "isNew": false,
        "title": "¿OVNI en Monterrey? Captan misteriosa esfera metálica en el cielo del Valle del Infonavit - MVS Noticias",
        "description": "Google News. Búsqueda: 'Monterrey OVNI luces'. Fuente: MVS Noticias.",
        "witnesses": 0,
        "credibility": "BAJA (señal noticiosa)",
        "country": "MX",
        "sources": "MVS Noticias|https://news.google.com/rss/articles/CBMivAFBVV95cUxNMkwwS29TNU9Rbi1oLWE5ZGlBWFI",
        "source_count": 2
      }
    },
    {
      "type": "Feature",
      "geometry": {
        "type": "Point",
        "coordinates": [
          -102.6626170172879,
          21.959873852046094
        ]
      },
      "properties": {
        "id": "GE9A6AFA0",
        "type": "contact",
        "date": "2026-04-06",
        "recent": true,
        "isNew": false,
        "title": "¿Extraterrestres en Jalisco? Conoce la estrecha relación de Ocotlán con el fenómeno Ovni - Telediario",
        "description": "Google News. Búsqueda: 'Guadalajara OVNI fenómeno'. Fuente: Telediario.",
        "witnesses": 0,
        "credibility": "BAJA (señal noticiosa)",
        "country": "MX",
        "sources": "Telediario|https://news.google.com/rss/articles/CBMipAFBVV95cUxQZGpfTjVqbnk2bHNULW5XNWNMMG5",
        "source_count": 2
      }
    },
    {
      "type": "Feature",
      "geometry": {
        "type": "Point",
        "coordinates": [
          -103.07427319670418,
          20.749173698643954
        ]
      },
      "properties": {
        "id": "G486D4F30",
        "type": "ufo",
        "date": "2026-02-11",
        "recent": true,
        "isNew": false,
        "title": "Una conferencia profundizará en el avistamiento de OVNI's en los cielos de Guadalajara - EL DECANO DE GUADALAJARA",
        "description": "Google News. Búsqueda: 'Guadalajara OVNI fenómeno'. Fuente: EL DECANO DE GUADALAJARA.",
        "witnesses": 0,
        "credibility": "BAJA (señal noticiosa)",
        "country": "MX",
        "sources": "EL DECANO DE GUADALAJARA|https://news.google.com/rss/articles/CBMi4AFBVV95cUxPdHY3bGd1U2ZNbUdFU0ZVZ2hmSnh",
        "source_count": 2
      }
    },
    {
      "type": "Feature",
      "geometry": {
        "type": "Point",
        "coordinates": [
          -103.20198968727041,
          23.420162703888508
        ]
      },
      "properties": {
        "id": "G155AB514",
        "type": "ufo",
        "date": "2025-11-30",
        "recent": true,
        "isNew": false,
        "title": "Investigadores buscan sumarse al CROM y aportar al fenómeno ovni en México - Milenio",
        "description": "Google News. Búsqueda: 'Guadalajara OVNI fenómeno'. Fuente: Milenio.",
        "witnesses": 0,
        "credibility": "BAJA (señal noticiosa)",
        "country": "MX",
        "sources": "Milenio|https://news.google.com/rss/articles/CBMikgFBVV95cUxPbXY3TVd1blhCeVRrbUxmbVRFMms",
        "source_count": 2
      }
    },
    {
      "type": "Feature",
      "geometry": {
        "type": "Point",
        "coordinates": [
          -91.38079782183463,
          22.275083302552463
        ]
      },
      "properties": {
        "id": "G2D6F280A",
        "type": "ufo",
        "date": "2026-02-23",
        "recent": true,
        "isNew": false,
        "title": "#Video I 🛸😱 ¿Visitantes de otros mundos? Reportan avistamiento de flotilla OVNI en Pachuca y Tula 🌌🛰️⁣ ⁣ #AztecaDigital #AztecaYucatán #Fyp #Ovnis - instagram.com",
        "description": "Google News. Búsqueda: 'Guadalajara OVNI fenómeno'. Fuente: instagram.com.",
        "witnesses": 0,
        "credibility": "BAJA (señal noticiosa)",
        "country": "MX",
        "sources": "instagram.com|https://news.google.com/rss/articles/CBMiVkFVX3lxTFB6anBsSXlNZkhfSmpTYWpOajBKMzh",
        "source_count": 2
      }
    },
    {
      "type": "Feature",
      "geometry": {
        "type": "Point",
        "coordinates": [
          -101.17981461030708,
          16.937212859204777
        ]
      },
      "properties": {
        "id": "GFD647B47",
        "type": "ufo",
        "date": "2022-07-03",
        "recent": true,
        "isNew": false,
        "title": "Ovnis y otros fenómenos en la Plataforma Nacional de Transparencia - Unidad de Investigaciones Periodísticas UNAM",
        "description": "Google News. Búsqueda: 'Guadalajara OVNI fenómeno'. Fuente: Unidad de Investigaciones Periodísticas UNAM.",
        "witnesses": 0,
        "credibility": "BAJA (señal noticiosa)",
        "country": "MX",
        "sources": "Unidad de Investigaciones Periodísticas UNAM|https://news.google.com/rss/articles/CBMiiAFBVV95cUxQRmxTQU1Ub2ZjRThnSlpMLVpxaE0",
        "source_count": 2
      }
    },
    {
      "type": "Feature",
      "geometry": {
        "type": "Point",
        "coordinates": [
          -100.77183552222618,
          23.19279030267681
        ]
      },
      "properties": {
        "id": "G83FF04EB",
        "type": "ufo",
        "date": "2026-07-02",
        "recent": true,
        "isNew": false,
        "title": "Día Mundial del OVNI: la historia detrás del 2 de julio y los cinco casos que aún desafían toda explicación - LOS40 México",
        "description": "Google News. Búsqueda: 'Guadalajara OVNI fenómeno'. Fuente: LOS40 México.",
        "witnesses": 0,
        "credibility": "BAJA (señal noticiosa)",
        "country": "MX",
        "sources": "LOS40 México|https://news.google.com/rss/articles/CBMi1gFBVV95cUxQSWR3T3lLdjZBN3V2X1I0NmdCRG9",
        "source_count": 2
      }
    },
    {
      "type": "Feature",
      "geometry": {
        "type": "Point",
        "coordinates": [
          -103.88371196171553,
          22.52864031641527
        ]
      },
      "properties": {
        "id": "G7AE1CE85",
        "type": "ufo",
        "date": "2026-05-22",
        "recent": true,
        "isNew": false,
        "title": "EU revela la segunda partida de VIDEOS de OVNIs y fenómenos sin resolver - El Informador",
        "description": "Google News. Búsqueda: 'Guadalajara OVNI fenómeno'. Fuente: El Informador.",
        "witnesses": 0,
        "credibility": "BAJA (señal noticiosa)",
        "country": "MX",
        "sources": "El Informador|https://news.google.com/rss/articles/CBMiywFBVV95cUxONHRSMks4MDQxRVhWaFRtdzUyajZ",
        "source_count": 2
      }
    },
    {
      "type": "Feature",
      "geometry": {
        "type": "Point",
        "coordinates": [
          -103.2836507845378,
          22.476893544949906
        ]
      },
      "properties": {
        "id": "G412768E6",
        "type": "ufo",
        "date": "2023-07-11",
        "recent": true,
        "isNew": false,
        "title": "México tiene mucho qué decir del fenómeno Ovni, señalan - El Universal Querétaro",
        "description": "Google News. Búsqueda: 'Guadalajara OVNI fenómeno'. Fuente: El Universal Querétaro.",
        "witnesses": 0,
        "credibility": "BAJA (señal noticiosa)",
        "country": "MX",
        "sources": "El Universal Querétaro|https://news.google.com/rss/articles/CBMirwFBVV95cUxQOFpoVVJJNGg4Uk5KNFMzSWhIUkx",
        "source_count": 2
      }
    },
    {
      "type": "Feature",
      "geometry": {
        "type": "Point",
        "coordinates": [
          -101.42381967785933,
          22.52885323924339
        ]
      },
      "properties": {
        "id": "GCC9246C8",
        "type": "ufo",
        "date": "2020-04-27",
        "recent": true,
        "isNew": false,
        "title": "El Pentágono desclasificó tres videos y afirmó haber grabado OVNIS - W Radio México",
        "description": "Google News. Búsqueda: 'Guadalajara OVNI fenómeno'. Fuente: W Radio México.",
        "witnesses": 0,
        "credibility": "BAJA (señal noticiosa)",
        "country": "MX",
        "sources": "W Radio México|https://news.google.com/rss/articles/CBMigAFBVV95cUxORENyU1hlMFV5U1ZXUWFGSXJIN01",
        "source_count": 2
      }
    },
    {
      "type": "Feature",
      "geometry": {
        "type": "Point",
        "coordinates": [
          -103.43610253610927,
          21.20254064253784
        ]
      },
      "properties": {
        "id": "G03AAB13B",
        "type": "ufo",
        "date": "2025-07-27",
        "recent": true,
        "isNew": false,
        "title": "Aquel verano del 74 en que se ‘avistó’ un OVNI en el Cerro del Pimiento - EL DECANO DE GUADALAJARA",
        "description": "Google News. Búsqueda: 'Guadalajara OVNI fenómeno'. Fuente: EL DECANO DE GUADALAJARA.",
        "witnesses": 0,
        "credibility": "BAJA (señal noticiosa)",
        "country": "MX",
        "sources": "EL DECANO DE GUADALAJARA|https://news.google.com/rss/articles/CBMi1gFBVV95cUxPdUJBQi03U2JJYTE0RTNoVy1iTWx",
        "source_count": 2
      }
    },
    {
      "type": "Feature",
      "geometry": {
        "type": "Point",
        "coordinates": [
          -107.05067109798557,
          19.274225341874395
        ]
      },
      "properties": {
        "id": "G170D73D1",
        "type": "lights_sky",
        "date": "2020-01-09",
        "recent": true,
        "isNew": false,
        "title": "Luces en el cielo tapatío se deben a lluvia de estrellas o refracción de luz - udgtv.com",
        "description": "Google News. Búsqueda: 'Guadalajara OVNI fenómeno'. Fuente: udgtv.com.",
        "witnesses": 0,
        "credibility": "BAJA (señal noticiosa)",
        "country": "MX",
        "sources": "udgtv.com|https://news.google.com/rss/articles/CBMirAFBVV95cUxOMS15TmVWUzRyWlN4bjR2bGh1a3l",
        "source_count": 2
      }
    },
    {
      "type": "Feature",
      "geometry": {
        "type": "Point",
        "coordinates": [
          -106.26075358906861,
          23.390410232187264
        ]
      },
      "properties": {
        "id": "G6021427D",
        "type": "ufo",
        "date": "2025-07-09",
        "recent": true,
        "isNew": false,
        "title": "¿Existen los ovnis? Esto responde Sheinbaum - El Informador",
        "description": "Google News. Búsqueda: 'Guadalajara OVNI fenómeno'. Fuente: El Informador.",
        "witnesses": 0,
        "credibility": "BAJA (señal noticiosa)",
        "country": "MX",
        "sources": "El Informador|https://news.google.com/rss/articles/CBMimAFBVV95cUxOVzhjLWE2VGI3Y2cxdnphWGgxVnc",
        "source_count": 2
      }
    },
    {
      "type": "Feature",
      "geometry": {
        "type": "Point",
        "coordinates": [
          -101.57397997811245,
          16.832707824585967
        ]
      },
      "properties": {
        "id": "G6F722AFE",
        "type": "contact",
        "date": "2026-05-23",
        "recent": true,
        "isNew": false,
        "title": "¿Existe riesgo de contaminación por contacto extraterrestre? Esto dijo Jaime Maussan - Univision",
        "description": "Google News. Búsqueda: 'extraterrestre contacto'. Fuente: Univision.",
        "witnesses": 0,
        "credibility": "BAJA (señal noticiosa)",
        "country": "US",
        "sources": "Univision|https://news.google.com/rss/articles/CBMizgFBVV95cUxPNGVBVmM0M0d3M3hiTHZOUVNqOUF",
        "source_count": 2
      }
    },
    {
      "type": "Feature",
      "geometry": {
        "type": "Point",
        "coordinates": [
          -94.69722098877088,
          16.813473272642337
        ]
      },
      "properties": {
        "id": "GF5C1DDBC",
        "type": "contact",
        "date": "2026-09-30",
        "recent": true,
        "isNew": false,
        "title": "Si existe vida inteligente más allá de la Tierra, tardaría unos 400 años en contactar con nosotros - nationalgeographic.com.es",
        "description": "Google News. Búsqueda: 'extraterrestre contacto'. Fuente: nationalgeographic.com.es.",
        "witnesses": 0,
        "credibility": "BAJA (señal noticiosa)",
        "country": "US",
        "sources": "nationalgeographic.com.es|https://news.google.com/rss/articles/CBMixwFBVV95cUxNbVQ2SmFmUk1FaVBpMGhVZ0YxVG4",
        "source_count": 2
      }
    },
    {
      "type": "Feature",
      "geometry": {
        "type": "Point",
        "coordinates": [
          -96.77507823720462,
          18.396589342731186
        ]
      },
      "properties": {
        "id": "G58BF95A5",
        "type": "contact",
        "date": "2026-06-30",
        "recent": true,
        "isNew": false,
        "title": "🔵⚪ Videos que circulan en redes sociales afirman mostrar a Donald Trump reunido con presuntos extraterrestres \"nórdicos\" en la Casa Blanca, en una supuesta cumbre para un eventual primer contacto. Publicaciones similares también involucran al preside - instagram.com",
        "description": "Google News. Búsqueda: 'extraterrestre contacto'. Fuente: instagram.com.",
        "witnesses": 0,
        "credibility": "BAJA (señal noticiosa)",
        "country": "US",
        "sources": "instagram.com|https://news.google.com/rss/articles/CBMiUkFVX3lxTFBQUFBIQVhnMV9EUVhBNVBMMUNMNlJ",
        "source_count": 2
      }
    },
    {
      "type": "Feature",
      "geometry": {
        "type": "Point",
        "coordinates": [
          -94.64658611378556,
          18.39692080798286
        ]
      },
      "properties": {
        "id": "G4999381A",
        "type": "contact",
        "date": "2026-05-14",
        "recent": true,
        "isNew": false,
        "title": "¿Quién es Bashar? La entidad extraterrestre que advierte sobre un contacto alienígena en 2027 - TN8",
        "description": "Google News. Búsqueda: 'extraterrestre contacto'. Fuente: TN8.",
        "witnesses": 0,
        "credibility": "BAJA (señal noticiosa)",
        "country": "US",
        "sources": "TN8|https://news.google.com/rss/articles/CBMixgFBVV95cUxPSjlIQlM0aDh4Y2poOFdUeXZaUjJ",
        "source_count": 2
      }
    },
    {
      "type": "Feature",
      "geometry": {
        "type": "Point",
        "coordinates": [
          -99.59910280026513,
          23.672166253218705
        ]
      },
      "properties": {
        "id": "G392B6DBB",
        "type": "contact",
        "date": "2026-01-02",
        "recent": true,
        "isNew": false,
        "title": "El Papa se prepara para 'el primer contacto' con extraterrestres en 2026, dice un cineasta - The Mirror US en Español",
        "description": "Google News. Búsqueda: 'extraterrestre contacto'. Fuente: The Mirror US en Español.",
        "witnesses": 0,
        "credibility": "BAJA (señal noticiosa)",
        "country": "US",
        "sources": "The Mirror US en Español|https://news.google.com/rss/articles/CBMilgFBVV95cUxNZnlyNlpZM2RlMlEzeEM5M3BPbkF",
        "source_count": 2
      }
    },
    {
      "type": "Feature",
      "geometry": {
        "type": "Point",
        "coordinates": [
          -101.3201285545522,
          17.45019613219056
        ]
      },
      "properties": {
        "id": "G4773A3B7",
        "type": "contact",
        "date": "2026-09-28",
        "recent": true,
        "isNew": false,
        "title": "La UE frena el plan para un 'primer contacto' extraterrestre: \"Carece de fundamento científico\" - El Economista",
        "description": "Google News. Búsqueda: 'extraterrestre contacto'. Fuente: El Economista.",
        "witnesses": 0,
        "credibility": "BAJA (señal noticiosa)",
        "country": "US",
        "sources": "El Economista|https://news.google.com/rss/articles/CBMi6AFBVV95cUxOMHFsT0dQOWtXSkQtMmtJRkt2VW1",
        "source_count": 2
      }
    },
    {
      "type": "Feature",
      "geometry": {
        "type": "Point",
        "coordinates": [
          2.575380786569758,
          44.64372493408995
        ]
      },
      "properties": {
        "id": "GFCDAC944",
        "type": "contact",
        "date": "2026-02-16",
        "recent": true,
        "isNew": false,
        "title": "¿Los extraterrestres \"son reales\"?: la afirmación matizada por Obama aviva rumores sobre el Área 51 - France 24",
        "description": "Google News. Búsqueda: 'extraterrestre contacto'. Fuente: France 24.",
        "witnesses": 0,
        "credibility": "BAJA (señal noticiosa)",
        "country": "US",
        "sources": "France 24|https://news.google.com/rss/articles/CBMi8wFBVV95cUxPYU42N1czMmFVNi00bTJKWlF0SF9",
        "source_count": 2
      }
    },
    {
      "type": "Feature",
      "geometry": {
        "type": "Point",
        "coordinates": [
          -96.04666988027597,
          14.360514669071172
        ]
      },
      "properties": {
        "id": "G2BFA69C4",
        "type": "contact",
        "date": "2026-02-10",
        "recent": true,
        "isNew": false,
        "title": "El científico Stephen Hawking advierte sobre contactar con extraterrestres: \"No acabaría bien para nosotros\" - Men's Health",
        "description": "Google News. Búsqueda: 'extraterrestre contacto'. Fuente: Men's Health.",
        "witnesses": 0,
        "credibility": "BAJA (señal noticiosa)",
        "country": "US",
        "sources": "Men's Health|https://news.google.com/rss/articles/CBMinwFBVV95cUxNQlJUX1B6VnZfT01QTHpINDhPSEI",
        "source_count": 2
      }
    },
    {
      "type": "Feature",
      "geometry": {
        "type": "Point",
        "coordinates": [
          -95.91933763920105,
          22.25340239131065
        ]
      },
      "properties": {
        "id": "G5131AA26",
        "type": "contact",
        "date": "2026-06-05",
        "recent": true,
        "isNew": false,
        "title": "Investigación científica calcula cuándo podría ocurrir el primer contacto con una civilización extraterrestre: ¿estamos cerca? - NTN24",
        "description": "Google News. Búsqueda: 'extraterrestre contacto'. Fuente: NTN24.",
        "witnesses": 0,
        "credibility": "BAJA (señal noticiosa)",
        "country": "US",
        "sources": "NTN24|https://news.google.com/rss/articles/CBMijwJBVV95cUxOUDE1dVBtQklBQ2VWSDVCVnBaUGF",
        "source_count": 2
      }
    },
    {
      "type": "Feature",
      "geometry": {
        "type": "Point",
        "coordinates": [
          -100.81306914244516,
          22.327075494402607
        ]
      },
      "properties": {
        "id": "G5251BB27",
        "type": "contact",
        "date": "2026-02-16",
        "recent": true,
        "isNew": false,
        "title": "🇺🇸🛸👽 Barack Obama se volvió tendencia mundial luego de que una frase suya sobre los extraterrestres se viralizara en redes sociales. Durante una entrevista en el pódcast de Brian Tyler Cohen, el ex presidente de Estados Unidos respondió que “son reale - facebook.com",
        "description": "Google News. Búsqueda: 'extraterrestre contacto'. Fuente: facebook.com.",
        "witnesses": 0,
        "credibility": "BAJA (señal noticiosa)",
        "country": "US",
        "sources": "facebook.com|https://news.google.com/rss/articles/CBMi4wFBVV95cUxOQUNtR1FxaHU2dkhhakd2XzFMUy1",
        "source_count": 2
      }
    },
    {
      "type": "Feature",
      "geometry": {
        "type": "Point",
        "coordinates": [
          -102.9746175327703,
          22.18391146000596
        ]
      },
      "properties": {
        "id": "G3FD07080",
        "type": "contact",
        "date": "2025-12-28",
        "recent": true,
        "isNew": false,
        "title": "HISTÓRICO: Trump desclasifica archivos OVNI y confirma contacto con vida extraterrestre en 7 planetas - Bache3000",
        "description": "Google News. Búsqueda: 'extraterrestre contacto'. Fuente: Bache3000.",
        "witnesses": 0,
        "credibility": "BAJA (señal noticiosa)",
        "country": "US",
        "sources": "Bache3000|https://news.google.com/rss/articles/CBMi1wFBVV95cUxOUHQzZWpRQ0pSN3k5cEZka2RLTlo",
        "source_count": 2
      }
    },
    {
      "type": "Feature",
      "geometry": {
        "type": "Point",
        "coordinates": [
          -96.21413401456502,
          19.661247128291553
        ]
      },
      "properties": {
        "id": "GBACF1530",
        "type": "contact",
        "date": "2026-07-14",
        "recent": true,
        "isNew": false,
        "title": "No es la primera vez: ¿Qué está pasando con James Franco y sus extraños videos sobre extraterrestres? | Cronol - Milenio",
        "description": "Google News. Búsqueda: 'extraterrestre contacto'. Fuente: Milenio.",
        "witnesses": 0,
        "credibility": "BAJA (señal noticiosa)",
        "country": "US",
        "sources": "Milenio|https://news.google.com/rss/articles/CBMilwFBVV95cUxOZDRzU3N1TG1XaEFkdmlvcFVESmN",
        "source_count": 2
      }
    },
    {
      "type": "Feature",
      "geometry": {
        "type": "Point",
        "coordinates": [
          -94.13420081763009,
          22.902048646740354
        ]
      },
      "properties": {
        "id": "GDBFF3CEE",
        "type": "ufo",
        "date": "2026-05-22",
        "recent": true,
        "isNew": false,
        "title": "\"Se alejó a gran velocidad\": encuentro con un ovni dejó a oficial de inteligencia \"sin palabras\" - Telemundo Washington DC",
        "description": "Google News. Búsqueda: 'ovni avistamiento'. Fuente: Telemundo Washington DC.",
        "witnesses": 0,
        "credibility": "BAJA (señal noticiosa)",
        "country": "US",
        "sources": "Telemundo Washington DC|https://news.google.com/rss/articles/CBMitAFBVV95cUxPdy1HNmJIRHUyTnROUGFsUEc4djZ",
        "source_count": 2
      }
    },
    {
      "type": "Feature",
      "geometry": {
        "type": "Point",
        "coordinates": [
          -95.2237479479526,
          16.920742076991488
        ]
      },
      "properties": {
        "id": "G7B99A5B3",
        "type": "ufo",
        "date": "2026-05-11",
        "recent": true,
        "isNew": false,
        "title": "Archivos del Pentágono sobre ovnis aclaran avistamientos, pero dejan la interpretación al público - ABC7 Los Angeles",
        "description": "Google News. Búsqueda: 'ovni avistamiento'. Fuente: ABC7 Los Angeles.",
        "witnesses": 0,
        "credibility": "BAJA (señal noticiosa)",
        "country": "US",
        "sources": "ABC7 Los Angeles|https://news.google.com/rss/articles/CBMixwFBVV95cUxNTzAyWUdaQVRpNmdZWTVrSC1hWlR",
        "source_count": 2
      }
    },
    {
      "type": "Feature",
      "geometry": {
        "type": "Point",
        "coordinates": [
          -94.52357368633632,
          18.95853942918352
        ]
      },
      "properties": {
        "id": "G6B3B04BA",
        "type": "ufo",
        "date": "2026-07-10",
        "recent": true,
        "isNew": false,
        "title": "\"Nunca había visto algo así en 28 años\": Pentágono revela nuevos videos e imágenes de OVNIS - Univision",
        "description": "Google News. Búsqueda: 'ovni avistamiento'. Fuente: Univision.",
        "witnesses": 0,
        "credibility": "BAJA (señal noticiosa)",
        "country": "US",
        "sources": "Univision|https://news.google.com/rss/articles/CBMiqAFBVV95cUxQRHhvNGRnNmRjTFFsYTdQc3ZicVJ",
        "source_count": 2
      }
    },
    {
      "type": "Feature",
      "geometry": {
        "type": "Point",
        "coordinates": [
          -97.80015874424373,
          18.297541505335108
        ]
      },
      "properties": {
        "id": "G7A912298",
        "type": "ufo",
        "date": "2026-05-10",
        "recent": true,
        "isNew": false,
        "title": "🚨LO MÁS VISTO | Pentágono publica nuevos archivos sobre ovnis y dice que el público puede sacar sus propias conclusiones 👇 - facebook.com",
        "description": "Google News. Búsqueda: 'ovni avistamiento'. Fuente: facebook.com.",
        "witnesses": 0,
        "credibility": "BAJA (señal noticiosa)",
        "country": "US",
        "sources": "facebook.com|https://news.google.com/rss/articles/CBMi8wFBVV95cUxQVTdncUtRVWluNWRXZHQzM1k2WEp",
        "source_count": 2
      }
    },
    {
      "type": "Feature",
      "geometry": {
        "type": "Point",
        "coordinates": [
          -94.32604457685403,
          15.949137052151976
        ]
      },
      "properties": {
        "id": "GE80B4B99",
        "type": "contact",
        "date": "2026-04-04",
        "recent": true,
        "isNew": false,
        "title": "Trump ordenó publicar datos sobre ovnis, pero ¿qué pensarían los extraterrestres de nosotros? - AP News",
        "description": "Google News. Búsqueda: 'ovni avistamiento'. Fuente: AP News.",
        "witnesses": 0,
        "credibility": "BAJA (señal noticiosa)",
        "country": "US",
        "sources": "AP News|https://news.google.com/rss/articles/CBMiswFBVV95cUxOQXhpMnRrTlg2R3cyc01TQ2sySm9",
        "source_count": 2
      }
    },
    {
      "type": "Feature",
      "geometry": {
        "type": "Point",
        "coordinates": [
          -103.13441644957405,
          17.455445803607788
        ]
      },
      "properties": {
        "id": "G33C99898",
        "type": "ufo",
        "date": "2026-05-29",
        "recent": true,
        "isNew": false,
        "title": "Documentos del FBI aseguran que hubo el avistamiento de un ovni en Minnesota - Telemundo",
        "description": "Google News. Búsqueda: 'ovni avistamiento'. Fuente: Telemundo.",
        "witnesses": 0,
        "credibility": "BAJA (señal noticiosa)",
        "country": "US",
        "sources": "Telemundo|https://news.google.com/rss/articles/CBMi6wFBVV95cUxPXzRJYUE0cENWSFJhQWJfaE5SQW5",
        "source_count": 2
      }
    },
    {
      "type": "Feature",
      "geometry": {
        "type": "Point",
        "coordinates": [
          -73.86872738919041,
          40.65815661924614
        ]
      },
      "properties": {
        "id": "G553FF301",
        "type": "ufo",
        "date": "2026-06-15",
        "recent": true,
        "isNew": false,
        "title": "Una papa misteriosa en el cielo de Colorado aparece en los archivos sobre ovnis - The New York Times",
        "description": "Google News. Búsqueda: 'ovni avistamiento'. Fuente: The New York Times.",
        "witnesses": 0,
        "credibility": "BAJA (señal noticiosa)",
        "country": "US",
        "sources": "The New York Times|https://news.google.com/rss/articles/CBMijgFBVV95cUxPNW9RbTZpV2syUmZNU3ZkbEdtckN",
        "source_count": 2
      }
    },
    {
      "type": "Feature",
      "geometry": {
        "type": "Point",
        "coordinates": [
          -99.03085089501593,
          23.597043400088957
        ]
      },
      "properties": {
        "id": "G4B4D5D64",
        "type": "contact",
        "date": "2026-05-08",
        "recent": true,
        "isNew": false,
        "title": "¿Existen los extraterrestres? Pentágono publica primeros archivos sobre los ovnis - Telemundo Orlando (31)",
        "description": "Google News. Búsqueda: 'ovni avistamiento'. Fuente: Telemundo Orlando (31).",
        "witnesses": 0,
        "credibility": "BAJA (señal noticiosa)",
        "country": "US",
        "sources": "Telemundo Orlando (31)|https://news.google.com/rss/articles/CBMioAFBVV95cUxQS1Q3QWNTSGVqdWxTV1EwaWJhMWx",
        "source_count": 2
      }
    },
    {
      "type": "Feature",
      "geometry": {
        "type": "Point",
        "coordinates": [
          -102.07572071239271,
          19.614451402664066
        ]
      },
      "properties": {
        "id": "GF77A48FA",
        "type": "ufo",
        "date": "2026-08-07",
        "recent": true,
        "isNew": false,
        "title": "El Pentágono da a conocer la quinta tanda de expedientes sobre ovnis - CNN en Español",
        "description": "Google News. Búsqueda: 'ovni avistamiento'. Fuente: CNN en Español.",
        "witnesses": 0,
        "credibility": "BAJA (señal noticiosa)",
        "country": "US",
        "sources": "CNN en Español|https://news.google.com/rss/articles/CBMioAFBVV95cUxQOHBqNkV4aGdkbTVxcS1Rd0E3TjZ",
        "source_count": 2
      }
    },
    {
      "type": "Feature",
      "geometry": {
        "type": "Point",
        "coordinates": [
          -52.05224647705724,
          -14.329126505944462
        ]
      },
      "properties": {
        "id": "G626B42CC",
        "type": "ufo",
        "date": "2026-06-24",
        "recent": true,
        "isNew": false,
        "title": "El Aeropuerto de Miami bromea con una ‘alerta ovni’ en el Escocia-Brasil - El Nuevo Herald",
        "description": "Google News. Búsqueda: 'ovni avistamiento'. Fuente: El Nuevo Herald.",
        "witnesses": 0,
        "credibility": "BAJA (señal noticiosa)",
        "country": "US",
        "sources": "El Nuevo Herald|https://news.google.com/rss/articles/CBMijwFBVV95cUxOTGl4d2ljOVlvZmNac2Q0QXpzbE5|Yahoo|https://news.google.com/rss/articles/CBMinwFBVV95cUxPaTVqTFhEc1FnOGJGTWdacWdUWDR",
        "source_count": 4
      }
    },
    {
      "type": "Feature",
      "geometry": {
        "type": "Point",
        "coordinates": [
          -95.31594620242849,
          20.89038534492659
        ]
      },
      "properties": {
        "id": "G001E4789",
        "type": "ufo",
        "date": "2026-05-08",
        "recent": true,
        "isNew": false,
        "title": "Trump nos mantiene en vilo con insinuaciones sobre una nueva remesa de archivos sobre ovnis - Los Angeles Times",
        "description": "Google News. Búsqueda: 'ovni avistamiento'. Fuente: Los Angeles Times.",
        "witnesses": 0,
        "credibility": "BAJA (señal noticiosa)",
        "country": "US",
        "sources": "Los Angeles Times|https://news.google.com/rss/articles/CBMi4gFBVV95cUxQbVA1a3NfUnd2R2tkdWZEbXFiZU1",
        "source_count": 2
      }
    },
    {
      "type": "Feature",
      "geometry": {
        "type": "Point",
        "coordinates": [
          -51.94134195355349,
          -14.762217241522958
        ]
      },
      "properties": {
        "id": "GAE0F062C",
        "type": "ufo",
        "date": "2026-09-19",
        "recent": true,
        "isNew": false,
        "title": "Plataforma militar dos EUA foi surpreendida com seis OVNIs a 800 km/h enquanto realizava monitoramento no Oriente Médio - CNN Brasil",
        "description": "Google News. Búsqueda: 'ovni avistamento'. Fuente: CNN Brasil.",
        "witnesses": 0,
        "credibility": "BAJA (señal noticiosa)",
        "country": "BR",
        "sources": "CNN Brasil|https://news.google.com/rss/articles/CBMi7gFBVV95cUxPTEpJRG5PUUpxNDUtOGxSaFFZLW0",
        "source_count": 2
      }
    },
    {
      "type": "Feature",
      "geometry": {
        "type": "Point",
        "coordinates": [
          -53.460539769813764,
          -13.150480809748938
        ]
      },
      "properties": {
        "id": "GE0851E52",
        "type": "ufo",
        "date": "2026-08-07",
        "recent": true,
        "isNew": false,
        "title": "Investigação sobre OVNI no Brasil faz parte de nova leva de documentos liberados pelos EUA - G1",
        "description": "Google News. Búsqueda: 'ovni avistamento'. Fuente: G1.",
        "witnesses": 0,
        "credibility": "BAJA (señal noticiosa)",
        "country": "BR",
        "sources": "G1|https://news.google.com/rss/articles/CBMi2gFBVV95cUxQUmJxN0c3OWxPb085OHVwTW0tcXl",
        "source_count": 2
      }
    },
    {
      "type": "Feature",
      "geometry": {
        "type": "Point",
        "coordinates": [
          -50.27074033843382,
          -13.046529563886786
        ]
      },
      "properties": {
        "id": "GC21FAE0E",
        "type": "ufo",
        "date": "2026-09-18",
        "recent": true,
        "isNew": false,
        "title": "EUA divulgam intrigante vídeo de 1952 com registro de grupo de OVNIs por suboficial da Marinha - CNN Brasil",
        "description": "Google News. Búsqueda: 'ovni avistamento'. Fuente: CNN Brasil.",
        "witnesses": 0,
        "credibility": "BAJA (señal noticiosa)",
        "country": "BR",
        "sources": "CNN Brasil|https://news.google.com/rss/articles/CBMizAFBVV95cUxPNkJtb0VTSHVhUnhhdUpVQkRSSUJ",
        "source_count": 2
      }
    },
    {
      "type": "Feature",
      "geometry": {
        "type": "Point",
        "coordinates": [
          -53.56144847436697,
          -13.80658222879623
        ]
      },
      "properties": {
        "id": "GC05F5DBA",
        "type": "ufo",
        "date": "2026-08-18",
        "recent": true,
        "isNew": false,
        "title": "Os documentos do Arquivo Nacional sobre o histórico de OVNIs no Brasil - VEJA",
        "description": "Google News. Búsqueda: 'ovni avistamento'. Fuente: VEJA.",
        "witnesses": 0,
        "credibility": "BAJA (señal noticiosa)",
        "country": "BR",
        "sources": "VEJA|https://news.google.com/rss/articles/CBMiqAFBVV95cUxQM29pblU3VUpTUDhQU1o4VjRtTjd",
        "source_count": 2
      }
    },
    {
      "type": "Feature",
      "geometry": {
        "type": "Point",
        "coordinates": [
          -51.195418390041624,
          -12.862660247218454
        ]
      },
      "properties": {
        "id": "G91208270",
        "type": "ufo",
        "date": "2026-07-15",
        "recent": true,
        "isNew": false,
        "title": "Avistamento de óvnis no Brasil - Folha de S.Paulo",
        "description": "Google News. Búsqueda: 'ovni avistamento'. Fuente: Folha de S.Paulo.",
        "witnesses": 0,
        "credibility": "BAJA (señal noticiosa)",
        "country": "BR",
        "sources": "Folha de S.Paulo|https://news.google.com/rss/articles/CBMilAFBVV95cUxOQUtnbTRWRFI1Z043VGllX1ExV1p",
        "source_count": 2
      }
    },
    {
      "type": "Feature",
      "geometry": {
        "type": "Point",
        "coordinates": [
          -55.2187241171124,
          -19.047487223022177
        ]
      },
      "properties": {
        "id": "GBB70446B",
        "type": "ufo",
        "date": "2026-08-21",
        "recent": true,
        "isNew": false,
        "title": "Engenheiro da NASA relata encontro assustador com OVNI - aventurasnahistoria.com.br",
        "description": "Google News. Búsqueda: 'ovni avistamento'. Fuente: aventurasnahistoria.com.br.",
        "witnesses": 0,
        "credibility": "BAJA (señal noticiosa)",
        "country": "BR",
        "sources": "aventurasnahistoria.com.br|https://news.google.com/rss/articles/CBMiugFBVV95cUxNSVNMeHdBVGF5aW44bmlFdjJsbEx",
        "source_count": 2
      }
    },
    {
      "type": "Feature",
      "geometry": {
        "type": "Point",
        "coordinates": [
          -53.236960880465936,
          -12.622752346174245
        ]
      },
      "properties": {
        "id": "G0E366A29",
        "type": "ufo",
        "date": "2026-08-07",
        "recent": true,
        "isNew": false,
        "title": "EUA liberam arquivos de investigação sobre ovni no Brasil - Poder360",
        "description": "Google News. Búsqueda: 'ovni avistamento'. Fuente: Poder360.",
        "witnesses": 0,
        "credibility": "BAJA (señal noticiosa)",
        "country": "BR",
        "sources": "Poder360|https://news.google.com/rss/articles/CBMiqgFBVV95cUxQS1h2TlhaUjRQd25qMnFWRV9KTGE",
        "source_count": 2
      }
    },
    {
      "type": "Feature",
      "geometry": {
        "type": "Point",
        "coordinates": [
          -50.82591872482434,
          -17.09299175454424
        ]
      },
      "properties": {
        "id": "GD2E04023",
        "type": "ufo",
        "date": "2026-06-04",
        "recent": true,
        "isNew": false,
        "title": "OVNI no Paraná: sobrevivencialista faz expedição na mata onde avistamento aconteceu e filma detalhes de região desabitada - G1",
        "description": "Google News. Búsqueda: 'ovni avistamento'. Fuente: G1.",
        "witnesses": 0,
        "credibility": "BAJA (señal noticiosa)",
        "country": "BR",
        "sources": "G1|https://news.google.com/rss/articles/CBMiiAJBVV95cUxQOWpUbHdLN2dGQktVZ0JZc0FVc3h",
        "source_count": 2
      }
    },
    {
      "type": "Feature",
      "geometry": {
        "type": "Point",
        "coordinates": [
          -55.407382016640994,
          -14.958451809815813
        ]
      },
      "properties": {
        "id": "G9D070B6D",
        "type": "ufo",
        "date": "2026-08-07",
        "recent": true,
        "isNew": false,
        "title": "Ex-funcionário do Pentágono descreveu ter visto OVNI sobrevoando sua casa - aventurasnahistoria.com.br",
        "description": "Google News. Búsqueda: 'ovni avistamento'. Fuente: aventurasnahistoria.com.br.",
        "witnesses": 0,
        "credibility": "BAJA (señal noticiosa)",
        "country": "BR",
        "sources": "aventurasnahistoria.com.br|https://news.google.com/rss/articles/CBMi0wFBVV95cUxOcWlXRDlNenppMWpSRzZPRVlkWHB",
        "source_count": 2
      }
    },
    {
      "type": "Feature",
      "geometry": {
        "type": "Point",
        "coordinates": [
          -51.24179268057324,
          -15.674401798401822
        ]
      },
      "properties": {
        "id": "GFCC5FD94",
        "type": "ufo",
        "date": "2026-08-14",
        "recent": true,
        "isNew": false,
        "title": "Aeroporto de Londrina teve série de avistamento de OVNIs em 2025 - CNN Brasil",
        "description": "Google News. Búsqueda: 'ovni avistamento'. Fuente: CNN Brasil.",
        "witnesses": 0,
        "credibility": "BAJA (señal noticiosa)",
        "country": "BR",
        "sources": "CNN Brasil|https://news.google.com/rss/articles/CBMipAFBVV95cUxNdFNoR3RMVDlRWmwyMFZvRHNWZTV",
        "source_count": 2
      }
    },
    {
      "type": "Feature",
      "geometry": {
        "type": "Point",
        "coordinates": [
          -49.695429018448664,
          -13.486278747479002
        ]
      },
      "properties": {
        "id": "GC7A29122",
        "type": "ufo",
        "date": "2026-08-14",
        "recent": true,
        "isNew": false,
        "title": "Piloto relata ter visto 4 óvnis em formação triangular durante sobrevoo em MT - G1",
        "description": "Google News. Búsqueda: 'ovni avistamento'. Fuente: G1.",
        "witnesses": 0,
        "credibility": "BAJA (señal noticiosa)",
        "country": "BR",
        "sources": "G1|https://news.google.com/rss/articles/CBMi1AFBVV95cUxQTFJ0TDBhelhTOHAxV2JQYWhQd1Z",
        "source_count": 2
      }
    },
    {
      "type": "Feature",
      "geometry": {
        "type": "Point",
        "coordinates": [
          -51.473171202140975,
          -13.076324018571565
        ]
      },
      "properties": {
        "id": "GCD107587",
        "type": "ufo",
        "date": "2026-08-14",
        "recent": true,
        "isNew": false,
        "title": "Pilotos e controladores relataram 18 casos de OVNIs no Brasil em 2025 - CNN Brasil",
        "description": "Google News. Búsqueda: 'ovni avistamento'. Fuente: CNN Brasil.",
        "witnesses": 0,
        "credibility": "BAJA (señal noticiosa)",
        "country": "BR",
        "sources": "CNN Brasil|https://news.google.com/rss/articles/CBMiqwFBVV95cUxNWF9NdVFGbnN6bGZUa19SQWVkUTV",
        "source_count": 2
      }
    },
    {
      "type": "Feature",
      "geometry": {
        "type": "Point",
        "coordinates": [
          -52.90070372783016,
          -15.84504875851416
        ]
      },
      "properties": {
        "id": "GDCCBA0DD",
        "type": "ufo",
        "date": "2026-07-12",
        "recent": true,
        "isNew": false,
        "title": "EUA filmaram OVNI em velocidade impressionante; fenômeno não tem explicação - CNN Brasil",
        "description": "Google News. Búsqueda: 'fenômeno aéreo não identificado'. Fuente: CNN Brasil.",
        "witnesses": 0,
        "credibility": "BAJA (señal noticiosa)",
        "country": "BR",
        "sources": "CNN Brasil|https://news.google.com/rss/articles/CBMisgFBVV95cUxNdlBrYkY2TzJMMHByZDVOWXhLLTh",
        "source_count": 2
      }
    },
    {
      "type": "Feature",
      "geometry": {
        "type": "Point",
        "coordinates": [
          -52.90078649888044,
          -14.432652352362158
        ]
      },
      "properties": {
        "id": "G09B50CEC",
        "type": "ufo",
        "date": "2026-05-22",
        "recent": true,
        "isNew": false,
        "title": "Eles estão entre nós? 👽 Nesta sexta-feira, (22), o Departamento de Defesa dos EUA divulgou o vídeo de um OVNI sendo abatido por um caça sobre o Lago Huron, na fronteira com o Canadá. As imagens integram uma iniciativa de transparência sobre registr - instagram.com",
        "description": "Google News. Búsqueda: 'fenômeno aéreo não identificado'. Fuente: instagram.com.",
        "witnesses": 0,
        "credibility": "BAJA (señal noticiosa)",
        "country": "BR",
        "sources": "instagram.com|https://news.google.com/rss/articles/CBMiUkFVX3lxTE9xTTFVb0RORHM3TDJsX1A4OWVPMGV",
        "source_count": 2
      }
    },
    {
      "type": "Feature",
      "geometry": {
        "type": "Point",
        "coordinates": [
          -49.998420691228205,
          -12.866881486034558
        ]
      },
      "properties": {
        "id": "G61F51DDB",
        "type": "ufo",
        "date": "2026-06-03",
        "recent": true,
        "isNew": false,
        "title": "O que é um fenômeno anômalo não identificado? Entenda após caso de OVNI no Paraná - SCC10",
        "description": "Google News. Búsqueda: 'fenômeno aéreo não identificado'. Fuente: SCC10.",
        "witnesses": 0,
        "credibility": "BAJA (señal noticiosa)",
        "country": "BR",
        "sources": "SCC10|https://news.google.com/rss/articles/CBMisgFBVV95cUxPNl9YNE5ZS2NqTDU1Mkd2OXBzOTR",
        "source_count": 2
      }
    },
    {
      "type": "Feature",
      "geometry": {
        "type": "Point",
        "coordinates": [
          -50.542430323077525,
          -17.758207595943095
        ]
      },
      "properties": {
        "id": "G21DB3660",
        "type": "lights_ground",
        "date": "2026-06-04",
        "recent": true,
        "isNew": false,
        "title": "A análise do OVNI gigante de Campo Largo, no Paraná - Diário do Nordeste",
        "description": "Google News. Búsqueda: 'fenômeno aéreo não identificado'. Fuente: Diário do Nordeste.",
        "witnesses": 0,
        "credibility": "BAJA (señal noticiosa)",
        "country": "BR",
        "sources": "Diário do Nordeste|https://news.google.com/rss/articles/CBMi2AFBVV95cUxPS1F3VTdXdUkwc1JndUdHWXRhOU9",
        "source_count": 2
      }
    },
    {
      "type": "Feature",
      "geometry": {
        "type": "Point",
        "coordinates": [
          -53.20987473162519,
          -13.754514633673667
        ]
      },
      "properties": {
        "id": "GC9F12321",
        "type": "contact",
        "date": "2026-05-08",
        "recent": true,
        "isNew": false,
        "title": "Governo Trump divulga arquivos inéditos sobre OVNIs e ‘vida extraterrestre’; veja fotos - VEJA",
        "description": "Google News. Búsqueda: 'fenômeno aéreo não identificado'. Fuente: VEJA.",
        "witnesses": 0,
        "credibility": "BAJA (señal noticiosa)",
        "country": "BR",
        "sources": "VEJA|https://news.google.com/rss/articles/CBMiuAFBVV95cUxPbjNObmw3T1A2RFFTTXFxZi1fM2l",
        "source_count": 2
      }
    },
    {
      "type": "Feature",
      "geometry": {
        "type": "Point",
        "coordinates": [
          -48.017319433680086,
          -10.918795578209735
        ]
      },
      "properties": {
        "id": "GAE41DE29",
        "type": "ufo",
        "date": "2026-05-08",
        "recent": true,
        "isNew": false,
        "title": "EUA liberam arquivos sobre OVNIs que antes eram confidenciais; veja imagens - SBT News",
        "description": "Google News. Búsqueda: 'fenômeno aéreo não identificado'. Fuente: SBT News.",
        "witnesses": 0,
        "credibility": "BAJA (señal noticiosa)",
        "country": "BR",
        "sources": "SBT News|https://news.google.com/rss/articles/CBMiuAFBVV95cUxOSjg5Qy1TelV6SkJReTd6cUJydlV",
        "source_count": 2
      }
    },
    {
      "type": "Feature",
      "geometry": {
        "type": "Point",
        "coordinates": [
          -51.91825319197524,
          -16.520098764764963
        ]
      },
      "properties": {
        "id": "G60D5E9BF",
        "type": "ufo",
        "date": "2026-05-22",
        "recent": true,
        "isNew": false,
        "title": "Bola de fogo e raios cósmicos: o que diz novo lote de arquivos sobre OVNIs - Gazeta do Povo",
        "description": "Google News. Búsqueda: 'fenômeno aéreo não identificado'. Fuente: Gazeta do Povo.",
        "witnesses": 0,
        "credibility": "BAJA (señal noticiosa)",
        "country": "BR",
        "sources": "Gazeta do Povo|https://news.google.com/rss/articles/CBMisgFBVV95cUxNWFBQb3l5TGdrMkpfYk4wTzRGZnF",
        "source_count": 2
      }
    },
    {
      "type": "Feature",
      "geometry": {
        "type": "Point",
        "coordinates": [
          -54.528619484006725,
          -12.795160507132351
        ]
      },
      "properties": {
        "id": "G241FEBE7",
        "type": "contact",
        "date": "2026-02-19",
        "recent": true,
        "isNew": false,
        "title": "Após fala de Obama, Trump ordena divulgação de arquivos do governo dos EUA sobre vida alienígena - G1",
        "description": "Google News. Búsqueda: 'fenômeno aéreo não identificado'. Fuente: G1.",
        "witnesses": 0,
        "credibility": "BAJA (señal noticiosa)",
        "country": "BR",
        "sources": "G1|https://news.google.com/rss/articles/CBMimAFBVV95cUxOSkEzME9pMlV0Q044ek5yOURMaHd",
        "source_count": 2
      }
    },
    {
      "type": "Feature",
      "geometry": {
        "type": "Point",
        "coordinates": [
          -49.02280463680219,
          -12.928560707654604
        ]
      },
      "properties": {
        "id": "GEA86606A",
        "type": "ufo",
        "date": "2026-05-08",
        "recent": true,
        "isNew": false,
        "title": "Pentágono libera primeiros arquivos desclassificados sobre OVNIs e fenômenos anômalos não identificados - Poder Aéreo",
        "description": "Google News. Búsqueda: 'fenômeno aéreo não identificado'. Fuente: Poder Aéreo.",
        "witnesses": 0,
        "credibility": "BAJA (señal noticiosa)",
        "country": "BR",
        "sources": "Poder Aéreo|https://news.google.com/rss/articles/CBMi1wFBVV95cUxNMWJlTVNkR3NkYWlBQ0loajdDTTF",
        "source_count": 2
      }
    },
    {
      "type": "Feature",
      "geometry": {
        "type": "Point",
        "coordinates": [
          -52.47919068345001,
          -14.445338986814825
        ]
      },
      "properties": {
        "id": "G9BC20374",
        "type": "ufo",
        "date": "2026-05-22",
        "recent": true,
        "isNew": false,
        "title": "EUA divulgam segundo lote de arquivos governamentais desclassificados sobre Ovnis - Brasil 247",
        "description": "Google News. Búsqueda: 'fenômeno aéreo não identificado'. Fuente: Brasil 247.",
        "witnesses": 0,
        "credibility": "BAJA (señal noticiosa)",
        "country": "BR",
        "sources": "Brasil 247|https://news.google.com/rss/articles/CBMitAFBVV95cUxNb3Bvc1dleElDNkZpeHhuekg5Vy1",
        "source_count": 2
      }
    },
    {
      "type": "Feature",
      "geometry": {
        "type": "Point",
        "coordinates": [
          -50.81691198057136,
          -13.949644835914864
        ]
      },
      "properties": {
        "id": "G46F1C10E",
        "type": "ufo",
        "date": "2026-08-13",
        "recent": true,
        "isNew": false,
        "title": "Documentos da FAB registram relatos de OVNIs no Brasil; veja quantos casos e o que já se sabe sobre o fenômeno - BNews RN",
        "description": "Google News. Búsqueda: 'fenômeno aéreo não identificado'. Fuente: BNews RN.",
        "witnesses": 0,
        "credibility": "BAJA (señal noticiosa)",
        "country": "BR",
        "sources": "BNews RN|https://news.google.com/rss/articles/CBMi7wFBVV95cUxQeVpjVkpRTC04MDZCMWJCSnpVbUk",
        "source_count": 2
      }
    },
    {
      "type": "Feature",
      "geometry": {
        "type": "Point",
        "coordinates": [
          -54.714831708818714,
          -18.450932651944957
        ]
      },
      "properties": {
        "id": "GE390E0C5",
        "type": "ufo",
        "date": "2026-06-03",
        "recent": true,
        "isNew": false,
        "title": "Vídeo de suposto OVNI no Paraná intriga especialistas e gera investigação - WH3",
        "description": "Google News. Búsqueda: 'fenômeno aéreo não identificado'. Fuente: WH3.",
        "witnesses": 0,
        "credibility": "BAJA (señal noticiosa)",
        "country": "BR",
        "sources": "WH3|https://news.google.com/rss/articles/CBMitAFBVV95cUxOd2lqS1c4WGJKT3pBZ1BTemlleVh",
        "source_count": 2
      }
    },
    {
      "type": "Feature",
      "geometry": {
        "type": "Point",
        "coordinates": [
          -53.26966086107147,
          -5.319792097966243
        ]
      },
      "properties": {
        "id": "GBF2928F8",
        "type": "ufo",
        "date": "2026-08-15",
        "recent": true,
        "isNew": false,
        "title": "KONA BLUE: The Pentagon’s Secret UFO Program That Planned to Reverse-Engineer Recovered Craft",
        "description": "RSS: Latest UFO Sightings. Fuente: https://www.latest-ufo-sightings.net/2026/08/kona-blue-the-p.",
        "witnesses": 0,
        "credibility": "BAJA (señal noticiosa)",
        "country": "—",
        "sources": "Latest UFO Sightings|https://www.latest-ufo-sightings.net/2026/08/kona-blue-the-pentagons-secret-ufo-",
        "source_count": 2
      }
    },
    {
      "type": "Feature",
      "geometry": {
        "type": "Point",
        "coordinates": [
          -157.40842378009697,
          -37.04479026176816
        ]
      },
      "properties": {
        "id": "G5802B0FD",
        "type": "ufo",
        "date": "2026-07-09",
        "recent": true,
        "isNew": false,
        "title": "Bob Lazar and Travis Walton Compare Their Most Controversial UFO Experiences",
        "description": "RSS: Latest UFO Sightings. Fuente: https://www.latest-ufo-sightings.net/2026/07/bob-lazar-and-t.",
        "witnesses": 0,
        "credibility": "BAJA (señal noticiosa)",
        "country": "—",
        "sources": "Latest UFO Sightings|https://www.latest-ufo-sightings.net/2026/07/bob-lazar-and-travis-walton-compare",
        "source_count": 2
      }
    },
    {
      "type": "Feature",
      "geometry": {
        "type": "Point",
        "coordinates": [
          51.08225952697282,
          -4.382235246939018
        ]
      },
      "properties": {
        "id": "G7DD2015F",
        "type": "uso",
        "date": "2026-06-24",
        "recent": true,
        "isNew": false,
        "title": "New UFO Files Paint a ‘Very Clear’ Picture of Alien Contact, Researcher Claims",
        "description": "RSS: Latest UFO Sightings. Fuente: https://www.latest-ufo-sightings.net/2026/06/new-ufo-files-p.",
        "witnesses": 0,
        "credibility": "BAJA (señal noticiosa)",
        "country": "—",
        "sources": "Latest UFO Sightings|https://www.latest-ufo-sightings.net/2026/06/new-ufo-files-paint-a-very-clear-pi",
        "source_count": 2
      }
    },
    {
      "type": "Feature",
      "geometry": {
        "type": "Point",
        "coordinates": [
          -50.73249380579559,
          -14.747130939012065
        ]
      },
      "properties": {
        "id": "G70592CD6",
        "type": "ufo",
        "date": "2026-06-04",
        "recent": true,
        "isNew": false,
        "title": "The Varginha Mystery Deepens: Doctor Breaks Decades of Silence About Brazil’s “Roswell”",
        "description": "RSS: Latest UFO Sightings. Fuente: https://www.latest-ufo-sightings.net/2026/06/the-varginha-my.",
        "witnesses": 0,
        "credibility": "BAJA (señal noticiosa)",
        "country": "—",
        "sources": "Latest UFO Sightings|https://www.latest-ufo-sightings.net/2026/06/the-varginha-mystery-deepens-doctor",
        "source_count": 2
      }
    },
    {
      "type": "Feature",
      "geometry": {
        "type": "Point",
        "coordinates": [
          1.1884589365267004,
          57.96577358295741
        ]
      },
      "properties": {
        "id": "G4094C0C4",
        "type": "ufo",
        "date": "2026-05-08",
        "recent": true,
        "isNew": false,
        "title": "Bob Lazar Documentary Director Claims Key Parts of the S4 Story May Still Be Missing",
        "description": "RSS: Latest UFO Sightings. Fuente: https://www.latest-ufo-sightings.net/2026/05/bob-lazar-docum.",
        "witnesses": 0,
        "credibility": "BAJA (señal noticiosa)",
        "country": "—",
        "sources": "Latest UFO Sightings|https://www.latest-ufo-sightings.net/2026/05/bob-lazar-documentary-director-clai",
        "source_count": 2
      }
    },
    {
      "type": "Feature",
      "geometry": {
        "type": "Point",
        "coordinates": [
          131.9673935620915,
          -52.894368732637865
        ]
      },
      "properties": {
        "id": "GF35C77E1",
        "type": "ufo",
        "date": "2026-05-03",
        "recent": true,
        "isNew": false,
        "title": "The Serpo Mission: Inside One of the Most Controversial UFO Conspiracy Stories Ever Told",
        "description": "RSS: Latest UFO Sightings. Fuente: https://www.latest-ufo-sightings.net/2026/05/the-serpo-missi.",
        "witnesses": 0,
        "credibility": "BAJA (señal noticiosa)",
        "country": "—",
        "sources": "Latest UFO Sightings|https://www.latest-ufo-sightings.net/2026/05/the-serpo-mission-inside-one-of-the",
        "source_count": 2
      }
    },
    {
      "type": "Feature",
      "geometry": {
        "type": "Point",
        "coordinates": [
          -38.26174673122253,
          30.306933668743028
        ]
      },
      "properties": {
        "id": "G74AA9216",
        "type": "lights_sky",
        "date": "2026-03-26",
        "recent": true,
        "isNew": false,
        "title": "Triangle UFO Formation Spooted During Thunderstorm Over Doha – March 25, 2026",
        "description": "RSS: Latest UFO Sightings. Fuente: https://www.latest-ufo-sightings.net/2026/03/triangle-ufo-fo.",
        "witnesses": 0,
        "credibility": "BAJA (señal noticiosa)",
        "country": "—",
        "sources": "Latest UFO Sightings|https://www.latest-ufo-sightings.net/2026/03/triangle-ufo-formation-spooted-duri",
        "source_count": 2
      }
    },
    {
      "type": "Feature",
      "geometry": {
        "type": "Point",
        "coordinates": [
          -115.48565737438089,
          62.24140229901538
        ]
      },
      "properties": {
        "id": "GEBBA12B6",
        "type": "ufo",
        "date": "2026-03-15",
        "recent": true,
        "isNew": false,
        "title": "New Details Emerge About Jimmy Carter’s Alleged 1977 UFO Briefing",
        "description": "RSS: Latest UFO Sightings. Fuente: https://www.latest-ufo-sightings.net/2026/03/new-details-eme.",
        "witnesses": 0,
        "credibility": "BAJA (señal noticiosa)",
        "country": "—",
        "sources": "Latest UFO Sightings|https://www.latest-ufo-sightings.net/2026/03/new-details-emerge-about-jimmy-cart",
        "source_count": 2
      }
    },
    {
      "type": "Feature",
      "geometry": {
        "type": "Point",
        "coordinates": [
          -74.68899250203076,
          37.43409378272098
        ]
      },
      "properties": {
        "id": "G067FAD6E",
        "type": "uso",
        "date": "2026-02-18",
        "recent": true,
        "isNew": false,
        "title": "Congressman Eric Burlison Questions Alleged Massive Overseas UAP Structure",
        "description": "RSS: Latest UFO Sightings. Fuente: https://www.latest-ufo-sightings.net/2026/02/congressman-eri.",
        "witnesses": 0,
        "credibility": "BAJA (señal noticiosa)",
        "country": "—",
        "sources": "Latest UFO Sightings|https://www.latest-ufo-sightings.net/2026/02/congressman-eric-burlison-questions",
        "source_count": 2
      }
    },
    {
      "type": "Feature",
      "geometry": {
        "type": "Point",
        "coordinates": [
          -120.319205843875,
          35.88891347727029
        ]
      },
      "properties": {
        "id": "G36D13443",
        "type": "ufo",
        "date": "2026-02-07",
        "recent": true,
        "isNew": false,
        "title": "VIDEO: Eyewitness Report UFO Triangle Captured on Night Vision in Northern California",
        "description": "RSS: Latest UFO Sightings. Fuente: https://www.latest-ufo-sightings.net/2026/02/video-eyewitnes.",
        "witnesses": 0,
        "credibility": "BAJA (señal noticiosa)",
        "country": "—",
        "sources": "Latest UFO Sightings|https://www.latest-ufo-sightings.net/2026/02/video-eyewitness-report-ufo-triangl",
        "source_count": 2
      }
    },
    {
      "type": "Feature",
      "geometry": {
        "type": "Point",
        "coordinates": [
          122.27213679973534,
          57.95036042243265
        ]
      },
      "properties": {
        "id": "GF1CE9ABF",
        "type": "ufo",
        "date": "2025-10-28",
        "recent": true,
        "isNew": false,
        "title": "The Vault Files: 2006 O’Hare International Airport UFO Sighting",
        "description": "RSS: The Black Vault. Fuente: https://www.theblackvault.com/casefiles/the-vault-files-2006.",
        "witnesses": 0,
        "credibility": "BAJA (señal noticiosa)",
        "country": "—",
        "sources": "The Black Vault|https://www.theblackvault.com/casefiles/the-vault-files-2006-ohare-international",
        "source_count": 2
      }
    },
    {
      "type": "Feature",
      "geometry": {
        "type": "Point",
        "coordinates": [
          -53.305142713375304,
          13.93022331150432
        ]
      },
      "properties": {
        "id": "G21ED37EE",
        "type": "ufo",
        "date": "2025-09-29",
        "recent": true,
        "isNew": false,
        "title": "The Vault Files: The Levelland UFO Incident (1957)",
        "description": "RSS: The Black Vault. Fuente: https://www.theblackvault.com/casefiles/the-vault-files-the-.",
        "witnesses": 0,
        "credibility": "BAJA (señal noticiosa)",
        "country": "—",
        "sources": "The Black Vault|https://www.theblackvault.com/casefiles/the-vault-files-the-levelland-ufo-incide",
        "source_count": 2
      }
    },
    {
      "type": "Feature",
      "geometry": {
        "type": "Point",
        "coordinates": [
          -68.99535676895874,
          38.218325796244
        ]
      },
      "properties": {
        "id": "GB7237CAB",
        "type": "lights_sky",
        "date": "2025-08-25",
        "recent": true,
        "isNew": false,
        "title": "The Vault Files: 1986 Alaska JAL Flight 1628",
        "description": "RSS: The Black Vault. Fuente: https://www.theblackvault.com/casefiles/the-vault-files-1986.",
        "witnesses": 0,
        "credibility": "BAJA (señal noticiosa)",
        "country": "—",
        "sources": "The Black Vault|https://www.theblackvault.com/casefiles/the-vault-files-1986-alaska-jal-flight-1",
        "source_count": 2
      }
    },
    {
      "type": "Feature",
      "geometry": {
        "type": "Point",
        "coordinates": [
          -3.083013694621428,
          62.09231078465028
        ]
      },
      "properties": {
        "id": "GF35C9F78",
        "type": "ufo",
        "date": "2025-08-13",
        "recent": true,
        "isNew": false,
        "title": "The Vault Files: The Socorro UFO Landing Incident, April 24, 1964",
        "description": "RSS: The Black Vault. Fuente: https://www.theblackvault.com/casefiles/the-vault-files-the-.",
        "witnesses": 0,
        "credibility": "BAJA (señal noticiosa)",
        "country": "—",
        "sources": "The Black Vault|https://www.theblackvault.com/casefiles/the-vault-files-the-socorro-ufo-landing-",
        "source_count": 2
      }
    },
    {
      "type": "Feature",
      "geometry": {
        "type": "Point",
        "coordinates": [
          98.64819941594828,
          27.11602432084669
        ]
      },
      "properties": {
        "id": "GBAACE2E3",
        "type": "ufo",
        "date": "2025-08-01",
        "recent": true,
        "isNew": false,
        "title": "The Vault Files: The 1965 Kecksburg, Pennsylvania Crash",
        "description": "RSS: The Black Vault. Fuente: https://www.theblackvault.com/casefiles/the-vault-files-the-.",
        "witnesses": 0,
        "credibility": "BAJA (señal noticiosa)",
        "country": "—",
        "sources": "The Black Vault|https://www.theblackvault.com/casefiles/the-vault-files-the-1965-kecksburg-penns",
        "source_count": 2
      }
    },
    {
      "type": "Feature",
      "geometry": {
        "type": "Point",
        "coordinates": [
          28.007834319784138,
          -5.726511039779879
        ]
      },
      "properties": {
        "id": "GCC5B47EB",
        "type": "ufo",
        "date": "2025-07-29",
        "recent": true,
        "isNew": false,
        "title": "The Vault Files: The “Tic-Tac” Incident, November 14, 2004",
        "description": "RSS: The Black Vault. Fuente: https://www.theblackvault.com/casefiles/the-vault-files-the-.",
        "witnesses": 0,
        "credibility": "BAJA (señal noticiosa)",
        "country": "—",
        "sources": "The Black Vault|https://www.theblackvault.com/casefiles/the-vault-files-the-tic-tac-incident-nov",
        "source_count": 2
      }
    },
    {
      "type": "Feature",
      "geometry": {
        "type": "Point",
        "coordinates": [
          54.07951620760934,
          31.666875591319176
        ]
      },
      "properties": {
        "id": "GE5AA2065",
        "type": "ufo",
        "date": "2025-07-27",
        "recent": true,
        "isNew": false,
        "title": "The Vault Files: 1976 Iran Incident",
        "description": "RSS: The Black Vault. Fuente: https://www.theblackvault.com/casefiles/the-1976-iran-incide.",
        "witnesses": 0,
        "credibility": "BAJA (señal noticiosa)",
        "country": "—",
        "sources": "The Black Vault|https://www.theblackvault.com/casefiles/the-1976-iran-incident/?utm_source=rss&u",
        "source_count": 2
      }
    },
    {
      "type": "Feature",
      "geometry": {
        "type": "Point",
        "coordinates": [
          161.57677592714953,
          16.233526084428703
        ]
      },
      "properties": {
        "id": "G31EB26DE",
        "type": "contact",
        "date": "2025-07-07",
        "recent": true,
        "isNew": false,
        "title": "Hypnotic Regression and UFO Abductions: A 1989 Look at the Technique and Its Role in the Phenomenon",
        "description": "RSS: The Black Vault. Fuente: https://www.theblackvault.com/casefiles/hypnotic-regression-.",
        "witnesses": 0,
        "credibility": "BAJA (señal noticiosa)",
        "country": "—",
        "sources": "The Black Vault|https://www.theblackvault.com/casefiles/hypnotic-regression-and-ufo-abductions-a",
        "source_count": 2
      }
    },
    {
      "type": "Feature",
      "geometry": {
        "type": "Point",
        "coordinates": [
          50.70314525609987,
          -5.144918658858636
        ]
      },
      "properties": {
        "id": "GA1C85E0C",
        "type": "ufo",
        "date": "2025-04-15",
        "recent": true,
        "isNew": false,
        "title": "SETA — Scientific Exploration & Transparency in Anomalies",
        "description": "RSS: The Black Vault. Fuente: https://www.theblackvault.com/casefiles/seta-scientific-expl.",
        "witnesses": 0,
        "credibility": "BAJA (señal noticiosa)",
        "country": "—",
        "sources": "The Black Vault|https://www.theblackvault.com/casefiles/seta-scientific-exploration-transparency",
        "source_count": 2
      }
    },
    {
      "type": "Feature",
      "geometry": {
        "type": "Point",
        "coordinates": [
          142.56985733678584,
          59.94109013622493
        ]
      },
      "properties": {
        "id": "GC12EEC1F",
        "type": "ufo",
        "date": "2024-05-23",
        "recent": true,
        "isNew": false,
        "title": "’87 Foreign Press Center Briefing – Dr. Bruce Maccabee, Lawrence Koss, Jamie Shandera & Budd Hopkins",
        "description": "RSS: The Black Vault. Fuente: https://www.theblackvault.com/casefiles/87-foreign-press-cen.",
        "witnesses": 0,
        "credibility": "BAJA (señal noticiosa)",
        "country": "—",
        "sources": "The Black Vault|https://www.theblackvault.com/casefiles/87-foreign-press-center-briefing-dr-bruc",
        "source_count": 2
      }
    },
    {
      "type": "Feature",
      "geometry": {
        "type": "Point",
        "coordinates": [
          56.02869615656729,
          59.35935530685272
        ]
      },
      "properties": {
        "id": "G037295A2",
        "type": "ufo",
        "date": "2024-05-23",
        "recent": true,
        "isNew": false,
        "title": "Project Blue Book: The Alleged 1964 UFO Landing in Harrisonburg, Virginia",
        "description": "RSS: The Black Vault. Fuente: https://www.theblackvault.com/casefiles/project-blue-book-th.",
        "witnesses": 0,
        "credibility": "BAJA (señal noticiosa)",
        "country": "—",
        "sources": "The Black Vault|https://www.theblackvault.com/casefiles/project-blue-book-the-alleged-1964-ufo-l",
        "source_count": 2
      }
    },
    {
      "type": "Feature",
      "geometry": {
        "type": "Point",
        "coordinates": [
          -0.6757071869390927,
          -11.052114464802322
        ]
      },
      "properties": {
        "id": "G61A8142F",
        "type": "ufo",
        "date": "2024-05-22",
        "recent": true,
        "isNew": false,
        "title": "The Flying Saucers are Real by Donald E. Keyhoe, Fawcett Publications, 1950 (Public Domain)",
        "description": "RSS: The Black Vault. Fuente: https://www.theblackvault.com/casefiles/the-flying-saucers-a.",
        "witnesses": 0,
        "credibility": "BAJA (señal noticiosa)",
        "country": "—",
        "sources": "The Black Vault|https://www.theblackvault.com/casefiles/the-flying-saucers-are-real-by-donald-e-",
        "source_count": 2
      }
    },
    {
      "type": "Feature",
      "geometry": {
        "type": "Point",
        "coordinates": [
          128.97445287419634,
          -54.69595178704657
        ]
      },
      "properties": {
        "id": "G42F3A9F9",
        "type": "ufo",
        "date": "2024-01-18",
        "recent": true,
        "isNew": false,
        "title": "Scientists Challenge Air Force Regarding UFOs",
        "description": "RSS: The Black Vault. Fuente: https://www.theblackvault.com/casefiles/scientists-challenge.",
        "witnesses": 0,
        "credibility": "BAJA (señal noticiosa)",
        "country": "—",
        "sources": "The Black Vault|https://www.theblackvault.com/casefiles/scientists-challenge-air-force-regarding",
        "source_count": 2
      }
    },
    {
      "type": "Feature",
      "geometry": {
        "type": "Point",
        "coordinates": [
          134.72038382520475,
          -28.253353229182874
        ]
      },
      "properties": {
        "id": "GC6EF6C69",
        "type": "ufo",
        "date": "2024-01-18",
        "recent": true,
        "isNew": false,
        "title": "The UFO Challenge",
        "description": "RSS: The Black Vault. Fuente: https://www.theblackvault.com/casefiles/the-ufo-challenge/?u.",
        "witnesses": 0,
        "credibility": "BAJA (señal noticiosa)",
        "country": "—",
        "sources": "The Black Vault|https://www.theblackvault.com/casefiles/the-ufo-challenge/?utm_source=rss&utm_me",
        "source_count": 2
      }
    },
    {
      "type": "Feature",
      "geometry": {
        "type": "Point",
        "coordinates": [
          0.3051435484797196,
          -48.32031583311804
        ]
      },
      "properties": {
        "id": "G5A54C53E",
        "type": "ufo",
        "date": "2024-01-18",
        "recent": true,
        "isNew": false,
        "title": "Flatwoods Monster UFO Event",
        "description": "RSS: The Black Vault. Fuente: https://www.theblackvault.com/casefiles/flatwoods-monster-uf.",
        "witnesses": 0,
        "credibility": "BAJA (señal noticiosa)",
        "country": "—",
        "sources": "The Black Vault|https://www.theblackvault.com/casefiles/flatwoods-monster-ufo-event/?utm_source=",
        "source_count": 2
      }
    },
    {
      "type": "Feature",
      "geometry": {
        "type": "Point",
        "coordinates": [
          -28.98726517659921,
          -52.90574573349134
        ]
      },
      "properties": {
        "id": "G2DBD4F88",
        "type": "ufo",
        "date": "2024-01-18",
        "recent": true,
        "isNew": false,
        "title": "Petition, UFOs, White House and Lies",
        "description": "RSS: The Black Vault. Fuente: https://www.theblackvault.com/casefiles/petition-ufos-white-.",
        "witnesses": 0,
        "credibility": "BAJA (señal noticiosa)",
        "country": "—",
        "sources": "The Black Vault|https://www.theblackvault.com/casefiles/petition-ufos-white-house-and-lies/?utm_",
        "source_count": 2
      }
    },
    {
      "type": "Feature",
      "geometry": {
        "type": "Point",
        "coordinates": [
          164.156254063171,
          26.38698994168702
        ]
      },
      "properties": {
        "id": "G52DFD3EF",
        "type": "ufo",
        "date": "2024-01-17",
        "recent": true,
        "isNew": false,
        "title": "Peter Jennings Program",
        "description": "RSS: The Black Vault. Fuente: https://www.theblackvault.com/casefiles/peter-jennings-progr.",
        "witnesses": 0,
        "credibility": "BAJA (señal noticiosa)",
        "country": "—",
        "sources": "The Black Vault|https://www.theblackvault.com/casefiles/peter-jennings-program/?utm_source=rss&u",
        "source_count": 2
      }
    },
    {
      "type": "Feature",
      "geometry": {
        "type": "Point",
        "coordinates": [
          87.74642427318793,
          28.961149589937833
        ]
      },
      "properties": {
        "id": "GDC4414BB",
        "type": "ufo",
        "date": "2024-01-17",
        "recent": true,
        "isNew": false,
        "title": "The UFO “WHY?” Questions",
        "description": "RSS: The Black Vault. Fuente: https://www.theblackvault.com/casefiles/the-ufo-why-question.",
        "witnesses": 0,
        "credibility": "BAJA (señal noticiosa)",
        "country": "—",
        "sources": "The Black Vault|https://www.theblackvault.com/casefiles/the-ufo-why-questions/?utm_source=rss&ut",
        "source_count": 2
      }
    },
    {
      "type": "Feature",
      "geometry": {
        "type": "Point",
        "coordinates": [
          111.84890856352132,
          -47.67169572531074
        ]
      },
      "properties": {
        "id": "GF811C3F4",
        "type": "ufo",
        "date": "2024-01-17",
        "recent": true,
        "isNew": false,
        "title": "Stanton Friedman Slams Author of Roswell Initiative",
        "description": "RSS: The Black Vault. Fuente: https://www.theblackvault.com/casefiles/stanton-friedman-sla.",
        "witnesses": 0,
        "credibility": "BAJA (señal noticiosa)",
        "country": "—",
        "sources": "The Black Vault|https://www.theblackvault.com/casefiles/stanton-friedman-slams-author-of-roswell",
        "source_count": 2
      }
    },
    {
      "type": "Feature",
      "geometry": {
        "type": "Point",
        "coordinates": [
          -83.8535285065585,
          2.5961744370816433
        ]
      },
      "properties": {
        "id": "G379D1EFB",
        "type": "ufo",
        "date": "2024-01-17",
        "recent": true,
        "isNew": false,
        "title": "Update on Operation Majestic 12 Documents",
        "description": "RSS: The Black Vault. Fuente: https://www.theblackvault.com/casefiles/update-on-operation-.",
        "witnesses": 0,
        "credibility": "BAJA (señal noticiosa)",
        "country": "—",
        "sources": "The Black Vault|https://www.theblackvault.com/casefiles/update-on-operation-majestic-12-document",
        "source_count": 2
      }
    },
    {
      "type": "Feature",
      "geometry": {
        "type": "Point",
        "coordinates": [
          -64.66908825210987,
          -39.93190058643228
        ]
      },
      "properties": {
        "id": "G5C1DA652",
        "type": "ufo",
        "date": "2026-10-02",
        "recent": true,
        "isNew": false,
        "title": "Argentina:  Zone 72 - The Mysterious Site in La Plata Where UFO Reports Multiplied",
        "description": "RSS: Inexplicata (es). Fuente: https://inexplicata.blogspot.com/2026/10/argentina-zone-72-m.",
        "witnesses": 0,
        "credibility": "BAJA (señal noticiosa)",
        "country": "—",
        "sources": "Inexplicata (es)|https://inexplicata.blogspot.com/2026/10/argentina-zone-72-mysterious-site-in-la",
        "source_count": 2
      }
    },
    {
      "type": "Feature",
      "geometry": {
        "type": "Point",
        "coordinates": [
          -138.14400902320682,
          -48.44099557878652
        ]
      },
      "properties": {
        "id": "G25DFC33E",
        "type": "uso",
        "date": "2026-09-29",
        "recent": true,
        "isNew": false,
        "title": "A Lost Police Report, 48 Years Later: The 1978 Bahía Blanca UFO Case Gets New Evidence",
        "description": "RSS: Inexplicata (es). Fuente: https://inexplicata.blogspot.com/2026/09/a-lost-police-repor.",
        "witnesses": 0,
        "credibility": "BAJA (señal noticiosa)",
        "country": "—",
        "sources": "Inexplicata (es)|https://inexplicata.blogspot.com/2026/09/a-lost-police-report-48-years-later.htm",
        "source_count": 2
      }
    },
    {
      "type": "Feature",
      "geometry": {
        "type": "Point",
        "coordinates": [
          -101.07699965289403,
          24.686363510554514
        ]
      },
      "properties": {
        "id": "GDA8C5538",
        "type": "ufo",
        "date": "2026-09-29",
        "recent": true,
        "isNew": false,
        "title": "Mexico: A Year of UFO and Paranormal Reports in 2024",
        "description": "RSS: Inexplicata (es). Fuente: https://inexplicata.blogspot.com/2026/09/mexico-year-of-ufo-.",
        "witnesses": 0,
        "credibility": "BAJA (señal noticiosa)",
        "country": "—",
        "sources": "Inexplicata (es)|https://inexplicata.blogspot.com/2026/09/mexico-year-of-ufo-and-paranormal.html",
        "source_count": 2
      }
    },
    {
      "type": "Feature",
      "geometry": {
        "type": "Point",
        "coordinates": [
          -3.049180800525157,
          39.885481581485415
        ]
      },
      "properties": {
        "id": "GC6A50AFB",
        "type": "ufo",
        "date": "2026-09-27",
        "recent": true,
        "isNew": false,
        "title": "Spain: The Alleged UFO That Brought Valladolid to a Standstill in 1965",
        "description": "RSS: Inexplicata (es). Fuente: https://inexplicata.blogspot.com/2026/09/spain-alleged-ufo-t.",
        "witnesses": 0,
        "credibility": "BAJA (señal noticiosa)",
        "country": "—",
        "sources": "Inexplicata (es)|https://inexplicata.blogspot.com/2026/09/spain-alleged-ufo-that-brought.html",
        "source_count": 2
      }
    },
    {
      "type": "Feature",
      "geometry": {
        "type": "Point",
        "coordinates": [
          62.67847421797131,
          4.467356334130699
        ]
      },
      "properties": {
        "id": "G8DE49659",
        "type": "ufo",
        "date": "2026-09-26",
        "recent": true,
        "isNew": false,
        "title": "V.J. Ballester Olmos: An Interview with the Witness to the Villares del Saz Landing, 1953",
        "description": "RSS: Inexplicata (es). Fuente: https://inexplicata.blogspot.com/2026/09/vj-ballester-olmos-.",
        "witnesses": 0,
        "credibility": "BAJA (señal noticiosa)",
        "country": "—",
        "sources": "Inexplicata (es)|https://inexplicata.blogspot.com/2026/09/vj-ballester-olmos-interview-with.html",
        "source_count": 2
      }
    },
    {
      "type": "Feature",
      "geometry": {
        "type": "Point",
        "coordinates": [
          -75.21979485825233,
          4.739150694197544
        ]
      },
      "properties": {
        "id": "GAD213EF6",
        "type": "ufo",
        "date": "2026-09-25",
        "recent": true,
        "isNew": false,
        "title": "Colombia: The Paranormal Stories of Armero",
        "description": "RSS: Inexplicata (es). Fuente: https://inexplicata.blogspot.com/2026/09/colombia-paranormal.",
        "witnesses": 0,
        "credibility": "BAJA (señal noticiosa)",
        "country": "—",
        "sources": "Inexplicata (es)|https://inexplicata.blogspot.com/2026/09/colombia-paranormal-stories-of-armero.h",
        "source_count": 2
      }
    },
    {
      "type": "Feature",
      "geometry": {
        "type": "Point",
        "coordinates": [
          -73.27472189819046,
          -37.45087129792535
        ]
      },
      "properties": {
        "id": "G9B0EBC07",
        "type": "ufo",
        "date": "2026-09-23",
        "recent": true,
        "isNew": false,
        "title": "Chile: An Infestation of Imps in Macul",
        "description": "RSS: Inexplicata (es). Fuente: https://inexplicata.blogspot.com/2026/09/chile-infestation-o.",
        "witnesses": 0,
        "credibility": "BAJA (señal noticiosa)",
        "country": "—",
        "sources": "Inexplicata (es)|https://inexplicata.blogspot.com/2026/09/chile-infestation-of-imps-in-macul.html",
        "source_count": 2
      }
    },
    {
      "type": "Feature",
      "geometry": {
        "type": "Point",
        "coordinates": [
          -65.39617070582855,
          -39.751417819451014
        ]
      },
      "properties": {
        "id": "G00266724",
        "type": "lights_sky",
        "date": "2026-09-22",
        "recent": true,
        "isNew": false,
        "title": "Argentina: Strange Lights Over Pergamino",
        "description": "RSS: Inexplicata (es). Fuente: https://inexplicata.blogspot.com/2026/09/argentina-strange-l.",
        "witnesses": 0,
        "credibility": "BAJA (señal noticiosa)",
        "country": "—",
        "sources": "Inexplicata (es)|https://inexplicata.blogspot.com/2026/09/argentina-strange-lights-over-pergamino",
        "source_count": 2
      }
    },
    {
      "type": "Feature",
      "geometry": {
        "type": "Point",
        "coordinates": [
          -63.843935442307824,
          -38.31184634361156
        ]
      },
      "properties": {
        "id": "GF3433ED0",
        "type": "lights_sky",
        "date": "2026-09-22",
        "recent": true,
        "isNew": false,
        "title": "Argentina: Mystery in the sky: “dancing” lights accompanied a pilot from Salta for 35 minutes.",
        "description": "RSS: Inexplicata (es). Fuente: https://inexplicata.blogspot.com/2026/09/argentina-mystery-i.",
        "witnesses": 0,
        "credibility": "BAJA (señal noticiosa)",
        "country": "—",
        "sources": "Inexplicata (es)|https://inexplicata.blogspot.com/2026/09/argentina-mystery-in-sky-dancing-lights",
        "source_count": 2
      }
    },
    {
      "type": "Feature",
      "geometry": {
        "type": "Point",
        "coordinates": [
          -63.55129731557792,
          -40.293920463979894
        ]
      },
      "properties": {
        "id": "G8307399B",
        "type": "em",
        "date": "2026-09-21",
        "recent": true,
        "isNew": false,
        "title": "Argentina: UFO Caused Massive Greater Buenos Aires Blackout?",
        "description": "RSS: Inexplicata (es). Fuente: https://inexplicata.blogspot.com/2026/09/argentina-ufo-cause.",
        "witnesses": 0,
        "credibility": "BAJA (señal noticiosa)",
        "country": "—",
        "sources": "Inexplicata (es)|https://inexplicata.blogspot.com/2026/09/argentina-ufo-caused-massive-greater.ht",
        "source_count": 2
      }
    },
    {
      "type": "Feature",
      "geometry": {
        "type": "Point",
        "coordinates": [
          -63.29971347238741,
          -38.53829820653603
        ]
      },
      "properties": {
        "id": "GC641B831",
        "type": "ufo",
        "date": "2026-09-19",
        "recent": true,
        "isNew": false,
        "title": "Argentina: UFO Sighting in Barranqueras - \"Don't Investigate, Because You'll Be Taken.\" (2026)",
        "description": "RSS: Inexplicata (es). Fuente: https://inexplicata.blogspot.com/2026/09/argentina-ufo-sight.",
        "witnesses": 0,
        "credibility": "BAJA (señal noticiosa)",
        "country": "—",
        "sources": "Inexplicata (es)|https://inexplicata.blogspot.com/2026/09/argentina-ufo-sighting-in-barranqueras.",
        "source_count": 2
      }
    },
    {
      "type": "Feature",
      "geometry": {
        "type": "Point",
        "coordinates": [
          -52.29763351252167,
          0.7841349383016265
        ]
      },
      "properties": {
        "id": "G171D4076",
        "type": "uso",
        "date": "2026-09-19",
        "recent": true,
        "isNew": false,
        "title": "A UFO or a Satellite? Researchers Analyze the Barranqueras Lights (2026)",
        "description": "RSS: Inexplicata (es). Fuente: https://inexplicata.blogspot.com/2026/09/a-ufo-or-satellite-.",
        "witnesses": 0,
        "credibility": "BAJA (señal noticiosa)",
        "country": "—",
        "sources": "Inexplicata (es)|https://inexplicata.blogspot.com/2026/09/a-ufo-or-satellite-researchers-analyze.",
        "source_count": 2
      }
    },
    {
      "type": "Feature",
      "geometry": {
        "type": "Point",
        "coordinates": [
          -102.78324946822264,
          22.24948487167393
        ]
      },
      "properties": {
        "id": "GF7133BD3",
        "type": "ufo",
        "date": "2026-09-19",
        "recent": true,
        "isNew": false,
        "title": "The UFO Phenomenon in Mexico: The 1991 Wave in Hidalgo",
        "description": "RSS: Inexplicata (es). Fuente: https://inexplicata.blogspot.com/2026/09/the-ufo-phenomenon-.",
        "witnesses": 0,
        "credibility": "BAJA (señal noticiosa)",
        "country": "—",
        "sources": "Inexplicata (es)|https://inexplicata.blogspot.com/2026/09/the-ufo-phenomenon-in-mexico-1991-wave.",
        "source_count": 2
      }
    },
    {
      "type": "Feature",
      "geometry": {
        "type": "Point",
        "coordinates": [
          -90.54862719407895,
          14.191506382759139
        ]
      },
      "properties": {
        "id": "G12976201",
        "type": "contact",
        "date": "2026-09-19",
        "recent": true,
        "isNew": false,
        "title": "Guatemalan Scientist Attempts Extraterrestrial Taxonomy (1994)",
        "description": "RSS: Inexplicata (es). Fuente: https://inexplicata.blogspot.com/2026/09/guatemalan-scientis.",
        "witnesses": 0,
        "credibility": "BAJA (señal noticiosa)",
        "country": "—",
        "sources": "Inexplicata (es)|https://inexplicata.blogspot.com/2026/09/guatemalan-scientist-attempts.html",
        "source_count": 2
      }
    },
    {
      "type": "Feature",
      "geometry": {
        "type": "Point",
        "coordinates": [
          -4.570520541190806,
          42.253554057439615
        ]
      },
      "properties": {
        "id": "GC83E0517",
        "type": "ufo",
        "date": "2026-09-16",
        "recent": true,
        "isNew": false,
        "title": "Antonio Salinas: UFOs in Southern Spain (1998)",
        "description": "RSS: Inexplicata (es). Fuente: https://inexplicata.blogspot.com/2026/09/antonio-salinas-ufo.",
        "witnesses": 0,
        "credibility": "BAJA (señal noticiosa)",
        "country": "—",
        "sources": "Inexplicata (es)|https://inexplicata.blogspot.com/2026/09/antonio-salinas-ufos-in-southern-spain.",
        "source_count": 2
      }
    },
    {
      "type": "Feature",
      "geometry": {
        "type": "Point",
        "coordinates": [
          -64.1864003551831,
          -39.22502781057502
        ]
      },
      "properties": {
        "id": "GB093A45E",
        "type": "lights_sky",
        "date": "2026-09-16",
        "recent": true,
        "isNew": false,
        "title": "Argentina: Strange Lights Over Patagonia (1998)",
        "description": "RSS: Inexplicata (es). Fuente: https://inexplicata.blogspot.com/2026/09/argentina-strange-l.",
        "witnesses": 0,
        "credibility": "BAJA (señal noticiosa)",
        "country": "—",
        "sources": "Inexplicata (es)|https://inexplicata.blogspot.com/2026/09/argentina-strange-ligts-over-patagonia.",
        "source_count": 2
      }
    },
    {
      "type": "Feature",
      "geometry": {
        "type": "Point",
        "coordinates": [
          -73.11537704932631,
          2.940007273639436
        ]
      },
      "properties": {
        "id": "GF6F91353",
        "type": "ufo",
        "date": "2026-09-03",
        "recent": true,
        "isNew": false,
        "title": "Colombia: UFO or Hot Air Balloon? Video Divides Public Opinion (2026)",
        "description": "RSS: Inexplicata (es). Fuente: https://inexplicata.blogspot.com/2026/09/colombia-ufo-or-hot.",
        "witnesses": 0,
        "credibility": "BAJA (señal noticiosa)",
        "country": "—",
        "sources": "Inexplicata (es)|https://inexplicata.blogspot.com/2026/09/colombia-ufo-or-hot-air-balloon-video.h",
        "source_count": 2
      }
    },
    {
      "type": "Feature",
      "geometry": {
        "type": "Point",
        "coordinates": [
          -70.03525410233028,
          -33.79038727461811
        ]
      },
      "properties": {
        "id": "G98CBCB1F",
        "type": "ufo",
        "date": "2026-09-03",
        "recent": true,
        "isNew": false,
        "title": "Chile: UFO Cases from 1969",
        "description": "RSS: Inexplicata (es). Fuente: https://inexplicata.blogspot.com/2026/09/chile-ufo-cases-fro.",
        "witnesses": 0,
        "credibility": "BAJA (señal noticiosa)",
        "country": "—",
        "sources": "Inexplicata (es)|https://inexplicata.blogspot.com/2026/09/chile-ufo-cases-from-1969.html",
        "source_count": 2
      }
    },
    {
      "type": "Feature",
      "geometry": {
        "type": "Point",
        "coordinates": [
          102.59672556822548,
          37.81382594435709
        ]
      },
      "properties": {
        "id": "GFF3527B8",
        "type": "ufo",
        "date": "2026-08-27",
        "recent": true,
        "isNew": false,
        "title": "UFOs in Ancient China",
        "description": "RSS: Inexplicata (es). Fuente: https://inexplicata.blogspot.com/2026/08/ufos-in-ancient-chi.",
        "witnesses": 0,
        "credibility": "BAJA (señal noticiosa)",
        "country": "—",
        "sources": "Inexplicata (es)|https://inexplicata.blogspot.com/2026/08/ufos-in-ancient-china.html",
        "source_count": 2
      }
    },
    {
      "type": "Feature",
      "geometry": {
        "type": "Point",
        "coordinates": [
          148.40905185413573,
          61.96434017747339
        ]
      },
      "properties": {
        "id": "G1C8ED6CB",
        "type": "ufo",
        "date": "2026-08-21",
        "recent": true,
        "isNew": false,
        "title": "The Seville UFO Sightings 1999",
        "description": "RSS: Inexplicata (es). Fuente: https://inexplicata.blogspot.com/2026/08/the-seville-ufo-sig.",
        "witnesses": 0,
        "credibility": "BAJA (señal noticiosa)",
        "country": "—",
        "sources": "Inexplicata (es)|https://inexplicata.blogspot.com/2026/08/the-seville-ufo-sightings-1999.html",
        "source_count": 2
      }
    }
  ]
}