{
  "type": "FeatureCollection",
  "features": [
    {
      "type": "Feature",
      "geometry": {
        "type": "Point",
        "coordinates": [
          -97.9411111,
          29.8830556
        ]
      },
      "properties": {
        "id": "G2DD1BADF",
        "type": "ufo",
        "date": "1949-10-10",
        "recent": false,
        "isNew": false,
        "title": "Avistamiento NUFORC: Cylinder en san marcos, tx",
        "description": "This event took place in early fall around 1949-50. It occurred after a Boy Scout meeting in the Baptist Church. The Baptist Church sit",
        "witnesses": 1,
        "credibility": "MEDIA (reporte civil NUFORC)",
        "country": "EE.UU.",
        "sources": "NUFORC — san marcos, tx|nuforc.org"
      }
    },
    {
      "type": "Feature",
      "geometry": {
        "type": "Point",
        "coordinates": [
          -98.581082,
          29.38421
        ]
      },
      "properties": {
        "id": "G0C7826F7",
        "type": "lights_sky",
        "date": "1949-10-10",
        "recent": false,
        "isNew": false,
        "title": "Avistamiento NUFORC: Light en lackland afb, tx",
        "description": "1949 Lackland AFB&#44 TX.  Lights racing across the sky &amp; making 90 degree turns on a dime.",
        "witnesses": 1,
        "credibility": "MEDIA (reporte civil NUFORC)",
        "country": "",
        "sources": "NUFORC — lackland afb, tx|nuforc.org"
      }
    },
    {
      "type": "Feature",
      "geometry": {
        "type": "Point",
        "coordinates": [
          -2.916667,
          53.2
        ]
      },
      "properties": {
        "id": "GB414189D",
        "type": "ufo",
        "date": "1955-10-10",
        "recent": false,
        "isNew": false,
        "title": "Avistamiento NUFORC: Circle en chester (uk/england)",
        "description": "Green/Orange circular disc over Chester&#44 England",
        "witnesses": 1,
        "credibility": "MEDIA (reporte civil NUFORC)",
        "country": "Reino Unido",
        "sources": "NUFORC — chester (uk/england)|nuforc.org"
      }
    },
    {
      "type": "Feature",
      "geometry": {
        "type": "Point",
        "coordinates": [
          -96.6458333,
          28.9783333
        ]
      },
      "properties": {
        "id": "GC75DF26C",
        "type": "ufo",
        "date": "1956-10-10",
        "recent": false,
        "isNew": false,
        "title": "Avistamiento NUFORC: Circle en edna, tx",
        "description": "My older brother and twin sister were leaving the only Edna theater at about 9 PM&#44...we had our bikes and I took a different route home",
        "witnesses": 1,
        "credibility": "MEDIA (reporte civil NUFORC)",
        "country": "EE.UU.",
        "sources": "NUFORC — edna, tx|nuforc.org"
      }
    },
    {
      "type": "Feature",
      "geometry": {
        "type": "Point",
        "coordinates": [
          -157.8036111,
          21.4180556
        ]
      },
      "properties": {
        "id": "G3877563B",
        "type": "lights_sky",
        "date": "1960-10-10",
        "recent": false,
        "isNew": false,
        "title": "Avistamiento NUFORC: Light en kaneohe, hi",
        "description": "AS a Marine 1st Lt. flying an FJ4B fighter/attack aircraft on a solo night exercise&#44 I was at 50&#44000&#39 in a &quot;clean&quot; aircraft (no ordinan",
        "witnesses": 1,
        "credibility": "MEDIA (reporte civil NUFORC)",
        "country": "EE.UU.",
        "sources": "NUFORC — kaneohe, hi|nuforc.org"
      }
    },
    {
      "type": "Feature",
      "geometry": {
        "type": "Point",
        "coordinates": [
          -82.1888889,
          36.595
        ]
      },
      "properties": {
        "id": "G4989911A",
        "type": "ufo",
        "date": "1961-10-10",
        "recent": false,
        "isNew": false,
        "title": "Avistamiento NUFORC: Sphere en bristol, tn",
        "description": "My father is now 89 my brother 52 the girl with us now 51 myself 49 and the other fellow which worked with my father if he&#39s still livi",
        "witnesses": 1,
        "credibility": "MEDIA (reporte civil NUFORC)",
        "country": "EE.UU.",
        "sources": "NUFORC — bristol, tn|nuforc.org"
      }
    },
    {
      "type": "Feature",
      "geometry": {
        "type": "Point",
        "coordinates": [
          -3.18,
          51.434722
        ]
      },
      "properties": {
        "id": "G1A824840",
        "type": "ufo",
        "date": "1965-10-10",
        "recent": false,
        "isNew": false,
        "title": "Avistamiento NUFORC: Circle en penarth (uk/wales)",
        "description": "penarth uk  circle  3mins  stayed 30ft above me for 3 mins slowly moved of and then with the blink of the eye the speed was unreal",
        "witnesses": 1,
        "credibility": "MEDIA (reporte civil NUFORC)",
        "country": "Reino Unido",
        "sources": "NUFORC — penarth (uk/wales)|nuforc.org"
      }
    },
    {
      "type": "Feature",
      "geometry": {
        "type": "Point",
        "coordinates": [
          -73.4083333,
          41.1175
        ]
      },
      "properties": {
        "id": "GFCA87CA9",
        "type": "ufo",
        "date": "1965-10-10",
        "recent": false,
        "isNew": false,
        "title": "Avistamiento NUFORC: Disk en norwalk, ct",
        "description": "A bright orange color changing to reddish color disk/saucer was observed hovering above power transmission lines.",
        "witnesses": 1,
        "credibility": "MEDIA (reporte civil NUFORC)",
        "country": "EE.UU.",
        "sources": "NUFORC — norwalk, ct|nuforc.org"
      }
    },
    {
      "type": "Feature",
      "geometry": {
        "type": "Point",
        "coordinates": [
          -86.2861111,
          33.5861111
        ]
      },
      "properties": {
        "id": "G31CF2523",
        "type": "ufo",
        "date": "1966-10-10",
        "recent": false,
        "isNew": false,
        "title": "Avistamiento NUFORC: Disk en pell city, al",
        "description": "Strobe Lighted disk shape object observed close&#44 at low speeds&#44 and low altitude in Oct 1966 in Pell City Alabama",
        "witnesses": 1,
        "credibility": "MEDIA (reporte civil NUFORC)",
        "country": "EE.UU.",
        "sources": "NUFORC — pell city, al|nuforc.org"
      }
    },
    {
      "type": "Feature",
      "geometry": {
        "type": "Point",
        "coordinates": [
          -82.9841667,
          30.2947222
        ]
      },
      "properties": {
        "id": "G1A4E8D8E",
        "type": "ufo",
        "date": "1966-10-10",
        "recent": false,
        "isNew": false,
        "title": "Avistamiento NUFORC: Disk en live oak, fl",
        "description": "Saucer zaps energy from powerline as my pregnant mother receives mental signals not to pass info",
        "witnesses": 1,
        "credibility": "MEDIA (reporte civil NUFORC)",
        "country": "EE.UU.",
        "sources": "NUFORC — live oak, fl|nuforc.org"
      }
    },
    {
      "type": "Feature",
      "geometry": {
        "type": "Point",
        "coordinates": [
          -118.3516667,
          33.9163889
        ]
      },
      "properties": {
        "id": "GDBFD3BE5",
        "type": "ufo",
        "date": "1968-10-10",
        "recent": false,
        "isNew": false,
        "title": "Avistamiento NUFORC: Circle en hawthorne, ca",
        "description": "ROUND &#44 ORANGE &#44 WITH WHAT I WOULD SAY WAS POLISHED METAL OF SOME KIND AROUND THE EDGES .",
        "witnesses": 1,
        "credibility": "MEDIA (reporte civil NUFORC)",
        "country": "EE.UU.",
        "sources": "NUFORC — hawthorne, ca|nuforc.org"
      }
    },
    {
      "type": "Feature",
      "geometry": {
        "type": "Point",
        "coordinates": [
          -82.7344444,
          35.2333333
        ]
      },
      "properties": {
        "id": "GA556E202",
        "type": "lights_sky",
        "date": "1968-10-10",
        "recent": false,
        "isNew": false,
        "title": "Avistamiento NUFORC: Fireball en brevard, nc",
        "description": "silent red /orange mass of energy floated by three of us in western North Carolina in the 60s",
        "witnesses": 1,
        "credibility": "MEDIA (reporte civil NUFORC)",
        "country": "EE.UU.",
        "sources": "NUFORC — brevard, nc|nuforc.org"
      }
    },
    {
      "type": "Feature",
      "geometry": {
        "type": "Point",
        "coordinates": [
          -73.5275,
          40.6686111
        ]
      },
      "properties": {
        "id": "G8F731ACD",
        "type": "ufo",
        "date": "1970-10-10",
        "recent": false,
        "isNew": false,
        "title": "Avistamiento NUFORC: Disk en bellmore, ny",
        "description": "silver disc seen by family and neighbors",
        "witnesses": 1,
        "credibility": "MEDIA (reporte civil NUFORC)",
        "country": "EE.UU.",
        "sources": "NUFORC — bellmore, ny|nuforc.org"
      }
    },
    {
      "type": "Feature",
      "geometry": {
        "type": "Point",
        "coordinates": [
          -83.7619444,
          37.1536111
        ]
      },
      "properties": {
        "id": "GB812866C",
        "type": "ufo",
        "date": "1970-10-10",
        "recent": false,
        "isNew": false,
        "title": "Avistamiento NUFORC: Unknown en manchester, ky",
        "description": "Slow moving&#44 silent craft accelerated at an unbelievable angle and speed.",
        "witnesses": 1,
        "credibility": "MEDIA (reporte civil NUFORC)",
        "country": "EE.UU.",
        "sources": "NUFORC — manchester, ky|nuforc.org"
      }
    },
    {
      "type": "Feature",
      "geometry": {
        "type": "Point",
        "coordinates": [
          -80.2536111,
          35.8238889
        ]
      },
      "properties": {
        "id": "G38243082",
        "type": "ufo",
        "date": "1971-10-10",
        "recent": false,
        "isNew": false,
        "title": "Avistamiento NUFORC: Oval en lexington, nc",
        "description": "green oval shaped light over my local church&#44power lines down..",
        "witnesses": 1,
        "credibility": "MEDIA (reporte civil NUFORC)",
        "country": "EE.UU.",
        "sources": "NUFORC — lexington, nc|nuforc.org"
      }
    },
    {
      "type": "Feature",
      "geometry": {
        "type": "Point",
        "coordinates": [
          -83.3219444,
          36.8430556
        ]
      },
      "properties": {
        "id": "G7FD907CE",
        "type": "ufo",
        "date": "1972-10-10",
        "recent": false,
        "isNew": false,
        "title": "Avistamiento NUFORC: Circle en harlan county, ky",
        "description": "On october 10&#44 1972 myself&#44my 5yrs.daughter&#442 neices and 2 nephews were playing tag in the back yard .When we looked over on the ridge",
        "witnesses": 1,
        "credibility": "MEDIA (reporte civil NUFORC)",
        "country": "EE.UU.",
        "sources": "NUFORC — harlan county, ky|nuforc.org"
      }
    },
    {
      "type": "Feature",
      "geometry": {
        "type": "Point",
        "coordinates": [
          -83.2330556,
          42.5377778
        ]
      },
      "properties": {
        "id": "GF9F929A3",
        "type": "ufo",
        "date": "1972-10-10",
        "recent": false,
        "isNew": false,
        "title": "Avistamiento NUFORC: Disk en west bloomfield, mi",
        "description": "The UFO was so close&#44 my battery in the car went to zero amps&#44 stalling the engine&#44 turning off my lights and radio.",
        "witnesses": 1,
        "credibility": "MEDIA (reporte civil NUFORC)",
        "country": "EE.UU.",
        "sources": "NUFORC — west bloomfield, mi|nuforc.org"
      }
    },
    {
      "type": "Feature",
      "geometry": {
        "type": "Point",
        "coordinates": [
          -72.1936111,
          41.3252778
        ]
      },
      "properties": {
        "id": "G38801FF0",
        "type": "ufo",
        "date": "1973-10-10",
        "recent": false,
        "isNew": false,
        "title": "Avistamiento NUFORC: Disk en niantic, ct",
        "description": "Oh&#44 what a night &#33  Two (2) saucer-shaped&#44 glowing green objects and one (1) brilliantly glowing sphere gliding over the lake.",
        "witnesses": 1,
        "credibility": "MEDIA (reporte civil NUFORC)",
        "country": "EE.UU.",
        "sources": "NUFORC — niantic, ct|nuforc.org"
      }
    },
    {
      "type": "Feature",
      "geometry": {
        "type": "Point",
        "coordinates": [
          -64.678611,
          32.364167
        ]
      },
      "properties": {
        "id": "G2C508B4F",
        "type": "lights_sky",
        "date": "1973-10-10",
        "recent": false,
        "isNew": false,
        "title": "Avistamiento NUFORC: Light en bermuda nas",
        "description": "saw fast moving blip on the radar scope thin went outside and saw it again.",
        "witnesses": 1,
        "credibility": "MEDIA (reporte civil NUFORC)",
        "country": "",
        "sources": "NUFORC — bermuda nas|nuforc.org"
      }
    },
    {
      "type": "Feature",
      "geometry": {
        "type": "Point",
        "coordinates": [
          -71.5666667,
          42.3916667
        ]
      },
      "properties": {
        "id": "GBD76080B",
        "type": "other",
        "date": "1974-10-10",
        "recent": false,
        "isNew": false,
        "title": "Avistamiento NUFORC: Other en hudson, ma",
        "description": "Not sure of the eact month or year of this sighting but it was in the fall of 74 or 75. Was walking home around dusk and saw a bright l",
        "witnesses": 1,
        "credibility": "MEDIA (reporte civil NUFORC)",
        "country": "EE.UU.",
        "sources": "NUFORC — hudson, ma|nuforc.org"
      }
    },
    {
      "type": "Feature",
      "geometry": {
        "type": "Point",
        "coordinates": [
          -3.2,
          51.5
        ]
      },
      "properties": {
        "id": "GD74849AF",
        "type": "ufo",
        "date": "1974-10-10",
        "recent": false,
        "isNew": false,
        "title": "Avistamiento NUFORC: Disk en cardiff (uk/wales)",
        "description": "back in 1974 I was 19 at the time and  lived in a suburb of Cardiff Wales UK called Ely&#44 and in the distance there was a wood called Ca",
        "witnesses": 1,
        "credibility": "MEDIA (reporte civil NUFORC)",
        "country": "Reino Unido",
        "sources": "NUFORC — cardiff (uk/wales)|nuforc.org"
      }
    },
    {
      "type": "Feature",
      "geometry": {
        "type": "Point",
        "coordinates": [
          -98.6597222,
          38.1055556
        ]
      },
      "properties": {
        "id": "GD766C3ED",
        "type": "lights_sky",
        "date": "1974-10-10",
        "recent": false,
        "isNew": false,
        "title": "Avistamiento NUFORC: Light en hudson, ks",
        "description": "The light chased us.",
        "witnesses": 1,
        "credibility": "MEDIA (reporte civil NUFORC)",
        "country": "EE.UU.",
        "sources": "NUFORC — hudson, ks|nuforc.org"
      }
    },
    {
      "type": "Feature",
      "geometry": {
        "type": "Point",
        "coordinates": [
          -79.975,
          32.8544444
        ]
      },
      "properties": {
        "id": "G239DD9D0",
        "type": "lights_sky",
        "date": "1975-10-10",
        "recent": false,
        "isNew": false,
        "title": "Avistamiento NUFORC: Light en north charleston, sc",
        "description": "Several Flashing UFO lights over Charleston Naval Base in S.C.",
        "witnesses": 1,
        "credibility": "MEDIA (reporte civil NUFORC)",
        "country": "EE.UU.",
        "sources": "NUFORC — north charleston, sc|nuforc.org"
      }
    },
    {
      "type": "Feature",
      "geometry": {
        "type": "Point",
        "coordinates": [
          -122.3522222,
          45.5827778
        ]
      },
      "properties": {
        "id": "GF256D0EB",
        "type": "ufo",
        "date": "1976-10-10",
        "recent": false,
        "isNew": false,
        "title": "Avistamiento NUFORC: Oval en washougal, wa",
        "description": "Three extremely large lights hanging above nearby trees.",
        "witnesses": 1,
        "credibility": "MEDIA (reporte civil NUFORC)",
        "country": "EE.UU.",
        "sources": "NUFORC — washougal, wa|nuforc.org"
      }
    },
    {
      "type": "Feature",
      "geometry": {
        "type": "Point",
        "coordinates": [
          -0.783333,
          51.783333
        ]
      },
      "properties": {
        "id": "GD59316A7",
        "type": "ufo",
        "date": "1976-10-10",
        "recent": false,
        "isNew": false,
        "title": "Avistamiento NUFORC: Cigar en stoke mandeville (uk/england)",
        "description": "White object over Buckinghamshire UK.",
        "witnesses": 1,
        "credibility": "MEDIA (reporte civil NUFORC)",
        "country": "Reino Unido",
        "sources": "NUFORC — stoke mandeville (uk/england)|nuforc.org"
      }
    },
    {
      "type": "Feature",
      "geometry": {
        "type": "Point",
        "coordinates": [
          -98.4933333,
          29.4238889
        ]
      },
      "properties": {
        "id": "G07B94DCA",
        "type": "other",
        "date": "1977-10-10",
        "recent": false,
        "isNew": false,
        "title": "Avistamiento NUFORC: Other en san antonio, tx",
        "description": "i was about six or seven and my family and me were sitting next to a window at home eating when a type of dark ball hit the screen wind",
        "witnesses": 1,
        "credibility": "MEDIA (reporte civil NUFORC)",
        "country": "EE.UU.",
        "sources": "NUFORC — san antonio, tx|nuforc.org"
      }
    },
    {
      "type": "Feature",
      "geometry": {
        "type": "Point",
        "coordinates": [
          -85.7594444,
          38.2541667
        ]
      },
      "properties": {
        "id": "G0F8B8D08",
        "type": "lights_sky",
        "date": "1977-10-10",
        "recent": false,
        "isNew": false,
        "title": "Avistamiento NUFORC: Light en louisville, ky",
        "description": "HBCCUFO CANADIAN REPORT:  Pilot Sighting Of Unusual Light.",
        "witnesses": 1,
        "credibility": "MEDIA (reporte civil NUFORC)",
        "country": "EE.UU.",
        "sources": "NUFORC — louisville, ky|nuforc.org"
      }
    },
    {
      "type": "Feature",
      "geometry": {
        "type": "Point",
        "coordinates": [
          -73.7133333,
          40.7008333
        ]
      },
      "properties": {
        "id": "G95E409F8",
        "type": "ufo",
        "date": "1978-10-10",
        "recent": false,
        "isNew": false,
        "title": "Avistamiento NUFORC: Rectangle en elmont, ny",
        "description": "A memory I will never forget that happened meny years ago.",
        "witnesses": 1,
        "credibility": "MEDIA (reporte civil NUFORC)",
        "country": "EE.UU.",
        "sources": "NUFORC — elmont, ny|nuforc.org"
      }
    },
    {
      "type": "Feature",
      "geometry": {
        "type": "Point",
        "coordinates": [
          -73.9213889,
          41.7002778
        ]
      },
      "properties": {
        "id": "G4210716B",
        "type": "ufo",
        "date": "1979-10-10",
        "recent": false,
        "isNew": false,
        "title": "Avistamiento NUFORC: Chevron en poughkeepsie, ny",
        "description": "1/4 moon-like&#44  its &#39chord&#39 or flat side parallel to horizon&#44  bright orange-red glow&#44  completely silent&#44 no features.",
        "witnesses": 1,
        "credibility": "MEDIA (reporte civil NUFORC)",
        "country": "EE.UU.",
        "sources": "NUFORC — poughkeepsie, ny|nuforc.org"
      }
    },
    {
      "type": "Feature",
      "geometry": {
        "type": "Point",
        "coordinates": [
          -111.689885,
          53.970571
        ]
      },
      "properties": {
        "id": "G40002447",
        "type": "ufo",
        "date": "1979-10-10",
        "recent": false,
        "isNew": false,
        "title": "Avistamiento NUFORC: Triangle en saddle lake (canada), ab",
        "description": "Lights far above&#44  that glance; then flee from the celestrialhavens&#44 only to appear again.",
        "witnesses": 1,
        "credibility": "MEDIA (reporte civil NUFORC)",
        "country": "",
        "sources": "NUFORC — saddle lake (canada), ab|nuforc.org"
      }
    },
    {
      "type": "Feature",
      "geometry": {
        "type": "Point",
        "coordinates": [
          -117.1563889,
          32.7152778
        ]
      },
      "properties": {
        "id": "GB1A8840F",
        "type": "ufo",
        "date": "1979-10-10",
        "recent": false,
        "isNew": false,
        "title": "Avistamiento NUFORC: Oval en san diego, ca",
        "description": "My 2nd UFO sighting&#44 October 1979",
        "witnesses": 1,
        "credibility": "MEDIA (reporte civil NUFORC)",
        "country": "EE.UU.",
        "sources": "NUFORC — san diego, ca|nuforc.org"
      }
    },
    {
      "type": "Feature",
      "geometry": {
        "type": "Point",
        "coordinates": [
          -104.7425,
          38.7583333
        ]
      },
      "properties": {
        "id": "G15F34020",
        "type": "ufo",
        "date": "1979-10-10",
        "recent": false,
        "isNew": false,
        "title": "Avistamiento NUFORC: Unknown en security, co",
        "description": "very low clouds all different colors&#44search lights were seen shining down out of the clouds on the houses and streets. this event was s",
        "witnesses": 1,
        "credibility": "MEDIA (reporte civil NUFORC)",
        "country": "EE.UU.",
        "sources": "NUFORC — security, co|nuforc.org"
      }
    },
    {
      "type": "Feature",
      "geometry": {
        "type": "Point",
        "coordinates": [
          -95.3630556,
          29.7630556
        ]
      },
      "properties": {
        "id": "G9C1A0432",
        "type": "ufo",
        "date": "1980-10-10",
        "recent": false,
        "isNew": false,
        "title": "Avistamiento NUFORC: Sphere en houston, tx",
        "description": "Sphere&#44 No lights&#44  moving through neighborhoods above tree tops&#44 over busy streets in Houston in 1980.",
        "witnesses": 1,
        "credibility": "MEDIA (reporte civil NUFORC)",
        "country": "EE.UU.",
        "sources": "NUFORC — houston, tx|nuforc.org"
      }
    },
    {
      "type": "Feature",
      "geometry": {
        "type": "Point",
        "coordinates": [
          -96.8,
          32.7833333
        ]
      },
      "properties": {
        "id": "GFFC50A45",
        "type": "ufo",
        "date": "1980-10-10",
        "recent": false,
        "isNew": false,
        "title": "Avistamiento NUFORC: Unknown en dallas, tx",
        "description": "Strange shape shifting craft of pure light energy.",
        "witnesses": 1,
        "credibility": "MEDIA (reporte civil NUFORC)",
        "country": "EE.UU.",
        "sources": "NUFORC — dallas, tx|nuforc.org"
      }
    },
    {
      "type": "Feature",
      "geometry": {
        "type": "Point",
        "coordinates": [
          -71.4552778,
          42.9955556
        ]
      },
      "properties": {
        "id": "G795A04FF",
        "type": "lights_sky",
        "date": "1980-10-10",
        "recent": false,
        "isNew": false,
        "title": "Avistamiento NUFORC: Light en manchester, nh",
        "description": "A red glowing sphere stopped and watched me.",
        "witnesses": 1,
        "credibility": "MEDIA (reporte civil NUFORC)",
        "country": "EE.UU.",
        "sources": "NUFORC — manchester, nh|nuforc.org"
      }
    },
    {
      "type": "Feature",
      "geometry": {
        "type": "Point",
        "coordinates": [
          178.017649,
          -38.662334
        ]
      },
      "properties": {
        "id": "GF0626591",
        "type": "ufo",
        "date": "1982-10-10",
        "recent": false,
        "isNew": false,
        "title": "Avistamiento NUFORC: Disk en gisborne (new zealand)",
        "description": "gisborne nz 1982 wainui beach to sponge bay",
        "witnesses": 1,
        "credibility": "MEDIA (reporte civil NUFORC)",
        "country": "",
        "sources": "NUFORC — gisborne (new zealand)|nuforc.org"
      }
    },
    {
      "type": "Feature",
      "geometry": {
        "type": "Point",
        "coordinates": [
          -95.3630556,
          29.7630556
        ]
      },
      "properties": {
        "id": "GFB31A81B",
        "type": "ufo",
        "date": "1984-10-10",
        "recent": false,
        "isNew": false,
        "title": "Avistamiento NUFORC: Circle en houston, tx",
        "description": "2 experience with unkown",
        "witnesses": 1,
        "credibility": "MEDIA (reporte civil NUFORC)",
        "country": "EE.UU.",
        "sources": "NUFORC — houston, tx|nuforc.org"
      }
    },
    {
      "type": "Feature",
      "geometry": {
        "type": "Point",
        "coordinates": [
          -85.6205556,
          44.7630556
        ]
      },
      "properties": {
        "id": "G9EEB281B",
        "type": "other",
        "date": "1984-10-10",
        "recent": false,
        "isNew": false,
        "title": "Avistamiento NUFORC: Other en traverse city, mi",
        "description": "translucent football seen over city airport",
        "witnesses": 1,
        "credibility": "MEDIA (reporte civil NUFORC)",
        "country": "EE.UU.",
        "sources": "NUFORC — traverse city, mi|nuforc.org"
      }
    },
    {
      "type": "Feature",
      "geometry": {
        "type": "Point",
        "coordinates": [
          -73.7633333,
          41.0338889
        ]
      },
      "properties": {
        "id": "GCA53B075",
        "type": "lights_sky",
        "date": "1984-10-10",
        "recent": false,
        "isNew": false,
        "title": "Avistamiento NUFORC: Formation en white plains, ny",
        "description": "Saw a hugh object in sky with lights intermittently placed not making any noise traveling north in the night sky.It had no real identif",
        "witnesses": 1,
        "credibility": "MEDIA (reporte civil NUFORC)",
        "country": "EE.UU.",
        "sources": "NUFORC — white plains, ny|nuforc.org"
      }
    },
    {
      "type": "Feature",
      "geometry": {
        "type": "Point",
        "coordinates": [
          -1.583333,
          53.8
        ]
      },
      "properties": {
        "id": "G2C29677D",
        "type": "ufo",
        "date": "1985-10-10",
        "recent": false,
        "isNew": false,
        "title": "Avistamiento NUFORC: Triangle en leeds (uk/england)",
        "description": "three light in the sky that led to a big black silent triangle shaped craft.",
        "witnesses": 1,
        "credibility": "MEDIA (reporte civil NUFORC)",
        "country": "Reino Unido",
        "sources": "NUFORC — leeds (uk/england)|nuforc.org"
      }
    },
    {
      "type": "Feature",
      "geometry": {
        "type": "Point",
        "coordinates": [
          -73.646795,
          41.523427
        ]
      },
      "properties": {
        "id": "G69A66685",
        "type": "ufo",
        "date": "1986-10-10",
        "recent": false,
        "isNew": false,
        "title": "Avistamiento NUFORC: Chevron en holmes/pawling, ny",
        "description": "Football Field Sized Chevron with bright white lights on front&#44 moving slowly with absolutely no sound",
        "witnesses": 1,
        "credibility": "MEDIA (reporte civil NUFORC)",
        "country": "",
        "sources": "NUFORC — holmes/pawling, ny|nuforc.org"
      }
    },
    {
      "type": "Feature",
      "geometry": {
        "type": "Point",
        "coordinates": [
          -87.9063889,
          43.0388889
        ]
      },
      "properties": {
        "id": "GE92BCDCE",
        "type": "ufo",
        "date": "1988-10-10",
        "recent": false,
        "isNew": false,
        "title": "Avistamiento NUFORC: Triangle en milwaukee, wi",
        "description": "A silent black triangular object with no lights moved over us as we walked our dog across a school playground.",
        "witnesses": 1,
        "credibility": "MEDIA (reporte civil NUFORC)",
        "country": "EE.UU.",
        "sources": "NUFORC — milwaukee, wi|nuforc.org"
      }
    },
    {
      "type": "Feature",
      "geometry": {
        "type": "Point",
        "coordinates": [
          -70.2830556,
          43.9627778
        ]
      },
      "properties": {
        "id": "GE1B26BE4",
        "type": "ufo",
        "date": "1988-10-10",
        "recent": false,
        "isNew": false,
        "title": "Avistamiento NUFORC: Unknown en new gloucester, me",
        "description": "I&#39m still afraid to look at the sky at night.",
        "witnesses": 1,
        "credibility": "MEDIA (reporte civil NUFORC)",
        "country": "EE.UU.",
        "sources": "NUFORC — new gloucester, me|nuforc.org"
      }
    },
    {
      "type": "Feature",
      "geometry": {
        "type": "Point",
        "coordinates": [
          -105.27,
          40.015
        ]
      },
      "properties": {
        "id": "G6E079330",
        "type": "lights_sky",
        "date": "1988-10-10",
        "recent": false,
        "isNew": false,
        "title": "Avistamiento NUFORC: Light en boulder, co",
        "description": "Three Stars Begin to Move Randomly&#44 Stop&#44 Change Direction&#44 Move Again&#44 And Then Vanish",
        "witnesses": 1,
        "credibility": "MEDIA (reporte civil NUFORC)",
        "country": "EE.UU.",
        "sources": "NUFORC — boulder, co|nuforc.org"
      }
    },
    {
      "type": "Feature",
      "geometry": {
        "type": "Point",
        "coordinates": [
          -122.3308333,
          47.6063889
        ]
      },
      "properties": {
        "id": "G7C3E5F65",
        "type": "ufo",
        "date": "1988-10-10",
        "recent": false,
        "isNew": false,
        "title": "Avistamiento NUFORC: Unknown en seattle (ballard area), wa",
        "description": "Two adult witnesses are stunned by the sound of an object that streaks above the home they are in.",
        "witnesses": 1,
        "credibility": "MEDIA (reporte civil NUFORC)",
        "country": "EE.UU.",
        "sources": "NUFORC — seattle (ballard area), wa|nuforc.org"
      }
    },
    {
      "type": "Feature",
      "geometry": {
        "type": "Point",
        "coordinates": [
          -118.6375,
          34.1577778
        ]
      },
      "properties": {
        "id": "G77D8F913",
        "type": "ufo",
        "date": "1989-10-10",
        "recent": false,
        "isNew": false,
        "title": "Avistamiento NUFORC: Disk en calabasas, ca",
        "description": "Unidentified object on Mulholland Highway.",
        "witnesses": 1,
        "credibility": "MEDIA (reporte civil NUFORC)",
        "country": "EE.UU.",
        "sources": "NUFORC — calabasas, ca|nuforc.org"
      }
    },
    {
      "type": "Feature",
      "geometry": {
        "type": "Point",
        "coordinates": [
          -122.9530556,
          46.7163889
        ]
      },
      "properties": {
        "id": "GD839D4E8",
        "type": "ufo",
        "date": "1989-10-10",
        "recent": false,
        "isNew": false,
        "title": "Avistamiento NUFORC: Triangle en centralia, wa",
        "description": "A huge triangularly shaped silent object that blotted out 25 degrees of the sky&#44 lighted by four glowing points.",
        "witnesses": 1,
        "credibility": "MEDIA (reporte civil NUFORC)",
        "country": "EE.UU.",
        "sources": "NUFORC — centralia, wa|nuforc.org"
      }
    },
    {
      "type": "Feature",
      "geometry": {
        "type": "Point",
        "coordinates": [
          -86.577218,
          36.722263
        ]
      },
      "properties": {
        "id": "G70853C58",
        "type": "ufo",
        "date": "1989-10-10",
        "recent": false,
        "isNew": false,
        "title": "Avistamiento NUFORC: Triangle en kranklin, ky",
        "description": "Triangle seen in franklin Ky - october 1989",
        "witnesses": 1,
        "credibility": "MEDIA (reporte civil NUFORC)",
        "country": "",
        "sources": "NUFORC — kranklin, ky|nuforc.org"
      }
    },
    {
      "type": "Feature",
      "geometry": {
        "type": "Point",
        "coordinates": [
          -83.6533333,
          31.7058333
        ]
      },
      "properties": {
        "id": "GDC7E3368",
        "type": "ufo",
        "date": "1990-10-10",
        "recent": false,
        "isNew": false,
        "title": "Avistamiento NUFORC: Triangle en ashburn, ga",
        "description": "Translucent Craft that makes No Sound While Moving",
        "witnesses": 1,
        "credibility": "MEDIA (reporte civil NUFORC)",
        "country": "EE.UU.",
        "sources": "NUFORC — ashburn, ga|nuforc.org"
      }
    },
    {
      "type": "Feature",
      "geometry": {
        "type": "Point",
        "coordinates": [
          -75.6288889,
          35.235
        ]
      },
      "properties": {
        "id": "G62A82356",
        "type": "ufo",
        "date": "1991-10-10",
        "recent": false,
        "isNew": false,
        "title": "Avistamiento NUFORC: Unknown en frisco, nc",
        "description": "A friend and myself were standing on the shore of the Pamlico sound as we observed 4 objects moving in up and down motions for about 30",
        "witnesses": 1,
        "credibility": "MEDIA (reporte civil NUFORC)",
        "country": "EE.UU.",
        "sources": "NUFORC — frisco, nc|nuforc.org"
      }
    },
    {
      "type": "Feature",
      "geometry": {
        "type": "Point",
        "coordinates": [
          -76.8847222,
          40.2736111
        ]
      },
      "properties": {
        "id": "G2D21CCC4",
        "type": "ufo",
        "date": "1991-10-10",
        "recent": false,
        "isNew": false,
        "title": "Avistamiento NUFORC: Triangle en harrisburg, pa",
        "description": "We observed 3 triangular shaped high speed objects&#33",
        "witnesses": 1,
        "credibility": "MEDIA (reporte civil NUFORC)",
        "country": "EE.UU.",
        "sources": "NUFORC — harrisburg, pa|nuforc.org"
      }
    },
    {
      "type": "Feature",
      "geometry": {
        "type": "Point",
        "coordinates": [
          -85.6602778,
          30.1586111
        ]
      },
      "properties": {
        "id": "GAC7F9896",
        "type": "lights_sky",
        "date": "1992-10-10",
        "recent": false,
        "isNew": false,
        "title": "Avistamiento NUFORC: Formation en panama city, fl",
        "description": "During a road trip to Panama City a friend and I witnessed a pair of luminous light formations appear and dissappear over the Gulf.",
        "witnesses": 1,
        "credibility": "MEDIA (reporte civil NUFORC)",
        "country": "EE.UU.",
        "sources": "NUFORC — panama city, fl|nuforc.org"
      }
    },
    {
      "type": "Feature",
      "geometry": {
        "type": "Point",
        "coordinates": [
          -95.5575,
          29.6158333
        ]
      },
      "properties": {
        "id": "GB034D579",
        "type": "ufo",
        "date": "1992-10-10",
        "recent": false,
        "isNew": false,
        "title": "Avistamiento NUFORC: Unknown en stafford, tx",
        "description": "A man emerges from a beam of light that shines on a grassy field at night and he runs towards the Texas Instruments parking lot.",
        "witnesses": 1,
        "credibility": "MEDIA (reporte civil NUFORC)",
        "country": "EE.UU.",
        "sources": "NUFORC — stafford, tx|nuforc.org"
      }
    },
    {
      "type": "Feature",
      "geometry": {
        "type": "Point",
        "coordinates": [
          -83.7247222,
          35.8905556
        ]
      },
      "properties": {
        "id": "GED70A4A1",
        "type": "ufo",
        "date": "1992-10-10",
        "recent": false,
        "isNew": false,
        "title": "Avistamiento NUFORC: Cigar en seymour, tn",
        "description": "Stationary Elongated UFO 200ft above vacant field with city lights on bottom",
        "witnesses": 1,
        "credibility": "MEDIA (reporte civil NUFORC)",
        "country": "EE.UU.",
        "sources": "NUFORC — seymour, tn|nuforc.org"
      }
    },
    {
      "type": "Feature",
      "geometry": {
        "type": "Point",
        "coordinates": [
          -97.7969444,
          32.7591667
        ]
      },
      "properties": {
        "id": "G09F72032",
        "type": "ufo",
        "date": "1992-10-10",
        "recent": false,
        "isNew": false,
        "title": "Avistamiento NUFORC: Unknown en weatherford, tx",
        "description": "Black or dark grey.  Too big&#44 too low&#44 too slow&#44 too quiet&#44 for a normal aircraft.",
        "witnesses": 1,
        "credibility": "MEDIA (reporte civil NUFORC)",
        "country": "EE.UU.",
        "sources": "NUFORC — weatherford, tx|nuforc.org"
      }
    },
    {
      "type": "Feature",
      "geometry": {
        "type": "Point",
        "coordinates": [
          59.65,
          55.183333
        ]
      },
      "properties": {
        "id": "GAFC83028",
        "type": "ufo",
        "date": "1993-10-10",
        "recent": false,
        "isNew": false,
        "title": "Avistamiento NUFORC: Sphere en zlatoust (russia)",
        "description": "I woke up at night and looked out the window near my bed. There was a huge sphere of shining light in front of our nine floor apartment",
        "witnesses": 1,
        "credibility": "MEDIA (reporte civil NUFORC)",
        "country": "",
        "sources": "NUFORC — zlatoust (russia)|nuforc.org"
      }
    },
    {
      "type": "Feature",
      "geometry": {
        "type": "Point",
        "coordinates": [
          -89.5888889,
          40.6936111
        ]
      },
      "properties": {
        "id": "G79978806",
        "type": "lights_sky",
        "date": "1993-10-10",
        "recent": false,
        "isNew": false,
        "title": "Avistamiento NUFORC: Light en peoria, il",
        "description": "Light over Peoria&#44 IL that moves slowly&#44 stops in mid-air&#44 hovers&#44 changes colors&#44 shoots in opposite direction and disappears.",
        "witnesses": 1,
        "credibility": "MEDIA (reporte civil NUFORC)",
        "country": "EE.UU.",
        "sources": "NUFORC — peoria, il|nuforc.org"
      }
    },
    {
      "type": "Feature",
      "geometry": {
        "type": "Point",
        "coordinates": [
          -85.9516667,
          36.2522222
        ]
      },
      "properties": {
        "id": "G40054185",
        "type": "other",
        "date": "1993-10-10",
        "recent": false,
        "isNew": false,
        "title": "Avistamiento NUFORC: Other en carthage, tn",
        "description": "1 object with green and red lights",
        "witnesses": 1,
        "credibility": "MEDIA (reporte civil NUFORC)",
        "country": "EE.UU.",
        "sources": "NUFORC — carthage, tn|nuforc.org"
      }
    },
    {
      "type": "Feature",
      "geometry": {
        "type": "Point",
        "coordinates": [
          -97.913611,
          26.149798
        ]
      },
      "properties": {
        "id": "G9D9F49C6",
        "type": "ufo",
        "date": "1994-10-10",
        "recent": false,
        "isNew": false,
        "title": "Avistamiento NUFORC: Cigar en mercedies, tx",
        "description": "ufo chased by fighter jet over Rio Grande Valley. Seen on news",
        "witnesses": 1,
        "credibility": "MEDIA (reporte civil NUFORC)",
        "country": "",
        "sources": "NUFORC — mercedies, tx|nuforc.org"
      }
    },
    {
      "type": "Feature",
      "geometry": {
        "type": "Point",
        "coordinates": [
          -73.8955556,
          42.9097222
        ]
      },
      "properties": {
        "id": "G2D84F120",
        "type": "ufo",
        "date": "1994-10-10",
        "recent": false,
        "isNew": false,
        "title": "Avistamiento NUFORC: Rectangle en burnt hills, ny",
        "description": "Giant rectangular craft (resembling an upside-down aircraft carrier) over highway near Saratoga&#44 NY.",
        "witnesses": 1,
        "credibility": "MEDIA (reporte civil NUFORC)",
        "country": "EE.UU.",
        "sources": "NUFORC — burnt hills, ny|nuforc.org"
      }
    },
    {
      "type": "Feature",
      "geometry": {
        "type": "Point",
        "coordinates": [
          -91.9922222,
          34.1027778
        ]
      },
      "properties": {
        "id": "G08545C70",
        "type": "lights_sky",
        "date": "1994-10-10",
        "recent": false,
        "isNew": false,
        "title": "Avistamiento NUFORC: Light en pinebergen, ar",
        "description": "Round&#44 bright&#44 low flying object silently speeds West of Arkansas town at 11:30pm&#44 10/10/94.",
        "witnesses": 1,
        "credibility": "MEDIA (reporte civil NUFORC)",
        "country": "EE.UU.",
        "sources": "NUFORC — pinebergen, ar|nuforc.org"
      }
    },
    {
      "type": "Feature",
      "geometry": {
        "type": "Point",
        "coordinates": [
          -79.416667,
          43.666667
        ]
      },
      "properties": {
        "id": "G852A6750",
        "type": "ufo",
        "date": "1994-10-10",
        "recent": false,
        "isNew": false,
        "title": "Avistamiento NUFORC: Sphere en toronto (greater toronto area) (canada), on",
        "description": "Large rusty sphere",
        "witnesses": 1,
        "credibility": "MEDIA (reporte civil NUFORC)",
        "country": "Canadá",
        "sources": "NUFORC — toronto (greater toronto area) (canada), on|nuforc.org"
      }
    },
    {
      "type": "Feature",
      "geometry": {
        "type": "Point",
        "coordinates": [
          -87.9063889,
          43.0388889
        ]
      },
      "properties": {
        "id": "GE44B4889",
        "type": "lights_sky",
        "date": "1995-10-10",
        "recent": false,
        "isNew": false,
        "title": "Avistamiento NUFORC:  en milwaukee, wi",
        "description": "Man  on Hwy 43 SW of Milwaukee sees large&#44 bright blue light streak by his car&#44 descend&#44 turn&#44 cross road ahead&#44 strobe. Bizarre&#33",
        "witnesses": 1,
        "credibility": "MEDIA (reporte civil NUFORC)",
        "country": "EE.UU.",
        "sources": "NUFORC — milwaukee, wi|nuforc.org"
      }
    },
    {
      "type": "Feature",
      "geometry": {
        "type": "Point",
        "coordinates": [
          -122.2697222,
          37.8044444
        ]
      },
      "properties": {
        "id": "GA9D474C0",
        "type": "lights_sky",
        "date": "1995-10-10",
        "recent": false,
        "isNew": false,
        "title": "Avistamiento NUFORC:  en oakland, ca",
        "description": "Woman repts.  bright light in NW sky&#44 suddenly approaches her&#44 flies slowly overhead.  Swept wings&#44 2 blurry lights either side.",
        "witnesses": 1,
        "credibility": "MEDIA (reporte civil NUFORC)",
        "country": "EE.UU.",
        "sources": "NUFORC — oakland, ca|nuforc.org"
      }
    },
    {
      "type": "Feature",
      "geometry": {
        "type": "Point",
        "coordinates": [
          -93.7169444,
          39.0725
        ]
      },
      "properties": {
        "id": "G2307886B",
        "type": "ufo",
        "date": "1996-10-10",
        "recent": false,
        "isNew": false,
        "title": "Avistamiento NUFORC: Triangle en higginsville, mo",
        "description": "illuminated triangular craft&#44 flying at high speed from South to North",
        "witnesses": 1,
        "credibility": "MEDIA (reporte civil NUFORC)",
        "country": "EE.UU.",
        "sources": "NUFORC — higginsville, mo|nuforc.org"
      }
    },
    {
      "type": "Feature",
      "geometry": {
        "type": "Point",
        "coordinates": [
          151.588982,
          -33.093373
        ]
      },
      "properties": {
        "id": "G5364F894",
        "type": "lights_sky",
        "date": "1996-10-10",
        "recent": false,
        "isNew": false,
        "title": "Avistamiento NUFORC: Light en lake macquarie (nsw&#44 australia)",
        "description": "RED LIGHT WITH OTHER RED FLASHING LIGHT&#44 ONE OBJECT",
        "witnesses": 1,
        "credibility": "MEDIA (reporte civil NUFORC)",
        "country": "",
        "sources": "NUFORC — lake macquarie (nsw&#44 australia)|nuforc.org"
      }
    },
    {
      "type": "Feature",
      "geometry": {
        "type": "Point",
        "coordinates": [
          -79.9311111,
          32.7763889
        ]
      },
      "properties": {
        "id": "G29EDC4B5",
        "type": "lights_sky",
        "date": "1996-10-10",
        "recent": false,
        "isNew": false,
        "title": "Avistamiento NUFORC: Light en charleston, sc",
        "description": "Flashing object above Charleston&#44 SC",
        "witnesses": 1,
        "credibility": "MEDIA (reporte civil NUFORC)",
        "country": "EE.UU.",
        "sources": "NUFORC — charleston, sc|nuforc.org"
      }
    },
    {
      "type": "Feature",
      "geometry": {
        "type": "Point",
        "coordinates": [
          -84.3622222,
          39.4402778
        ]
      },
      "properties": {
        "id": "G6F81CEFE",
        "type": "ufo",
        "date": "1996-10-10",
        "recent": false,
        "isNew": false,
        "title": "Avistamiento NUFORC: Cylinder en monroe county, oh",
        "description": "Looked like it went through the hillside",
        "witnesses": 1,
        "credibility": "MEDIA (reporte civil NUFORC)",
        "country": "EE.UU.",
        "sources": "NUFORC — monroe county, oh|nuforc.org"
      }
    },
    {
      "type": "Feature",
      "geometry": {
        "type": "Point",
        "coordinates": [
          -85.1411111,
          39.6411111
        ]
      },
      "properties": {
        "id": "GBDE54EFA",
        "type": "ufo",
        "date": "1997-10-10",
        "recent": false,
        "isNew": false,
        "title": "Avistamiento NUFORC: Delta en connersville, in",
        "description": "3 differants types &#44 cluster &#44delta &#44 and one in a 3 pointed star design . followed it for six miles .",
        "witnesses": 1,
        "credibility": "MEDIA (reporte civil NUFORC)",
        "country": "EE.UU.",
        "sources": "NUFORC — connersville, in|nuforc.org"
      }
    },
    {
      "type": "Feature",
      "geometry": {
        "type": "Point",
        "coordinates": [
          -111.8219444,
          33.4222222
        ]
      },
      "properties": {
        "id": "G013A7341",
        "type": "ufo",
        "date": "1997-10-10",
        "recent": false,
        "isNew": false,
        "title": "Avistamiento NUFORC: Sphere en mesa, az",
        "description": "A small dark purple quad-thruster craft hovering 200-300 feet in the sky. 500 Lights On Object0: Yes",
        "witnesses": 1,
        "credibility": "MEDIA (reporte civil NUFORC)",
        "country": "EE.UU.",
        "sources": "NUFORC — mesa, az|nuforc.org"
      }
    },
    {
      "type": "Feature",
      "geometry": {
        "type": "Point",
        "coordinates": [
          -83.5961111,
          32.5436111
        ]
      },
      "properties": {
        "id": "GB50EAA2A",
        "type": "ufo",
        "date": "1997-10-10",
        "recent": false,
        "isNew": false,
        "title": "Avistamiento NUFORC: Triangle en bonaire, ga",
        "description": "Triangular Object Sighted at Very Close Range",
        "witnesses": 1,
        "credibility": "MEDIA (reporte civil NUFORC)",
        "country": "EE.UU.",
        "sources": "NUFORC — bonaire, ga|nuforc.org"
      }
    },
    {
      "type": "Feature",
      "geometry": {
        "type": "Point",
        "coordinates": [
          -92.9744444,
          43.6666667
        ]
      },
      "properties": {
        "id": "GD4955BF9",
        "type": "other",
        "date": "1997-10-10",
        "recent": false,
        "isNew": false,
        "title": "Avistamiento NUFORC: Other en austin, mn",
        "description": "i was traveling northbound on state highway 105 approximately 8 miles south of Austin MN when an object came down directly above my car",
        "witnesses": 1,
        "credibility": "MEDIA (reporte civil NUFORC)",
        "country": "EE.UU.",
        "sources": "NUFORC — austin, mn|nuforc.org"
      }
    },
    {
      "type": "Feature",
      "geometry": {
        "type": "Point",
        "coordinates": [
          -118.3258333,
          34.0983333
        ]
      },
      "properties": {
        "id": "G4886EE1E",
        "type": "ufo",
        "date": "1998-10-10",
        "recent": false,
        "isNew": false,
        "title": "Avistamiento NUFORC: Changing en hollywood, ca",
        "description": "I was standing outside on Sunset Blvd. at Vine and looked straight up which I normally do not do. I saw three bright white lights in a",
        "witnesses": 1,
        "credibility": "MEDIA (reporte civil NUFORC)",
        "country": "EE.UU.",
        "sources": "NUFORC — hollywood, ca|nuforc.org"
      }
    },
    {
      "type": "Feature",
      "geometry": {
        "type": "Point",
        "coordinates": [
          -112.0733333,
          33.4483333
        ]
      },
      "properties": {
        "id": "GD92D37FB",
        "type": "lights_sky",
        "date": "1998-10-10",
        "recent": false,
        "isNew": false,
        "title": "Avistamiento NUFORC: Fireball en phoenix (north part), az",
        "description": "bright green moving north to north east. it was bright green and kinda clear. quite fast too.",
        "witnesses": 1,
        "credibility": "MEDIA (reporte civil NUFORC)",
        "country": "EE.UU.",
        "sources": "NUFORC — phoenix (north part), az|nuforc.org"
      }
    },
    {
      "type": "Feature",
      "geometry": {
        "type": "Point",
        "coordinates": [
          -88.2811111,
          42.0372222
        ]
      },
      "properties": {
        "id": "GB86CE5DF",
        "type": "ufo",
        "date": "1998-10-10",
        "recent": false,
        "isNew": false,
        "title": "Avistamiento NUFORC: Cylinder en elgin, il",
        "description": "While looking up at sky I noticed a bright light hovering above the sky. then I noticed a jet airliner traveling in the same area and I",
        "witnesses": 1,
        "credibility": "MEDIA (reporte civil NUFORC)",
        "country": "EE.UU.",
        "sources": "NUFORC — elgin, il|nuforc.org"
      }
    },
    {
      "type": "Feature",
      "geometry": {
        "type": "Point",
        "coordinates": [
          -115.1363889,
          36.175
        ]
      },
      "properties": {
        "id": "GB7C815BB",
        "type": "ufo",
        "date": "1998-10-10",
        "recent": false,
        "isNew": false,
        "title": "Avistamiento NUFORC: Cigar en las vegas, nv",
        "description": "White&#44 vertical cigar shape floating around in the eastern sky.",
        "witnesses": 1,
        "credibility": "MEDIA (reporte civil NUFORC)",
        "country": "EE.UU.",
        "sources": "NUFORC — las vegas, nv|nuforc.org"
      }
    },
    {
      "type": "Feature",
      "geometry": {
        "type": "Point",
        "coordinates": [
          -73.901708,
          40.935998
        ]
      },
      "properties": {
        "id": "G0EF7A4C7",
        "type": "ufo",
        "date": "1998-10-10",
        "recent": false,
        "isNew": false,
        "title": "Avistamiento NUFORC: Triangle en nyc/westchester area, ny",
        "description": "Lights over NYC",
        "witnesses": 1,
        "credibility": "MEDIA (reporte civil NUFORC)",
        "country": "",
        "sources": "NUFORC — nyc/westchester area, ny|nuforc.org"
      }
    },
    {
      "type": "Feature",
      "geometry": {
        "type": "Point",
        "coordinates": [
          -117.425,
          47.6588889
        ]
      },
      "properties": {
        "id": "G9E922AF1",
        "type": "ufo",
        "date": "1998-10-10",
        "recent": false,
        "isNew": false,
        "title": "Avistamiento NUFORC: Triangle en spokane (about 30 miles sw of&#44i-90&#44 maybe mm 254), wa",
        "description": "Dark boomerange object seen for ten minutes hovering over the freeway with a bright light out the front that lit up the fields. No jet",
        "witnesses": 1,
        "credibility": "MEDIA (reporte civil NUFORC)",
        "country": "EE.UU.",
        "sources": "NUFORC — spokane (about 30 miles sw of&#44i-90&#44 maybe mm 254), wa|nuforc.org"
      }
    },
    {
      "type": "Feature",
      "geometry": {
        "type": "Point",
        "coordinates": [
          -80.8102778,
          35.5847222
        ]
      },
      "properties": {
        "id": "GE9EC6E52",
        "type": "lights_sky",
        "date": "1998-10-10",
        "recent": false,
        "isNew": false,
        "title": "Avistamiento NUFORC: Light en mooresville, nc",
        "description": "Star gazing in back yard with telescope and binos. Saw shooting star and an oblong shape of light.",
        "witnesses": 1,
        "credibility": "MEDIA (reporte civil NUFORC)",
        "country": "EE.UU.",
        "sources": "NUFORC — mooresville, nc|nuforc.org"
      }
    },
    {
      "type": "Feature",
      "geometry": {
        "type": "Point",
        "coordinates": [
          -52.666667,
          47.55
        ]
      },
      "properties": {
        "id": "G391670D0",
        "type": "ufo",
        "date": "1998-10-10",
        "recent": false,
        "isNew": false,
        "title": "Avistamiento NUFORC: Egg en st. john&#39s (canada), nf",
        "description": "Started off as 3 points of intense yellow light in triangle formation - then grew larger - it becage a single egg shape - VERY bright.",
        "witnesses": 1,
        "credibility": "MEDIA (reporte civil NUFORC)",
        "country": "Canadá",
        "sources": "NUFORC — st. john&#39s (canada), nf|nuforc.org"
      }
    },
    {
      "type": "Feature",
      "geometry": {
        "type": "Point",
        "coordinates": [
          -84.5533333,
          35.265
        ]
      },
      "properties": {
        "id": "G38F99E6B",
        "type": "lights_sky",
        "date": "1998-10-10",
        "recent": false,
        "isNew": false,
        "title": "Avistamiento NUFORC: Fireball en delano, tn",
        "description": "I came home from work one night and I seen a bright fire like ball go across the top ofthe mountain and it was going fast then it stopp",
        "witnesses": 1,
        "credibility": "MEDIA (reporte civil NUFORC)",
        "country": "EE.UU.",
        "sources": "NUFORC — delano, tn|nuforc.org"
      }
    },
    {
      "type": "Feature",
      "geometry": {
        "type": "Point",
        "coordinates": [
          -122.1330556,
          38.0194444
        ]
      },
      "properties": {
        "id": "GEC51813E",
        "type": "ufo",
        "date": "1999-10-10",
        "recent": false,
        "isNew": false,
        "title": "Avistamiento NUFORC: Changing en martinez, ca",
        "description": "Bright objects&#44 red and green flashing lights (and a diffuse white light off to one side of the larger of the two objects)&#44 about 30 de",
        "witnesses": 1,
        "credibility": "MEDIA (reporte civil NUFORC)",
        "country": "EE.UU.",
        "sources": "NUFORC — martinez, ca|nuforc.org"
      }
    },
    {
      "type": "Feature",
      "geometry": {
        "type": "Point",
        "coordinates": [
          -94.6272222,
          39.1141667
        ]
      },
      "properties": {
        "id": "G7018437A",
        "type": "ufo",
        "date": "1999-10-10",
        "recent": false,
        "isNew": false,
        "title": "Avistamiento NUFORC: Unknown en kansas city, ks",
        "description": "Orange object over city.",
        "witnesses": 1,
        "credibility": "MEDIA (reporte civil NUFORC)",
        "country": "EE.UU.",
        "sources": "NUFORC — kansas city, ks|nuforc.org"
      }
    },
    {
      "type": "Feature",
      "geometry": {
        "type": "Point",
        "coordinates": [
          -96.8,
          32.7833333
        ]
      },
      "properties": {
        "id": "G7B64E797",
        "type": "other",
        "date": "1999-10-10",
        "recent": false,
        "isNew": false,
        "title": "Avistamiento NUFORC: Other en dallas, tx",
        "description": "group of   twinkling lights at high altitude",
        "witnesses": 1,
        "credibility": "MEDIA (reporte civil NUFORC)",
        "country": "EE.UU.",
        "sources": "NUFORC — dallas, tx|nuforc.org"
      }
    },
    {
      "type": "Feature",
      "geometry": {
        "type": "Point",
        "coordinates": [
          -117.1563889,
          32.7152778
        ]
      },
      "properties": {
        "id": "G048D7650",
        "type": "lights_sky",
        "date": "1999-10-10",
        "recent": false,
        "isNew": false,
        "title": "Avistamiento NUFORC: Fireball en san diego, ca",
        "description": "At 10:45 in the morning&#44 my father and I noticed a small stationary object in the sky.",
        "witnesses": 1,
        "credibility": "MEDIA (reporte civil NUFORC)",
        "country": "EE.UU.",
        "sources": "NUFORC — san diego, ca|nuforc.org"
      }
    },
    {
      "type": "Feature",
      "geometry": {
        "type": "Point",
        "coordinates": [
          -119.1361111,
          46.2113889
        ]
      },
      "properties": {
        "id": "G76D461EE",
        "type": "ufo",
        "date": "1999-10-10",
        "recent": false,
        "isNew": false,
        "title": "Avistamiento NUFORC: Sphere en kennewick, wa",
        "description": "Standing outside saying goodby to family members and pointing to Chem-Trails",
        "witnesses": 1,
        "credibility": "MEDIA (reporte civil NUFORC)",
        "country": "EE.UU.",
        "sources": "NUFORC — kennewick, wa|nuforc.org"
      }
    },
    {
      "type": "Feature",
      "geometry": {
        "type": "Point",
        "coordinates": [
          -122.0797222,
          37.6688889
        ]
      },
      "properties": {
        "id": "G6AD70CDA",
        "type": "lights_sky",
        "date": "1999-10-10",
        "recent": false,
        "isNew": false,
        "title": "Avistamiento NUFORC: Circle en hayward, ca",
        "description": "Many different colored glowing  objects",
        "witnesses": 1,
        "credibility": "MEDIA (reporte civil NUFORC)",
        "country": "EE.UU.",
        "sources": "NUFORC — hayward, ca|nuforc.org"
      }
    },
    {
      "type": "Feature",
      "geometry": {
        "type": "Point",
        "coordinates": [
          -115.7427778,
          37.6447222
        ]
      },
      "properties": {
        "id": "G690391C7",
        "type": "lights_sky",
        "date": "1999-10-10",
        "recent": false,
        "isNew": false,
        "title": "Avistamiento NUFORC: Light en rachel, nv",
        "description": "Bright lights with incredible agility seen from mailbox at Area 51 on UFO highway in Nevada for several hourse.",
        "witnesses": 1,
        "credibility": "MEDIA (reporte civil NUFORC)",
        "country": "EE.UU.",
        "sources": "NUFORC — rachel, nv|nuforc.org"
      }
    },
    {
      "type": "Feature",
      "geometry": {
        "type": "Point",
        "coordinates": [
          -97.4841667,
          41.6916667
        ]
      },
      "properties": {
        "id": "GE5A82DC9",
        "type": "ufo",
        "date": "1999-10-10",
        "recent": false,
        "isNew": false,
        "title": "Avistamiento NUFORC: Sphere en humphrey, ne",
        "description": "Object moving erratically in sky stopped by spot light",
        "witnesses": 1,
        "credibility": "MEDIA (reporte civil NUFORC)",
        "country": "EE.UU.",
        "sources": "NUFORC — humphrey, ne|nuforc.org"
      }
    },
    {
      "type": "Feature",
      "geometry": {
        "type": "Point",
        "coordinates": [
          -82.480653,
          27.150053
        ]
      },
      "properties": {
        "id": "GBC0B73D1",
        "type": "ufo",
        "date": "1999-10-10",
        "recent": false,
        "isNew": false,
        "title": "Avistamiento NUFORC: Triangle en casey key (north end of), fl",
        "description": "A large trianglual shaped craft flew from horizon to horizon as observed from the stern deck of a motor vessel",
        "witnesses": 1,
        "credibility": "MEDIA (reporte civil NUFORC)",
        "country": "",
        "sources": "NUFORC — casey key (north end of), fl|nuforc.org"
      }
    },
    {
      "type": "Feature",
      "geometry": {
        "type": "Point",
        "coordinates": [
          -117.9163889,
          45.565
        ]
      },
      "properties": {
        "id": "G9E3DA219",
        "type": "ufo",
        "date": "1999-10-10",
        "recent": false,
        "isNew": false,
        "title": "Avistamiento NUFORC: Chevron en elgin, or",
        "description": "Object silently traveled north -northwest. It was V shaped with five orange lights on the perimeter and one white ligh in the center of",
        "witnesses": 1,
        "credibility": "MEDIA (reporte civil NUFORC)",
        "country": "EE.UU.",
        "sources": "NUFORC — elgin, or|nuforc.org"
      }
    },
    {
      "type": "Feature",
      "geometry": {
        "type": "Point",
        "coordinates": [
          -84.3055556,
          44.8838889
        ]
      },
      "properties": {
        "id": "GB7276478",
        "type": "ufo",
        "date": "1999-10-10",
        "recent": false,
        "isNew": false,
        "title": "Avistamiento NUFORC: Oval en lewiston, mi",
        "description": "Oval shaped with lights all around it in a haze with several smaller lights flying all around it.",
        "witnesses": 1,
        "credibility": "MEDIA (reporte civil NUFORC)",
        "country": "EE.UU.",
        "sources": "NUFORC — lewiston, mi|nuforc.org"
      }
    },
    {
      "type": "Feature",
      "geometry": {
        "type": "Point",
        "coordinates": [
          -89.8611111,
          37.7241667
        ]
      },
      "properties": {
        "id": "G30CAA9FE",
        "type": "ufo",
        "date": "2000-10-10",
        "recent": false,
        "isNew": false,
        "title": "Avistamiento NUFORC: Oval en perryville, mo",
        "description": "The craft was big&#44 orange&#44 and oval shaped.",
        "witnesses": 1,
        "credibility": "MEDIA (reporte civil NUFORC)",
        "country": "EE.UU.",
        "sources": "NUFORC — perryville, mo|nuforc.org"
      }
    },
    {
      "type": "Feature",
      "geometry": {
        "type": "Point",
        "coordinates": [
          -80.0666667,
          26.525
        ]
      },
      "properties": {
        "id": "G16D54A8D",
        "type": "other",
        "date": "2000-10-10",
        "recent": false,
        "isNew": false,
        "title": "Avistamiento NUFORC: Other en boynton beach, fl",
        "description": "Unusual light formation moving extremely fast across the sky.",
        "witnesses": 1,
        "credibility": "MEDIA (reporte civil NUFORC)",
        "country": "EE.UU.",
        "sources": "NUFORC — boynton beach, fl|nuforc.org"
      }
    },
    {
      "type": "Feature",
      "geometry": {
        "type": "Point",
        "coordinates": [
          -63.483333,
          46.216667
        ]
      },
      "properties": {
        "id": "GF86DE792",
        "type": "ufo",
        "date": "2000-10-10",
        "recent": false,
        "isNew": false,
        "title": "Avistamiento NUFORC: Cylinder en victoria (canada), bc",
        "description": "Smooth Shiny Cylinder",
        "witnesses": 1,
        "credibility": "MEDIA (reporte civil NUFORC)",
        "country": "Canadá",
        "sources": "NUFORC — victoria (canada), bc|nuforc.org"
      }
    },
    {
      "type": "Feature",
      "geometry": {
        "type": "Point",
        "coordinates": [
          -88.705104,
          43.40555
        ]
      },
      "properties": {
        "id": "G2EE2BC6B",
        "type": "ufo",
        "date": "2000-10-10",
        "recent": false,
        "isNew": false,
        "title": "Avistamiento NUFORC: Triangle en jueanu, wi",
        "description": "5 bight light V shaped",
        "witnesses": 1,
        "credibility": "MEDIA (reporte civil NUFORC)",
        "country": "",
        "sources": "NUFORC — jueanu, wi|nuforc.org"
      }
    },
    {
      "type": "Feature",
      "geometry": {
        "type": "Point",
        "coordinates": [
          -90.199404,
          38.627003
        ]
      },
      "properties": {
        "id": "G269877B9",
        "type": "ufo",
        "date": "2000-10-10",
        "recent": false,
        "isNew": false,
        "title": "Avistamiento NUFORC: Oval en valley park area of st. louis, mo",
        "description": "Driving on Hyw.141 at Hyw. 44 and going East&#44 I witnessed to my right a glowing orb of light streak horizontally from East to West at a",
        "witnesses": 1,
        "credibility": "MEDIA (reporte civil NUFORC)",
        "country": "",
        "sources": "NUFORC — valley park area of st. louis, mo|nuforc.org"
      }
    },
    {
      "type": "Feature",
      "geometry": {
        "type": "Point",
        "coordinates": [
          -92.0844444,
          38.1266667
        ]
      },
      "properties": {
        "id": "GA196D752",
        "type": "lights_sky",
        "date": "2000-10-10",
        "recent": false,
        "isNew": false,
        "title": "Avistamiento NUFORC: Light en brinktown, mo",
        "description": "3 bright golden lights moving independently above the tree line flaring and fading intermittently for approx. 15 min.",
        "witnesses": 1,
        "credibility": "MEDIA (reporte civil NUFORC)",
        "country": "EE.UU.",
        "sources": "NUFORC — brinktown, mo|nuforc.org"
      }
    },
    {
      "type": "Feature",
      "geometry": {
        "type": "Point",
        "coordinates": [
          -84.6266667,
          38.9988889
        ]
      },
      "properties": {
        "id": "GB9E57479",
        "type": "lights_sky",
        "date": "2000-10-10",
        "recent": false,
        "isNew": false,
        "title": "Avistamiento NUFORC: Light en florence, ky",
        "description": "Two objects traveling side by side pass over&#44 as one begins to zig&#44 zag it&#39s path.",
        "witnesses": 1,
        "credibility": "MEDIA (reporte civil NUFORC)",
        "country": "EE.UU.",
        "sources": "NUFORC — florence, ky|nuforc.org"
      }
    },
    {
      "type": "Feature",
      "geometry": {
        "type": "Point",
        "coordinates": [
          -122.3308333,
          47.6063889
        ]
      },
      "properties": {
        "id": "G6DC97F32",
        "type": "ufo",
        "date": "2000-10-10",
        "recent": false,
        "isNew": false,
        "title": "Avistamiento NUFORC: Unknown en seattle (west), wa",
        "description": "Dark object in the shape of a (4) after dusk in West Seattle",
        "witnesses": 1,
        "credibility": "MEDIA (reporte civil NUFORC)",
        "country": "EE.UU.",
        "sources": "NUFORC — seattle (west), wa|nuforc.org"
      }
    },
    {
      "type": "Feature",
      "geometry": {
        "type": "Point",
        "coordinates": [
          -94.6336111,
          42.3952778
        ]
      },
      "properties": {
        "id": "GC49613D9",
        "type": "ufo",
        "date": "2001-10-10",
        "recent": false,
        "isNew": false,
        "title": "Avistamiento NUFORC: Triangle en rockwell city, ia",
        "description": "Large&#44silent&#44slow&#44low to the ground dull-black Triangle UFO with round red lights at it&#39s corners that were off .I drew it.",
        "witnesses": 1,
        "credibility": "MEDIA (reporte civil NUFORC)",
        "country": "EE.UU.",
        "sources": "NUFORC — rockwell city, ia|nuforc.org"
      }
    },
    {
      "type": "Feature",
      "geometry": {
        "type": "Point",
        "coordinates": [
          151.205475,
          -33.861481
        ]
      },
      "properties": {
        "id": "G014D0933",
        "type": "lights_sky",
        "date": "2001-10-10",
        "recent": false,
        "isNew": false,
        "title": "Avistamiento NUFORC: Formation en sydney (nsw&#44 australia)",
        "description": "formation and impact",
        "witnesses": 1,
        "credibility": "MEDIA (reporte civil NUFORC)",
        "country": "Australia",
        "sources": "NUFORC — sydney (nsw&#44 australia)|nuforc.org"
      }
    },
    {
      "type": "Feature",
      "geometry": {
        "type": "Point",
        "coordinates": [
          -123.133333,
          49.25
        ]
      },
      "properties": {
        "id": "GC2092BEB",
        "type": "other",
        "date": "2001-10-10",
        "recent": false,
        "isNew": false,
        "title": "Avistamiento NUFORC: Other en vancouver (canada), bc",
        "description": "I observed an green object significantly above a house with the address ((deleted)) Dunbar Street.",
        "witnesses": 1,
        "credibility": "MEDIA (reporte civil NUFORC)",
        "country": "Canadá",
        "sources": "NUFORC — vancouver (canada), bc|nuforc.org"
      }
    },
    {
      "type": "Feature",
      "geometry": {
        "type": "Point",
        "coordinates": [
          -122.0797222,
          37.6688889
        ]
      },
      "properties": {
        "id": "G2E7245A2",
        "type": "lights_sky",
        "date": "2001-10-10",
        "recent": false,
        "isNew": false,
        "title": "Avistamiento NUFORC: Circle en hayward, ca",
        "description": "FALLING STAR  STOPS  &#39SHOTS OUT  DOZENS OF RED POINTS OF LIGHT",
        "witnesses": 1,
        "credibility": "MEDIA (reporte civil NUFORC)",
        "country": "EE.UU.",
        "sources": "NUFORC — hayward, ca|nuforc.org"
      }
    },
    {
      "type": "Feature",
      "geometry": {
        "type": "Point",
        "coordinates": [
          -92.3736111,
          41.0041667
        ]
      },
      "properties": {
        "id": "G0A18BFA3",
        "type": "lights_sky",
        "date": "2001-10-10",
        "recent": false,
        "isNew": false,
        "title": "Avistamiento NUFORC: Rectangle en ottumwa, ia",
        "description": "We saw a square object at night&#44  which had 2 blue &amp; 2 red lights at corners&#44 hovering in sky above us.",
        "witnesses": 1,
        "credibility": "MEDIA (reporte civil NUFORC)",
        "country": "EE.UU.",
        "sources": "NUFORC — ottumwa, ia|nuforc.org"
      }
    },
    {
      "type": "Feature",
      "geometry": {
        "type": "Point",
        "coordinates": [
          -119.7713889,
          36.7477778
        ]
      },
      "properties": {
        "id": "G3C3BE1F3",
        "type": "ufo",
        "date": "2001-10-10",
        "recent": false,
        "isNew": false,
        "title": "Avistamiento NUFORC: Changing en fresno, ca",
        "description": "Objects were sighted driving north on Highway 5 in California&#39s central valley after night fall&#44 not far past &quot;Kettleman/Fresno&quot; exit s",
        "witnesses": 1,
        "credibility": "MEDIA (reporte civil NUFORC)",
        "country": "EE.UU.",
        "sources": "NUFORC — fresno, ca|nuforc.org"
      }
    },
    {
      "type": "Feature",
      "geometry": {
        "type": "Point",
        "coordinates": [
          -112.0733333,
          33.4483333
        ]
      },
      "properties": {
        "id": "GEEFFCE0F",
        "type": "ufo",
        "date": "2001-10-10",
        "recent": false,
        "isNew": false,
        "title": "Avistamiento NUFORC: Triangle en phoenix, az",
        "description": "Triangle shaped craft spotted flying west to east over mid town Phoenix on 10/10/01 at 22:00 hours 4 light dim making no sounellow",
        "witnesses": 1,
        "credibility": "MEDIA (reporte civil NUFORC)",
        "country": "EE.UU.",
        "sources": "NUFORC — phoenix, az|nuforc.org"
      }
    },
    {
      "type": "Feature",
      "geometry": {
        "type": "Point",
        "coordinates": [
          -75.9783333,
          36.8527778
        ]
      },
      "properties": {
        "id": "GCD83EE90",
        "type": "ufo",
        "date": "2001-10-10",
        "recent": false,
        "isNew": false,
        "title": "Avistamiento NUFORC: Triangle en virginia beach, va",
        "description": "shaped like a stealth bomber (boomerang like&#44 but more triangluar) flat-black in color&#44 made a deep humming sound either really low to",
        "witnesses": 1,
        "credibility": "MEDIA (reporte civil NUFORC)",
        "country": "EE.UU.",
        "sources": "NUFORC — virginia beach, va|nuforc.org"
      }
    },
    {
      "type": "Feature",
      "geometry": {
        "type": "Point",
        "coordinates": [
          -91.4844444,
          46.0130556
        ]
      },
      "properties": {
        "id": "G96088DCC",
        "type": "lights_sky",
        "date": "2002-10-10",
        "recent": false,
        "isNew": false,
        "title": "Avistamiento NUFORC: Flash en hayward, wi",
        "description": "we saw pure a light that occasionaly split into 3 to 4 different lights.",
        "witnesses": 1,
        "credibility": "MEDIA (reporte civil NUFORC)",
        "country": "EE.UU.",
        "sources": "NUFORC — hayward, wi|nuforc.org"
      }
    },
    {
      "type": "Feature",
      "geometry": {
        "type": "Point",
        "coordinates": [
          -123.3663889,
          44.5402778
        ]
      },
      "properties": {
        "id": "G2B88DB55",
        "type": "ufo",
        "date": "2002-10-10",
        "recent": false,
        "isNew": false,
        "title": "Avistamiento NUFORC: Unknown en philomath, or",
        "description": "i watched on the portland news that the space shuttle would be visiable and went to philomath oregon to what was known to be the apple",
        "witnesses": 1,
        "credibility": "MEDIA (reporte civil NUFORC)",
        "country": "EE.UU.",
        "sources": "NUFORC — philomath, or|nuforc.org"
      }
    },
    {
      "type": "Feature",
      "geometry": {
        "type": "Point",
        "coordinates": [
          138.598633,
          -34.928661
        ]
      },
      "properties": {
        "id": "G659DD2B9",
        "type": "lights_sky",
        "date": "2002-10-10",
        "recent": false,
        "isNew": false,
        "title": "Avistamiento NUFORC: Circle en adelaide (pt. wakefield) (south australia)",
        "description": "one light became 3",
        "witnesses": 1,
        "credibility": "MEDIA (reporte civil NUFORC)",
        "country": "Australia",
        "sources": "NUFORC — adelaide (pt. wakefield) (south australia)|nuforc.org"
      }
    },
    {
      "type": "Feature",
      "geometry": {
        "type": "Point",
        "coordinates": [
          -122.3308333,
          47.6063889
        ]
      },
      "properties": {
        "id": "G49835FB3",
        "type": "ufo",
        "date": "2002-10-10",
        "recent": false,
        "isNew": false,
        "title": "Avistamiento NUFORC: Sphere en seattle, wa",
        "description": "Light falls from sky",
        "witnesses": 1,
        "credibility": "MEDIA (reporte civil NUFORC)",
        "country": "EE.UU.",
        "sources": "NUFORC — seattle, wa|nuforc.org"
      }
    },
    {
      "type": "Feature",
      "geometry": {
        "type": "Point",
        "coordinates": [
          -63.483333,
          46.216667
        ]
      },
      "properties": {
        "id": "GB4198EC3",
        "type": "ufo",
        "date": "2002-10-10",
        "recent": false,
        "isNew": false,
        "title": "Avistamiento NUFORC: Unknown en victoria (canada), bc",
        "description": "bright white light with black outline around it moving soundlessly and slowly from north banking east and disappearing upward.",
        "witnesses": 1,
        "credibility": "MEDIA (reporte civil NUFORC)",
        "country": "Canadá",
        "sources": "NUFORC — victoria (canada), bc|nuforc.org"
      }
    },
    {
      "type": "Feature",
      "geometry": {
        "type": "Point",
        "coordinates": [
          -84.4569444,
          39.1619444
        ]
      },
      "properties": {
        "id": "G10B1CB47",
        "type": "other",
        "date": "2002-10-10",
        "recent": false,
        "isNew": false,
        "title": "Avistamiento NUFORC: Other en cincinnati, oh",
        "description": "Large octagon blue lights on rim red center light hovers over downtown Cincinnati thursday October 10.",
        "witnesses": 1,
        "credibility": "MEDIA (reporte civil NUFORC)",
        "country": "EE.UU.",
        "sources": "NUFORC — cincinnati, oh|nuforc.org"
      }
    },
    {
      "type": "Feature",
      "geometry": {
        "type": "Point",
        "coordinates": [
          -122.675,
          45.5236111
        ]
      },
      "properties": {
        "id": "G93D07EB4",
        "type": "lights_sky",
        "date": "2002-10-10",
        "recent": false,
        "isNew": false,
        "title": "Avistamiento NUFORC: Circle en portland, or",
        "description": "The LIGHT is the TRUTH&#33",
        "witnesses": 1,
        "credibility": "MEDIA (reporte civil NUFORC)",
        "country": "EE.UU.",
        "sources": "NUFORC — portland, or|nuforc.org"
      }
    },
    {
      "type": "Feature",
      "geometry": {
        "type": "Point",
        "coordinates": [
          -86.743915,
          41.79393
        ]
      },
      "properties": {
        "id": "GDB593E8E",
        "type": "lights_sky",
        "date": "2003-10-10",
        "recent": false,
        "isNew": false,
        "title": "Avistamiento NUFORC: Light en new buffulo, mi",
        "description": "Craft that suddenly vanishes and another one that shows up and does strange things at high speeds",
        "witnesses": 1,
        "credibility": "MEDIA (reporte civil NUFORC)",
        "country": "",
        "sources": "NUFORC — new buffulo, mi|nuforc.org"
      }
    },
    {
      "type": "Feature",
      "geometry": {
        "type": "Point",
        "coordinates": [
          -118.1261111,
          34.0952778
        ]
      },
      "properties": {
        "id": "G4AC76B2A",
        "type": "ufo",
        "date": "2003-10-10",
        "recent": false,
        "isNew": false,
        "title": "Avistamiento NUFORC: Oval en alhambra, ca",
        "description": "3 Black ovals in the sky and a floating movie camera",
        "witnesses": 1,
        "credibility": "MEDIA (reporte civil NUFORC)",
        "country": "EE.UU.",
        "sources": "NUFORC — alhambra, ca|nuforc.org"
      }
    },
    {
      "type": "Feature",
      "geometry": {
        "type": "Point",
        "coordinates": [
          -86.1580556,
          39.7683333
        ]
      },
      "properties": {
        "id": "G2CC61D32",
        "type": "ufo",
        "date": "2003-10-10",
        "recent": false,
        "isNew": false,
        "title": "Avistamiento NUFORC: Sphere en indianapolis, in",
        "description": "Sphere shape object with flashing bright white lights",
        "witnesses": 1,
        "credibility": "MEDIA (reporte civil NUFORC)",
        "country": "EE.UU.",
        "sources": "NUFORC — indianapolis, in|nuforc.org"
      }
    },
    {
      "type": "Feature",
      "geometry": {
        "type": "Point",
        "coordinates": [
          -77.4291667,
          38.8402778
        ]
      },
      "properties": {
        "id": "G150C8E9B",
        "type": "other",
        "date": "2003-10-10",
        "recent": false,
        "isNew": false,
        "title": "Avistamiento NUFORC: Other en centreville, va",
        "description": "Aliens check out local high school football game.",
        "witnesses": 1,
        "credibility": "MEDIA (reporte civil NUFORC)",
        "country": "EE.UU.",
        "sources": "NUFORC — centreville, va|nuforc.org"
      }
    },
    {
      "type": "Feature",
      "geometry": {
        "type": "Point",
        "coordinates": [
          -116.0925,
          42.9897222
        ]
      },
      "properties": {
        "id": "GBE60F21E",
        "type": "lights_sky",
        "date": "2003-10-10",
        "recent": false,
        "isNew": false,
        "title": "Avistamiento NUFORC: Light en grand view, id",
        "description": "Bright light above Mt. Home AFB",
        "witnesses": 1,
        "credibility": "MEDIA (reporte civil NUFORC)",
        "country": "EE.UU.",
        "sources": "NUFORC — grand view, id|nuforc.org"
      }
    },
    {
      "type": "Feature",
      "geometry": {
        "type": "Point",
        "coordinates": [
          -83.5688889,
          41.7791667
        ]
      },
      "properties": {
        "id": "G7FDA2B01",
        "type": "ufo",
        "date": "2003-10-10",
        "recent": false,
        "isNew": false,
        "title": "Avistamiento NUFORC: Oval en temperance, mi",
        "description": "pulsating green white and red object in the northwest sky at 45degrees",
        "witnesses": 1,
        "credibility": "MEDIA (reporte civil NUFORC)",
        "country": "EE.UU.",
        "sources": "NUFORC — temperance, mi|nuforc.org"
      }
    },
    {
      "type": "Feature",
      "geometry": {
        "type": "Point",
        "coordinates": [
          -78.7011111,
          33.8075
        ]
      },
      "properties": {
        "id": "GF76A1707",
        "type": "lights_sky",
        "date": "2003-10-10",
        "recent": false,
        "isNew": false,
        "title": "Avistamiento NUFORC: Formation en crescent beach, sc",
        "description": "For two consecutive nights&#44 we watched a pattern of lights before we were stunned by a discovery on the beach.",
        "witnesses": 1,
        "credibility": "MEDIA (reporte civil NUFORC)",
        "country": "EE.UU.",
        "sources": "NUFORC — crescent beach, sc|nuforc.org"
      }
    },
    {
      "type": "Feature",
      "geometry": {
        "type": "Point",
        "coordinates": [
          -106.6505556,
          35.0844444
        ]
      },
      "properties": {
        "id": "GA8DAE7B4",
        "type": "lights_sky",
        "date": "2003-10-10",
        "recent": false,
        "isNew": false,
        "title": "Avistamiento NUFORC: Light en albuquerque, nm",
        "description": "Three bright lights that were huddled together than began to seperate and disappeared.",
        "witnesses": 1,
        "credibility": "MEDIA (reporte civil NUFORC)",
        "country": "EE.UU.",
        "sources": "NUFORC — albuquerque, nm|nuforc.org"
      }
    },
    {
      "type": "Feature",
      "geometry": {
        "type": "Point",
        "coordinates": [
          -2.736506,
          53.070884
        ]
      },
      "properties": {
        "id": "G0AFE7FC3",
        "type": "ufo",
        "date": "2003-10-10",
        "recent": false,
        "isNew": false,
        "title": "Avistamiento NUFORC: Unknown en bickerton (near wetherby) (uk/england)",
        "description": "two bright&#44 but fuzzy lights going in a hovering circle about 200 yards of the ground&#44 with a grey cloud above them",
        "witnesses": 1,
        "credibility": "MEDIA (reporte civil NUFORC)",
        "country": "",
        "sources": "NUFORC — bickerton (near wetherby) (uk/england)|nuforc.org"
      }
    },
    {
      "type": "Feature",
      "geometry": {
        "type": "Point",
        "coordinates": [
          -89.4963889,
          45.3088889
        ]
      },
      "properties": {
        "id": "G84FE955A",
        "type": "ufo",
        "date": "2003-10-10",
        "recent": false,
        "isNew": false,
        "title": "Avistamiento NUFORC: Sphere en gleason, wi",
        "description": "UFO Contact&#44 Amazing close sighting",
        "witnesses": 1,
        "credibility": "MEDIA (reporte civil NUFORC)",
        "country": "EE.UU.",
        "sources": "NUFORC — gleason, wi|nuforc.org"
      }
    },
    {
      "type": "Feature",
      "geometry": {
        "type": "Point",
        "coordinates": [
          -74.1441667,
          41.0886111
        ]
      },
      "properties": {
        "id": "G232F5019",
        "type": "ufo",
        "date": "2004-10-10",
        "recent": false,
        "isNew": false,
        "title": "Avistamiento NUFORC: Triangle en mahwah, nj",
        "description": "Triangle shaped flying&#44 hovering U.F.O. witnessed over Sheraton Hotel in Mahwah&#44 NJ. on 10/10/04.",
        "witnesses": 1,
        "credibility": "MEDIA (reporte civil NUFORC)",
        "country": "EE.UU.",
        "sources": "NUFORC — mahwah, nj|nuforc.org"
      }
    },
    {
      "type": "Feature",
      "geometry": {
        "type": "Point",
        "coordinates": [
          -74.405661,
          40.058324
        ]
      },
      "properties": {
        "id": "GE0D6879E",
        "type": "other",
        "date": "2004-10-10",
        "recent": false,
        "isNew": false,
        "title": "Avistamiento NUFORC: Other en worthington st. forest, nj",
        "description": "witnessed a large object and an intense red light that illumiated the object.",
        "witnesses": 1,
        "credibility": "MEDIA (reporte civil NUFORC)",
        "country": "",
        "sources": "NUFORC — worthington st. forest, nj|nuforc.org"
      }
    },
    {
      "type": "Feature",
      "geometry": {
        "type": "Point",
        "coordinates": [
          -98.3,
          49.966667
        ]
      },
      "properties": {
        "id": "GFB6E2C94",
        "type": "ufo",
        "date": "2004-10-10",
        "recent": false,
        "isNew": false,
        "title": "Avistamiento NUFORC: Changing en portage la prairie (canada), mb",
        "description": "Series of Green Blue Red White lights spherical or triangular formation SE of Portage la Prairie&#44 Manitoba Canada",
        "witnesses": 1,
        "credibility": "MEDIA (reporte civil NUFORC)",
        "country": "Canadá",
        "sources": "NUFORC — portage la prairie (canada), mb|nuforc.org"
      }
    },
    {
      "type": "Feature",
      "geometry": {
        "type": "Point",
        "coordinates": [
          -87.4138889,
          39.4666667
        ]
      },
      "properties": {
        "id": "GAA5B6BA1",
        "type": "ufo",
        "date": "2004-10-10",
        "recent": false,
        "isNew": false,
        "title": "Avistamiento NUFORC: Sphere en terre haute, in",
        "description": "silently&#44 it came over my head from behind; as I was laying on my back. About the size of a thumbnail at arms length&#44 was a lite white",
        "witnesses": 1,
        "credibility": "MEDIA (reporte civil NUFORC)",
        "country": "EE.UU.",
        "sources": "NUFORC — terre haute, in|nuforc.org"
      }
    },
    {
      "type": "Feature",
      "geometry": {
        "type": "Point",
        "coordinates": [
          -86.1580556,
          39.7683333
        ]
      },
      "properties": {
        "id": "GBF205FA1",
        "type": "ufo",
        "date": "2004-10-10",
        "recent": false,
        "isNew": false,
        "title": "Avistamiento NUFORC: Oval en indianapolis, in",
        "description": "((NUFORC Note:  Possible sighting of a contrail??  PD))",
        "witnesses": 1,
        "credibility": "MEDIA (reporte civil NUFORC)",
        "country": "EE.UU.",
        "sources": "NUFORC — indianapolis, in|nuforc.org"
      }
    },
    {
      "type": "Feature",
      "geometry": {
        "type": "Point",
        "coordinates": [
          -80.1,
          45.416667
        ]
      },
      "properties": {
        "id": "GB7D19477",
        "type": "ufo",
        "date": "2004-10-10",
        "recent": false,
        "isNew": false,
        "title": "Avistamiento NUFORC: Unknown en nobel (canada), on",
        "description": "Floating Red Object",
        "witnesses": 1,
        "credibility": "MEDIA (reporte civil NUFORC)",
        "country": "Canadá",
        "sources": "NUFORC — nobel (canada), on|nuforc.org"
      }
    },
    {
      "type": "Feature",
      "geometry": {
        "type": "Point",
        "coordinates": [
          -79.9561111,
          39.6294444
        ]
      },
      "properties": {
        "id": "G4F94491C",
        "type": "ufo",
        "date": "2004-10-10",
        "recent": false,
        "isNew": false,
        "title": "Avistamiento NUFORC: Circle en morgantown, wv",
        "description": "Solid round silver ball passing over at about 3000MSL.",
        "witnesses": 1,
        "credibility": "MEDIA (reporte civil NUFORC)",
        "country": "EE.UU.",
        "sources": "NUFORC — morgantown, wv|nuforc.org"
      }
    },
    {
      "type": "Feature",
      "geometry": {
        "type": "Point",
        "coordinates": [
          -122.2716667,
          37.8716667
        ]
      },
      "properties": {
        "id": "G5EE3B19F",
        "type": "ufo",
        "date": "2004-10-10",
        "recent": false,
        "isNew": false,
        "title": "Avistamiento NUFORC: Unknown en berkeley, ca",
        "description": "While driving my car in the mid afternoon of a day in the fall of 2004 on HYW 580 East-bound I had just crossed the San Rafael / Richmo",
        "witnesses": 1,
        "credibility": "MEDIA (reporte civil NUFORC)",
        "country": "EE.UU.",
        "sources": "NUFORC — berkeley, ca|nuforc.org"
      }
    },
    {
      "type": "Feature",
      "geometry": {
        "type": "Point",
        "coordinates": [
          -90.5786111,
          41.5094444
        ]
      },
      "properties": {
        "id": "G0EF6D1D0",
        "type": "ufo",
        "date": "2004-10-10",
        "recent": false,
        "isNew": false,
        "title": "Avistamiento NUFORC: Sphere en rock island, il",
        "description": "The sky was clear  and the objects at times appeared to rotate slowly.",
        "witnesses": 1,
        "credibility": "MEDIA (reporte civil NUFORC)",
        "country": "EE.UU.",
        "sources": "NUFORC — rock island, il|nuforc.org"
      }
    },
    {
      "type": "Feature",
      "geometry": {
        "type": "Point",
        "coordinates": [
          23.957728,
          55.288131
        ]
      },
      "properties": {
        "id": "G397F228D",
        "type": "ufo",
        "date": "2004-10-10",
        "recent": false,
        "isNew": false,
        "title": "Avistamiento NUFORC: Oval en kedainiai (lithuania)",
        "description": "6 oval light objects very quickly rounded under the dark cloud for a some minutes ((NUFORC Note:  Possible advertising lights??  PD))",
        "witnesses": 1,
        "credibility": "MEDIA (reporte civil NUFORC)",
        "country": "",
        "sources": "NUFORC — kedainiai (lithuania)|nuforc.org"
      }
    },
    {
      "type": "Feature",
      "geometry": {
        "type": "Point",
        "coordinates": [
          -79.466844,
          42.209774
        ]
      },
      "properties": {
        "id": "GFF7DA747",
        "type": "lights_sky",
        "date": "2004-10-10",
        "recent": false,
        "isNew": false,
        "title": "Avistamiento NUFORC: Formation en chateauqua, ny",
        "description": "4 bright circles in a half rainbow formation with a longer bright strip at the top of the formation",
        "witnesses": 1,
        "credibility": "MEDIA (reporte civil NUFORC)",
        "country": "",
        "sources": "NUFORC — chateauqua, ny|nuforc.org"
      }
    },
    {
      "type": "Feature",
      "geometry": {
        "type": "Point",
        "coordinates": [
          -79.7108333,
          42.2669444
        ]
      },
      "properties": {
        "id": "G9E353477",
        "type": "ufo",
        "date": "2004-10-10",
        "recent": false,
        "isNew": false,
        "title": "Avistamiento NUFORC: Circle en ripley, ny",
        "description": "7 red/orange stationary objects appeared over Lake Erie on 10/10/04 for 15 minutes and then all disappeared at once.",
        "witnesses": 1,
        "credibility": "MEDIA (reporte civil NUFORC)",
        "country": "EE.UU.",
        "sources": "NUFORC — ripley, ny|nuforc.org"
      }
    },
    {
      "type": "Feature",
      "geometry": {
        "type": "Point",
        "coordinates": [
          -93.2686111,
          44.295
        ]
      },
      "properties": {
        "id": "GFC1E6509",
        "type": "lights_sky",
        "date": "2004-10-10",
        "recent": false,
        "isNew": false,
        "title": "Avistamiento NUFORC: Flash en faribault, mn",
        "description": "Metor or craft descending then sudden flash of light",
        "witnesses": 1,
        "credibility": "MEDIA (reporte civil NUFORC)",
        "country": "EE.UU.",
        "sources": "NUFORC — faribault, mn|nuforc.org"
      }
    },
    {
      "type": "Feature",
      "geometry": {
        "type": "Point",
        "coordinates": [
          -82.5155556,
          40.7583333
        ]
      },
      "properties": {
        "id": "GC855FFE1",
        "type": "lights_sky",
        "date": "2004-10-10",
        "recent": false,
        "isNew": false,
        "title": "Avistamiento NUFORC: Light en mansfield, oh",
        "description": "Several UFO&#39s&#44 one bigger one flew right over the car.",
        "witnesses": 1,
        "credibility": "MEDIA (reporte civil NUFORC)",
        "country": "EE.UU.",
        "sources": "NUFORC — mansfield, oh|nuforc.org"
      }
    },
    {
      "type": "Feature",
      "geometry": {
        "type": "Point",
        "coordinates": [
          -92.3338889,
          38.9516667
        ]
      },
      "properties": {
        "id": "G31D2239D",
        "type": "lights_sky",
        "date": "2004-10-10",
        "recent": false,
        "isNew": false,
        "title": "Avistamiento NUFORC: Light en columbia, mo",
        "description": "A light moved across the sky in a zig zag way then straightened out and went straight out into space in a matter of seconds.",
        "witnesses": 1,
        "credibility": "MEDIA (reporte civil NUFORC)",
        "country": "EE.UU.",
        "sources": "NUFORC — columbia, mo|nuforc.org"
      }
    },
    {
      "type": "Feature",
      "geometry": {
        "type": "Point",
        "coordinates": [
          -89.4963889,
          45.3088889
        ]
      },
      "properties": {
        "id": "G0245669E",
        "type": "ufo",
        "date": "2004-10-10",
        "recent": false,
        "isNew": false,
        "title": "Avistamiento NUFORC: Sphere en gleason, wi",
        "description": "It was about 9:30PM my friend and I were going to go out deer shining with my step dads truck and my friends spotlight. We left his hou",
        "witnesses": 1,
        "credibility": "MEDIA (reporte civil NUFORC)",
        "country": "EE.UU.",
        "sources": "NUFORC — gleason, wi|nuforc.org"
      }
    },
    {
      "type": "Feature",
      "geometry": {
        "type": "Point",
        "coordinates": [
          -122.3308333,
          47.6063889
        ]
      },
      "properties": {
        "id": "GB2156395",
        "type": "other",
        "date": "2005-10-10",
        "recent": false,
        "isNew": false,
        "title": "Avistamiento NUFORC: Other en seattle, wa",
        "description": "round symetrical with roundish flat bottom shiny white colored low flying bigger than  a plane.",
        "witnesses": 1,
        "credibility": "MEDIA (reporte civil NUFORC)",
        "country": "EE.UU.",
        "sources": "NUFORC — seattle, wa|nuforc.org"
      }
    },
    {
      "type": "Feature",
      "geometry": {
        "type": "Point",
        "coordinates": [
          -111.5488889,
          33.415
        ]
      },
      "properties": {
        "id": "G73CAB6D1",
        "type": "other",
        "date": "2005-10-10",
        "recent": false,
        "isNew": false,
        "title": "Avistamiento NUFORC: Other en apache junction, az",
        "description": "half-moon shaped objects that just winked out",
        "witnesses": 1,
        "credibility": "MEDIA (reporte civil NUFORC)",
        "country": "EE.UU.",
        "sources": "NUFORC — apache junction, az|nuforc.org"
      }
    },
    {
      "type": "Feature",
      "geometry": {
        "type": "Point",
        "coordinates": [
          -80.1627778,
          25.9327778
        ]
      },
      "properties": {
        "id": "G3F2674CA",
        "type": "ufo",
        "date": "2005-10-10",
        "recent": false,
        "isNew": false,
        "title": "Avistamiento NUFORC: Oval en north miami beach, fl",
        "description": "i sent you an e-mail 2 days ago and really want to be contacted&#44 PLEASE  contact me asap&#44 I&#39m not crazy and nether is my wife&#44 please c",
        "witnesses": 1,
        "credibility": "MEDIA (reporte civil NUFORC)",
        "country": "EE.UU.",
        "sources": "NUFORC — north miami beach, fl|nuforc.org"
      }
    },
    {
      "type": "Feature",
      "geometry": {
        "type": "Point",
        "coordinates": [
          -118.2427778,
          34.0522222
        ]
      },
      "properties": {
        "id": "G7D7BF831",
        "type": "ufo",
        "date": "2005-10-10",
        "recent": false,
        "isNew": false,
        "title": "Avistamiento NUFORC: Egg en los angeles, ca",
        "description": "Egg UFO over Hollywood Hills and LAX in LOS ANGELES&#44 CA.",
        "witnesses": 1,
        "credibility": "MEDIA (reporte civil NUFORC)",
        "country": "EE.UU.",
        "sources": "NUFORC — los angeles, ca|nuforc.org"
      }
    },
    {
      "type": "Feature",
      "geometry": {
        "type": "Point",
        "coordinates": [
          -78.6305556,
          40.5030556
        ]
      },
      "properties": {
        "id": "GA6973BCE",
        "type": "ufo",
        "date": "2005-10-10",
        "recent": false,
        "isNew": false,
        "title": "Avistamiento NUFORC: Triangle en loretto, pa",
        "description": "Dull red flash&#44 Triangular ship&#44 Vocal Noises",
        "witnesses": 1,
        "credibility": "MEDIA (reporte civil NUFORC)",
        "country": "EE.UU.",
        "sources": "NUFORC — loretto, pa|nuforc.org"
      }
    },
    {
      "type": "Feature",
      "geometry": {
        "type": "Point",
        "coordinates": [
          -3.3,
          52.516667
        ]
      },
      "properties": {
        "id": "G465D0733",
        "type": "lights_sky",
        "date": "2005-10-10",
        "recent": false,
        "isNew": false,
        "title": "Avistamiento NUFORC: Formation en newtown (uk/wales)",
        "description": "red/orang lights dancing in the sky.",
        "witnesses": 1,
        "credibility": "MEDIA (reporte civil NUFORC)",
        "country": "Reino Unido",
        "sources": "NUFORC — newtown (uk/wales)|nuforc.org"
      }
    },
    {
      "type": "Feature",
      "geometry": {
        "type": "Point",
        "coordinates": [
          -86.7888889,
          35.4491667
        ]
      },
      "properties": {
        "id": "G43F51880",
        "type": "ufo",
        "date": "2005-10-10",
        "recent": false,
        "isNew": false,
        "title": "Avistamiento NUFORC: Unknown en lewisburg, tn",
        "description": "Like a grouping of balloons with a slight glow to them",
        "witnesses": 1,
        "credibility": "MEDIA (reporte civil NUFORC)",
        "country": "EE.UU.",
        "sources": "NUFORC — lewisburg, tn|nuforc.org"
      }
    },
    {
      "type": "Feature",
      "geometry": {
        "type": "Point",
        "coordinates": [
          -120.2919444,
          47.4158333
        ]
      },
      "properties": {
        "id": "G82DC3059",
        "type": "lights_sky",
        "date": "2005-10-10",
        "recent": false,
        "isNew": false,
        "title": "Avistamiento NUFORC: Light en east wenatchee, wa",
        "description": "Strange light over East Wenatchee Washington",
        "witnesses": 1,
        "credibility": "MEDIA (reporte civil NUFORC)",
        "country": "EE.UU.",
        "sources": "NUFORC — east wenatchee, wa|nuforc.org"
      }
    },
    {
      "type": "Feature",
      "geometry": {
        "type": "Point",
        "coordinates": [
          -82.4611111,
          35.3186111
        ]
      },
      "properties": {
        "id": "G9DD938A8",
        "type": "lights_sky",
        "date": "2005-10-10",
        "recent": false,
        "isNew": false,
        "title": "Avistamiento NUFORC: Light en hendersonville, nc",
        "description": "Last night&#44 October 10&#44 at about 11:00PM for about ten minutes I observed a peculiar point source light in the Eastern sky. It was at a",
        "witnesses": 1,
        "credibility": "MEDIA (reporte civil NUFORC)",
        "country": "EE.UU.",
        "sources": "NUFORC — hendersonville, nc|nuforc.org"
      }
    },
    {
      "type": "Feature",
      "geometry": {
        "type": "Point",
        "coordinates": [
          -94.2005556,
          46.3580556
        ]
      },
      "properties": {
        "id": "G18FB506A",
        "type": "ufo",
        "date": "2005-10-10",
        "recent": false,
        "isNew": false,
        "title": "Avistamiento NUFORC: Disk en brainerd, mn",
        "description": "A big lighted up silver saucer.",
        "witnesses": 1,
        "credibility": "MEDIA (reporte civil NUFORC)",
        "country": "EE.UU.",
        "sources": "NUFORC — brainerd, mn|nuforc.org"
      }
    },
    {
      "type": "Feature",
      "geometry": {
        "type": "Point",
        "coordinates": [
          -95.2352778,
          31.1911111
        ]
      },
      "properties": {
        "id": "G88574134",
        "type": "ufo",
        "date": "2006-10-10",
        "recent": false,
        "isNew": false,
        "title": "Avistamiento NUFORC: Diamond en pennington, tx",
        "description": "IN form of diamond with multi colored lights that acted like disco light except one.  theone light was like a brite star and would resp",
        "witnesses": 1,
        "credibility": "MEDIA (reporte civil NUFORC)",
        "country": "EE.UU.",
        "sources": "NUFORC — pennington, tx|nuforc.org"
      }
    },
    {
      "type": "Feature",
      "geometry": {
        "type": "Point",
        "coordinates": [
          -122.4183333,
          37.775
        ]
      },
      "properties": {
        "id": "G3CAC9268",
        "type": "ufo",
        "date": "2006-10-10",
        "recent": false,
        "isNew": false,
        "title": "Avistamiento NUFORC: Triangle en san francisco, ca",
        "description": "black triangles were seen flying across the surface of the full moon",
        "witnesses": 1,
        "credibility": "MEDIA (reporte civil NUFORC)",
        "country": "EE.UU.",
        "sources": "NUFORC — san francisco, ca|nuforc.org"
      }
    },
    {
      "type": "Feature",
      "geometry": {
        "type": "Point",
        "coordinates": [
          -83.9583333,
          34.8761111
        ]
      },
      "properties": {
        "id": "G9CFC4555",
        "type": "ufo",
        "date": "2006-10-10",
        "recent": false,
        "isNew": false,
        "title": "Avistamiento NUFORC: Unknown en blairsville, ga",
        "description": "Intermittant streak by moon&#44 not seen on photo taken 10 seconds earlier.",
        "witnesses": 1,
        "credibility": "MEDIA (reporte civil NUFORC)",
        "country": "EE.UU.",
        "sources": "NUFORC — blairsville, ga|nuforc.org"
      }
    },
    {
      "type": "Feature",
      "geometry": {
        "type": "Point",
        "coordinates": [
          -88.2491667,
          35.2247222
        ]
      },
      "properties": {
        "id": "G21789B0F",
        "type": "lights_sky",
        "date": "2006-10-10",
        "recent": false,
        "isNew": false,
        "title": "Avistamiento NUFORC: Light en savannah, tn",
        "description": "weird light that moved in the sky",
        "witnesses": 1,
        "credibility": "MEDIA (reporte civil NUFORC)",
        "country": "EE.UU.",
        "sources": "NUFORC — savannah, tn|nuforc.org"
      }
    },
    {
      "type": "Feature",
      "geometry": {
        "type": "Point",
        "coordinates": [
          -78.8897222,
          38.0683333
        ]
      },
      "properties": {
        "id": "GC54C6E2E",
        "type": "ufo",
        "date": "2006-10-10",
        "recent": false,
        "isNew": false,
        "title": "Avistamiento NUFORC: Triangle en waynesboro, va",
        "description": "Large...beautiful...and brighter than anything I&#39ve ever seen....How small I have felt since....",
        "witnesses": 1,
        "credibility": "MEDIA (reporte civil NUFORC)",
        "country": "EE.UU.",
        "sources": "NUFORC — waynesboro, va|nuforc.org"
      }
    },
    {
      "type": "Feature",
      "geometry": {
        "type": "Point",
        "coordinates": [
          -91.831833,
          35.20105
        ]
      },
      "properties": {
        "id": "GD44CE4DA",
        "type": "lights_sky",
        "date": "2006-10-10",
        "recent": false,
        "isNew": false,
        "title": "Avistamiento NUFORC: Fireball en unsure, ar",
        "description": "Extreme sound with trails and orange red blue hues to it.  The trails were bright bright white.",
        "witnesses": 1,
        "credibility": "MEDIA (reporte civil NUFORC)",
        "country": "",
        "sources": "NUFORC — unsure, ar|nuforc.org"
      }
    },
    {
      "type": "Feature",
      "geometry": {
        "type": "Point",
        "coordinates": [
          -97.8172222,
          34.6377778
        ]
      },
      "properties": {
        "id": "G82438B0A",
        "type": "other",
        "date": "2006-10-10",
        "recent": false,
        "isNew": false,
        "title": "Avistamiento NUFORC: Other en bray, ok",
        "description": "Glowing V Shaped Object flying Low making no sound.",
        "witnesses": 1,
        "credibility": "MEDIA (reporte civil NUFORC)",
        "country": "EE.UU.",
        "sources": "NUFORC — bray, ok|nuforc.org"
      }
    },
    {
      "type": "Feature",
      "geometry": {
        "type": "Point",
        "coordinates": [
          -4.138611,
          50.396389
        ]
      },
      "properties": {
        "id": "GC12A2A66",
        "type": "lights_sky",
        "date": "2006-10-10",
        "recent": false,
        "isNew": false,
        "title": "Avistamiento NUFORC: Formation en plymouth (devonshire) (uk/england)",
        "description": "they were right above me very small almost like minni stars and they were circling round sommothing and came closer and further away an",
        "witnesses": 1,
        "credibility": "MEDIA (reporte civil NUFORC)",
        "country": "Reino Unido",
        "sources": "NUFORC — plymouth (devonshire) (uk/england)|nuforc.org"
      }
    },
    {
      "type": "Feature",
      "geometry": {
        "type": "Point",
        "coordinates": [
          -82.3541667,
          31.2133333
        ]
      },
      "properties": {
        "id": "GFCD48557",
        "type": "lights_sky",
        "date": "2006-10-10",
        "recent": false,
        "isNew": false,
        "title": "Avistamiento NUFORC: Light en waycross, ga",
        "description": "Redish orange light viewed from Waycross &#44Ga. Moving Northwest and suddenly just goes out.",
        "witnesses": 1,
        "credibility": "MEDIA (reporte civil NUFORC)",
        "country": "EE.UU.",
        "sources": "NUFORC — waycross, ga|nuforc.org"
      }
    },
    {
      "type": "Feature",
      "geometry": {
        "type": "Point",
        "coordinates": [
          -102.0086111,
          33.5058333
        ]
      },
      "properties": {
        "id": "G34BFB6E6",
        "type": "ufo",
        "date": "2006-10-10",
        "recent": false,
        "isNew": false,
        "title": "Avistamiento NUFORC: Disk en wolfforth, tx",
        "description": "Huge aircraft with diagnally aligned white lights moving slowly and loudly through the night.",
        "witnesses": 1,
        "credibility": "MEDIA (reporte civil NUFORC)",
        "country": "EE.UU.",
        "sources": "NUFORC — wolfforth, tx|nuforc.org"
      }
    },
    {
      "type": "Feature",
      "geometry": {
        "type": "Point",
        "coordinates": [
          -81.4888889,
          41.52
        ]
      },
      "properties": {
        "id": "G0B89EDFF",
        "type": "ufo",
        "date": "2006-10-10",
        "recent": false,
        "isNew": false,
        "title": "Avistamiento NUFORC: Unknown en lyndhurst, oh",
        "description": "This is a follow up to my Feb. 16th&#44 1995 report.  This past Tuesday&#44 my wife and I AGAIN heard the same loud&#44 rumbling roar that we he",
        "witnesses": 1,
        "credibility": "MEDIA (reporte civil NUFORC)",
        "country": "EE.UU.",
        "sources": "NUFORC — lyndhurst, oh|nuforc.org"
      }
    },
    {
      "type": "Feature",
      "geometry": {
        "type": "Point",
        "coordinates": [
          -122.9058333,
          44.5366667
        ]
      },
      "properties": {
        "id": "GDFB03DAE",
        "type": "lights_sky",
        "date": "2007-10-10",
        "recent": false,
        "isNew": false,
        "title": "Avistamiento NUFORC: Light en lebanon, or",
        "description": "Small Orange-White &quot;star&quot; that moves around in circles&#44 up&#44 down&#44 and sideways fast in the night sky",
        "witnesses": 1,
        "credibility": "MEDIA (reporte civil NUFORC)",
        "country": "EE.UU.",
        "sources": "NUFORC — lebanon, or|nuforc.org"
      }
    },
    {
      "type": "Feature",
      "geometry": {
        "type": "Point",
        "coordinates": [
          -84.2338889,
          33.5441667
        ]
      },
      "properties": {
        "id": "GBEBE1C43",
        "type": "ufo",
        "date": "2007-10-10",
        "recent": false,
        "isNew": false,
        "title": "Avistamiento NUFORC: Changing en stockbridge, ga",
        "description": "i was abducted",
        "witnesses": 1,
        "credibility": "MEDIA (reporte civil NUFORC)",
        "country": "EE.UU.",
        "sources": "NUFORC — stockbridge, ga|nuforc.org"
      }
    },
    {
      "type": "Feature",
      "geometry": {
        "type": "Point",
        "coordinates": [
          -104.9841667,
          39.7391667
        ]
      },
      "properties": {
        "id": "GEF2E532E",
        "type": "ufo",
        "date": "2007-10-10",
        "recent": false,
        "isNew": false,
        "title": "Avistamiento NUFORC: Changing en denver, co",
        "description": "Huge lighted cluster in the eastern sky.  ((NUFORC Note:  Sighting of Venus.  PD))",
        "witnesses": 1,
        "credibility": "MEDIA (reporte civil NUFORC)",
        "country": "EE.UU.",
        "sources": "NUFORC — denver, co|nuforc.org"
      }
    },
    {
      "type": "Feature",
      "geometry": {
        "type": "Point",
        "coordinates": [
          -81.6558333,
          30.3319444
        ]
      },
      "properties": {
        "id": "G5DFDBB50",
        "type": "ufo",
        "date": "2007-10-10",
        "recent": false,
        "isNew": false,
        "title": "Avistamiento NUFORC: Sphere en jacksonville, fl",
        "description": "half mile from de saint Jhons River&#44 low flying sphere&#44   at slow speed without noise",
        "witnesses": 1,
        "credibility": "MEDIA (reporte civil NUFORC)",
        "country": "EE.UU.",
        "sources": "NUFORC — jacksonville, fl|nuforc.org"
      }
    },
    {
      "type": "Feature",
      "geometry": {
        "type": "Point",
        "coordinates": [
          -116.2147222,
          33.7205556
        ]
      },
      "properties": {
        "id": "GE71A03B1",
        "type": "ufo",
        "date": "2007-10-10",
        "recent": false,
        "isNew": false,
        "title": "Avistamiento NUFORC: Oval en indio, ca",
        "description": "Observed 2 white clouds of identical shape in clear blue shy with object becoming visible beneath one cloud.",
        "witnesses": 1,
        "credibility": "MEDIA (reporte civil NUFORC)",
        "country": "EE.UU.",
        "sources": "NUFORC — indio, ca|nuforc.org"
      }
    },
    {
      "type": "Feature",
      "geometry": {
        "type": "Point",
        "coordinates": [
          -76.2625,
          42.1033333
        ]
      },
      "properties": {
        "id": "G14F30C02",
        "type": "ufo",
        "date": "2007-10-10",
        "recent": false,
        "isNew": false,
        "title": "Avistamiento NUFORC: Triangle en owego, ny",
        "description": "triangle with 3 llights blinking. 500 Lights On Object0: Yes",
        "witnesses": 1,
        "credibility": "MEDIA (reporte civil NUFORC)",
        "country": "EE.UU.",
        "sources": "NUFORC — owego, ny|nuforc.org"
      }
    },
    {
      "type": "Feature",
      "geometry": {
        "type": "Point",
        "coordinates": [
          -75.7036111,
          40.0063889
        ]
      },
      "properties": {
        "id": "G0FF2B000",
        "type": "lights_sky",
        "date": "2007-10-10",
        "recent": false,
        "isNew": false,
        "title": "Avistamiento NUFORC: Circle en downingtown, pa",
        "description": "Star-like (but MUCH BRIGHTER AND LARGER) light west of D-town&#44 PA.  Seen against sunset.  ((NUFORC Note:  Contrail??  PD))",
        "witnesses": 1,
        "credibility": "MEDIA (reporte civil NUFORC)",
        "country": "EE.UU.",
        "sources": "NUFORC — downingtown, pa|nuforc.org"
      }
    },
    {
      "type": "Feature",
      "geometry": {
        "type": "Point",
        "coordinates": [
          -97.7427778,
          30.2669444
        ]
      },
      "properties": {
        "id": "GDD68D90D",
        "type": "lights_sky",
        "date": "2007-10-10",
        "recent": false,
        "isNew": false,
        "title": "Avistamiento NUFORC: Flash en austin, tx",
        "description": "pulsing flash recurring at 2 second intervals 3 times along the same trajectory along 90 degrees of sky",
        "witnesses": 1,
        "credibility": "MEDIA (reporte civil NUFORC)",
        "country": "EE.UU.",
        "sources": "NUFORC — austin, tx|nuforc.org"
      }
    },
    {
      "type": "Feature",
      "geometry": {
        "type": "Point",
        "coordinates": [
          -80.03643,
          26.705621
        ]
      },
      "properties": {
        "id": "G6FE5649E",
        "type": "lights_sky",
        "date": "2007-10-10",
        "recent": false,
        "isNew": false,
        "title": "Avistamiento NUFORC: Fireball en west palm beach florida, fl",
        "description": "Burning ball across the sky over central/south florida. Strobing effect towards end of the final view of object.",
        "witnesses": 1,
        "credibility": "MEDIA (reporte civil NUFORC)",
        "country": "",
        "sources": "NUFORC — west palm beach florida, fl|nuforc.org"
      }
    },
    {
      "type": "Feature",
      "geometry": {
        "type": "Point",
        "coordinates": [
          -80.3975,
          27.6383333
        ]
      },
      "properties": {
        "id": "GE6CB63CD",
        "type": "ufo",
        "date": "2007-10-10",
        "recent": false,
        "isNew": false,
        "title": "Avistamiento NUFORC: Unknown en vero beach, fl",
        "description": "Shooting star without red globe burn-out or descent maintains steady Southerly trajectory.  ((NUFORC Note:  Missile launch??  PD))",
        "witnesses": 1,
        "credibility": "MEDIA (reporte civil NUFORC)",
        "country": "EE.UU.",
        "sources": "NUFORC — vero beach, fl|nuforc.org"
      }
    },
    {
      "type": "Feature",
      "geometry": {
        "type": "Point",
        "coordinates": [
          -80.23,
          27.2541667
        ]
      },
      "properties": {
        "id": "G2FF53F4B",
        "type": "ufo",
        "date": "2007-10-10",
        "recent": false,
        "isNew": false,
        "title": "Avistamiento NUFORC: Oval en jensen beach, fl",
        "description": "A oval shaped object hovered and shot through the sky with very bright lights and then vanished. 500 Lights On Object0: Yes",
        "witnesses": 1,
        "credibility": "MEDIA (reporte civil NUFORC)",
        "country": "EE.UU.",
        "sources": "NUFORC — jensen beach, fl|nuforc.org"
      }
    },
    {
      "type": "Feature",
      "geometry": {
        "type": "Point",
        "coordinates": [
          -95.3630556,
          29.7630556
        ]
      },
      "properties": {
        "id": "GC28D3372",
        "type": "lights_sky",
        "date": "2007-10-10",
        "recent": false,
        "isNew": false,
        "title": "Avistamiento NUFORC: Formation en houston, tx",
        "description": "Large Boomerang formation of lights over Houston&#44 Beltway 8 &amp; Westheimer moving north to south 10/10/07&#44 9:43 PM.",
        "witnesses": 1,
        "credibility": "MEDIA (reporte civil NUFORC)",
        "country": "EE.UU.",
        "sources": "NUFORC — houston, tx|nuforc.org"
      }
    },
    {
      "type": "Feature",
      "geometry": {
        "type": "Point",
        "coordinates": [
          -92.1063889,
          46.7833333
        ]
      },
      "properties": {
        "id": "G43BED1C5",
        "type": "lights_sky",
        "date": "2007-10-10",
        "recent": false,
        "isNew": false,
        "title": "Avistamiento NUFORC: Light en duluth, mn",
        "description": "Bright pulsating light over lake superior.",
        "witnesses": 1,
        "credibility": "MEDIA (reporte civil NUFORC)",
        "country": "EE.UU.",
        "sources": "NUFORC — duluth, mn|nuforc.org"
      }
    },
    {
      "type": "Feature",
      "geometry": {
        "type": "Point",
        "coordinates": [
          -102.8388889,
          40.68
        ]
      },
      "properties": {
        "id": "G07054233",
        "type": "ufo",
        "date": "2007-10-10",
        "recent": false,
        "isNew": false,
        "title": "Avistamiento NUFORC: Circle en fleming, co",
        "description": "UFO SPOTTED&#44 FLEMING COLORADO",
        "witnesses": 1,
        "credibility": "MEDIA (reporte civil NUFORC)",
        "country": "EE.UU.",
        "sources": "NUFORC — fleming, co|nuforc.org"
      }
    },
    {
      "type": "Feature",
      "geometry": {
        "type": "Point",
        "coordinates": [
          -80.0888889,
          41.1577778
        ]
      },
      "properties": {
        "id": "GFA1A1ED9",
        "type": "ufo",
        "date": "2007-10-10",
        "recent": false,
        "isNew": false,
        "title": "Avistamiento NUFORC: Unknown en grove city, pa",
        "description": "Light pattern moving silently through rapid maneuvers over Grove City",
        "witnesses": 1,
        "credibility": "MEDIA (reporte civil NUFORC)",
        "country": "EE.UU.",
        "sources": "NUFORC — grove city, pa|nuforc.org"
      }
    },
    {
      "type": "Feature",
      "geometry": {
        "type": "Point",
        "coordinates": [
          -96.5769444,
          33.4213889
        ]
      },
      "properties": {
        "id": "GC3B2AA9F",
        "type": "other",
        "date": "2007-10-10",
        "recent": false,
        "isNew": false,
        "title": "Avistamiento NUFORC: Other en van alstyne, tx",
        "description": "large mass of tiny lights all clustered together in the shape of a large boomerang over eastern sky in north Texas.",
        "witnesses": 1,
        "credibility": "MEDIA (reporte civil NUFORC)",
        "country": "EE.UU.",
        "sources": "NUFORC — van alstyne, tx|nuforc.org"
      }
    },
    {
      "type": "Feature",
      "geometry": {
        "type": "Point",
        "coordinates": [
          -104.9866667,
          39.8855556
        ]
      },
      "properties": {
        "id": "GCA179D77",
        "type": "ufo",
        "date": "2007-10-10",
        "recent": false,
        "isNew": false,
        "title": "Avistamiento NUFORC: Triangle en northglenn, co",
        "description": "Hovering triangular shape seen with flashing lights seen in Colorado",
        "witnesses": 1,
        "credibility": "MEDIA (reporte civil NUFORC)",
        "country": "EE.UU.",
        "sources": "NUFORC — northglenn, co|nuforc.org"
      }
    },
    {
      "type": "Feature",
      "geometry": {
        "type": "Point",
        "coordinates": [
          5.282347,
          59.900209
        ]
      },
      "properties": {
        "id": "GB3202EAA",
        "type": "lights_sky",
        "date": "2007-10-10",
        "recent": false,
        "isNew": false,
        "title": "Avistamiento NUFORC: Light en stord (norway)",
        "description": "Thise could be an ETV case&#44 but it could also be helicopters or/and airplanes",
        "witnesses": 1,
        "credibility": "MEDIA (reporte civil NUFORC)",
        "country": "",
        "sources": "NUFORC — stord (norway)|nuforc.org"
      }
    },
    {
      "type": "Feature",
      "geometry": {
        "type": "Point",
        "coordinates": [
          -81.25,
          42.983333
        ]
      },
      "properties": {
        "id": "G217321FF",
        "type": "other",
        "date": "2008-10-10",
        "recent": false,
        "isNew": false,
        "title": "Avistamiento NUFORC: Other en london (canada), on",
        "description": "C shape with a T front over London ont on Oct 10&#44 2008 on a clear day around 2PM",
        "witnesses": 1,
        "credibility": "MEDIA (reporte civil NUFORC)",
        "country": "Canadá",
        "sources": "NUFORC — london (canada), on|nuforc.org"
      }
    },
    {
      "type": "Feature",
      "geometry": {
        "type": "Point",
        "coordinates": [
          -92.98,
          45.5113889
        ]
      },
      "properties": {
        "id": "G8742C6A2",
        "type": "lights_sky",
        "date": "2008-10-10",
        "recent": false,
        "isNew": false,
        "title": "Avistamiento NUFORC: Light en north branch, mn",
        "description": "Lights at night&#44 shining into car and garage and around blinds",
        "witnesses": 1,
        "credibility": "MEDIA (reporte civil NUFORC)",
        "country": "EE.UU.",
        "sources": "NUFORC — north branch, mn|nuforc.org"
      }
    },
    {
      "type": "Feature",
      "geometry": {
        "type": "Point",
        "coordinates": [
          -73.865,
          42.6291667
        ]
      },
      "properties": {
        "id": "GE094F2AD",
        "type": "ufo",
        "date": "2008-10-10",
        "recent": false,
        "isNew": false,
        "title": "Avistamiento NUFORC: Circle en slingerlands, ny",
        "description": "Huge&#44 moon size&#44 orange&#44 bright&#44 almost complete circle",
        "witnesses": 1,
        "credibility": "MEDIA (reporte civil NUFORC)",
        "country": "EE.UU.",
        "sources": "NUFORC — slingerlands, ny|nuforc.org"
      }
    },
    {
      "type": "Feature",
      "geometry": {
        "type": "Point",
        "coordinates": [
          -116.1030556,
          40.7138889
        ]
      },
      "properties": {
        "id": "G0EE4238C",
        "type": "ufo",
        "date": "2008-10-10",
        "recent": false,
        "isNew": false,
        "title": "Avistamiento NUFORC: Disk en carlin, nv",
        "description": "Ufo sighting in Carlin&#44 NV&#44 at the pilot truck stop. 500 Lights On Object0: Yes",
        "witnesses": 1,
        "credibility": "MEDIA (reporte civil NUFORC)",
        "country": "EE.UU.",
        "sources": "NUFORC — carlin, nv|nuforc.org"
      }
    },
    {
      "type": "Feature",
      "geometry": {
        "type": "Point",
        "coordinates": [
          -87.5558333,
          37.9747222
        ]
      },
      "properties": {
        "id": "G8793393E",
        "type": "lights_sky",
        "date": "2008-10-10",
        "recent": false,
        "isNew": false,
        "title": "Avistamiento NUFORC: Formation en evansville, in",
        "description": "I saw a huge V-shaped object moving slowly and silently over the roof tops in my neighborhood.",
        "witnesses": 1,
        "credibility": "MEDIA (reporte civil NUFORC)",
        "country": "EE.UU.",
        "sources": "NUFORC — evansville, in|nuforc.org"
      }
    },
    {
      "type": "Feature",
      "geometry": {
        "type": "Point",
        "coordinates": [
          -121.9875,
          37.5483333
        ]
      },
      "properties": {
        "id": "G57E9D568",
        "type": "ufo",
        "date": "2008-10-10",
        "recent": false,
        "isNew": false,
        "title": "Avistamiento NUFORC: Triangle en fremont, ca",
        "description": "I saw a brightly lightes v shaped ufo while driving through fremont&#44ca.",
        "witnesses": 1,
        "credibility": "MEDIA (reporte civil NUFORC)",
        "country": "EE.UU.",
        "sources": "NUFORC — fremont, ca|nuforc.org"
      }
    },
    {
      "type": "Feature",
      "geometry": {
        "type": "Point",
        "coordinates": [
          -114.6236111,
          32.7252778
        ]
      },
      "properties": {
        "id": "GA71DF8BB",
        "type": "ufo",
        "date": "2008-10-10",
        "recent": false,
        "isNew": false,
        "title": "Avistamiento NUFORC: Triangle en yuma, az",
        "description": "Carousel in the sky on fire / pixalated triangle over Yuma&#44 AZ",
        "witnesses": 1,
        "credibility": "MEDIA (reporte civil NUFORC)",
        "country": "EE.UU.",
        "sources": "NUFORC — yuma, az|nuforc.org"
      }
    },
    {
      "type": "Feature",
      "geometry": {
        "type": "Point",
        "coordinates": [
          -86.25,
          41.6833333
        ]
      },
      "properties": {
        "id": "GB51854EA",
        "type": "lights_sky",
        "date": "2008-10-10",
        "recent": false,
        "isNew": false,
        "title": "Avistamiento NUFORC: Light en south bend, in",
        "description": "Glowing succession of flying objects on the horizon.",
        "witnesses": 1,
        "credibility": "MEDIA (reporte civil NUFORC)",
        "country": "EE.UU.",
        "sources": "NUFORC — south bend, in|nuforc.org"
      }
    },
    {
      "type": "Feature",
      "geometry": {
        "type": "Point",
        "coordinates": [
          -91.3038889,
          43.8280556
        ]
      },
      "properties": {
        "id": "GC76020A3",
        "type": "lights_sky",
        "date": "2008-10-10",
        "recent": false,
        "isNew": false,
        "title": "Avistamiento NUFORC: Formation en la crescent, mn",
        "description": "six strange lights in the sky over La Crescent MN",
        "witnesses": 1,
        "credibility": "MEDIA (reporte civil NUFORC)",
        "country": "EE.UU.",
        "sources": "NUFORC — la crescent, mn|nuforc.org"
      }
    },
    {
      "type": "Feature",
      "geometry": {
        "type": "Point",
        "coordinates": [
          -80.221348,
          40.516977
        ]
      },
      "properties": {
        "id": "G188D38F3",
        "type": "ufo",
        "date": "2008-10-10",
        "recent": false,
        "isNew": false,
        "title": "Avistamiento NUFORC: Unknown en moon township, pa",
        "description": "unknown rectangular shaped aircraft with bright lights seen over Rt. 60 near Pittsburgh International Airport&#44 definitely NOT a plane",
        "witnesses": 1,
        "credibility": "MEDIA (reporte civil NUFORC)",
        "country": "",
        "sources": "NUFORC — moon township, pa|nuforc.org"
      }
    },
    {
      "type": "Feature",
      "geometry": {
        "type": "Point",
        "coordinates": [
          -75.1641667,
          39.9522222
        ]
      },
      "properties": {
        "id": "G9C0E8EC5",
        "type": "ufo",
        "date": "2008-10-10",
        "recent": false,
        "isNew": false,
        "title": "Avistamiento NUFORC: Oval en philadelphia, pa",
        "description": "Silent&#44 oval&#44 bright white craft in yard.",
        "witnesses": 1,
        "credibility": "MEDIA (reporte civil NUFORC)",
        "country": "EE.UU.",
        "sources": "NUFORC — philadelphia, pa|nuforc.org"
      }
    },
    {
      "type": "Feature",
      "geometry": {
        "type": "Point",
        "coordinates": [
          -122.3308333,
          47.6063889
        ]
      },
      "properties": {
        "id": "GDF45CE6A",
        "type": "lights_sky",
        "date": "2008-10-10",
        "recent": false,
        "isNew": false,
        "title": "Avistamiento NUFORC: Light en seattle, wa",
        "description": "Around 8:00 pm? I Went out side and looked up at the stars and I saw a light which I thought was a small faded star  until it started t",
        "witnesses": 1,
        "credibility": "MEDIA (reporte civil NUFORC)",
        "country": "EE.UU.",
        "sources": "NUFORC — seattle, wa|nuforc.org"
      }
    },
    {
      "type": "Feature",
      "geometry": {
        "type": "Point",
        "coordinates": [
          -104.6086111,
          38.2544444
        ]
      },
      "properties": {
        "id": "GD296C303",
        "type": "lights_sky",
        "date": "2008-10-10",
        "recent": false,
        "isNew": false,
        "title": "Avistamiento NUFORC: Light en pueblo, co",
        "description": "In the northwest sky&#44 there were about seven lights moving slowly and flashing in and out if an extremely strange fashion.",
        "witnesses": 1,
        "credibility": "MEDIA (reporte civil NUFORC)",
        "country": "EE.UU.",
        "sources": "NUFORC — pueblo, co|nuforc.org"
      }
    },
    {
      "type": "Feature",
      "geometry": {
        "type": "Point",
        "coordinates": [
          -84.4569444,
          39.1619444
        ]
      },
      "properties": {
        "id": "G5A044FC4",
        "type": "ufo",
        "date": "2008-10-10",
        "recent": false,
        "isNew": false,
        "title": "Avistamiento NUFORC: Oval en cincinnati, oh",
        "description": "12 ovel objects flying east to west orange and red at a slow speed then vanished",
        "witnesses": 1,
        "credibility": "MEDIA (reporte civil NUFORC)",
        "country": "EE.UU.",
        "sources": "NUFORC — cincinnati, oh|nuforc.org"
      }
    },
    {
      "type": "Feature",
      "geometry": {
        "type": "Point",
        "coordinates": [
          -117.1563889,
          32.7152778
        ]
      },
      "properties": {
        "id": "G32901526",
        "type": "ufo",
        "date": "2008-10-10",
        "recent": false,
        "isNew": false,
        "title": "Avistamiento NUFORC: Disk en san diego, ca",
        "description": "low flying saucer in suburban area.  ((NUFORC Note:  Student report.  PD))",
        "witnesses": 1,
        "credibility": "MEDIA (reporte civil NUFORC)",
        "country": "EE.UU.",
        "sources": "NUFORC — san diego, ca|nuforc.org"
      }
    },
    {
      "type": "Feature",
      "geometry": {
        "type": "Point",
        "coordinates": [
          -89.4011111,
          43.0730556
        ]
      },
      "properties": {
        "id": "G0B422016",
        "type": "ufo",
        "date": "2008-10-10",
        "recent": false,
        "isNew": false,
        "title": "Avistamiento NUFORC: Circle en madison, wi",
        "description": "Tanslucent orange/yellow UFO in Madison WI",
        "witnesses": 1,
        "credibility": "MEDIA (reporte civil NUFORC)",
        "country": "EE.UU.",
        "sources": "NUFORC — madison, wi|nuforc.org"
      }
    },
    {
      "type": "Feature",
      "geometry": {
        "type": "Point",
        "coordinates": [
          -84.6283333,
          40.4797222
        ]
      },
      "properties": {
        "id": "GACC70CAD",
        "type": "ufo",
        "date": "2008-10-10",
        "recent": false,
        "isNew": false,
        "title": "Avistamiento NUFORC: Sphere en coldwater, oh",
        "description": "spherical in shape&#44 orange flames coming from the bottom&#44 completely silent&#44 moved fast and also hovered.",
        "witnesses": 1,
        "credibility": "MEDIA (reporte civil NUFORC)",
        "country": "EE.UU.",
        "sources": "NUFORC — coldwater, oh|nuforc.org"
      }
    },
    {
      "type": "Feature",
      "geometry": {
        "type": "Point",
        "coordinates": [
          -106.9872222,
          38.8697222
        ]
      },
      "properties": {
        "id": "G6191E2A0",
        "type": "ufo",
        "date": "2009-10-10",
        "recent": false,
        "isNew": false,
        "title": "Avistamiento NUFORC: Egg en crested butte, co",
        "description": "metallic egg shaped craft above crested butte&#44 CO.  Also have seen great amount of activity READ ME&#33",
        "witnesses": 1,
        "credibility": "MEDIA (reporte civil NUFORC)",
        "country": "EE.UU.",
        "sources": "NUFORC — crested butte, co|nuforc.org"
      }
    },
    {
      "type": "Feature",
      "geometry": {
        "type": "Point",
        "coordinates": [
          -95.9925,
          36.1538889
        ]
      },
      "properties": {
        "id": "G61502AE4",
        "type": "ufo",
        "date": "2009-10-10",
        "recent": false,
        "isNew": false,
        "title": "Avistamiento NUFORC: Unknown en tulsa, ok",
        "description": "In&#39t see nothing in the park",
        "witnesses": 1,
        "credibility": "MEDIA (reporte civil NUFORC)",
        "country": "EE.UU.",
        "sources": "NUFORC — tulsa, ok|nuforc.org"
      }
    },
    {
      "type": "Feature",
      "geometry": {
        "type": "Point",
        "coordinates": [
          -109.2908333,
          34.1111111
        ]
      },
      "properties": {
        "id": "G1C76693D",
        "type": "ufo",
        "date": "2009-10-10",
        "recent": false,
        "isNew": false,
        "title": "Avistamiento NUFORC: Unknown en eagar, az",
        "description": "Second sighting was only 150 feet away.  Observations between two sightings.",
        "witnesses": 1,
        "credibility": "MEDIA (reporte civil NUFORC)",
        "country": "EE.UU.",
        "sources": "NUFORC — eagar, az|nuforc.org"
      }
    },
    {
      "type": "Feature",
      "geometry": {
        "type": "Point",
        "coordinates": [
          -76.5838889,
          36.7280556
        ]
      },
      "properties": {
        "id": "G10AA8F59",
        "type": "ufo",
        "date": "2009-10-10",
        "recent": false,
        "isNew": false,
        "title": "Avistamiento NUFORC: Unknown en suffolk, va",
        "description": "It looked sort of lime green.  It appeared to have an odd texture.  It had a dimples on its surface.  It was not smooth at all.  It jus",
        "witnesses": 1,
        "credibility": "MEDIA (reporte civil NUFORC)",
        "country": "EE.UU.",
        "sources": "NUFORC — suffolk, va|nuforc.org"
      }
    },
    {
      "type": "Feature",
      "geometry": {
        "type": "Point",
        "coordinates": [
          -117.9136111,
          33.8352778
        ]
      },
      "properties": {
        "id": "GEFFCCF2C",
        "type": "lights_sky",
        "date": "2009-10-10",
        "recent": false,
        "isNew": false,
        "title": "Avistamiento NUFORC: Light en anaheim, ca",
        "description": "UFO over Disneyland.",
        "witnesses": 1,
        "credibility": "MEDIA (reporte civil NUFORC)",
        "country": "EE.UU.",
        "sources": "NUFORC — anaheim, ca|nuforc.org"
      }
    },
    {
      "type": "Feature",
      "geometry": {
        "type": "Point",
        "coordinates": [
          -77.945,
          34.2255556
        ]
      },
      "properties": {
        "id": "G621A104B",
        "type": "lights_sky",
        "date": "2009-10-10",
        "recent": false,
        "isNew": false,
        "title": "Avistamiento NUFORC: Light en wilmington, nc",
        "description": "Two lights seen with a lighting of something strobe like near the ground.",
        "witnesses": 1,
        "credibility": "MEDIA (reporte civil NUFORC)",
        "country": "EE.UU.",
        "sources": "NUFORC — wilmington, nc|nuforc.org"
      }
    },
    {
      "type": "Feature",
      "geometry": {
        "type": "Point",
        "coordinates": [
          -77.5638889,
          39.1155556
        ]
      },
      "properties": {
        "id": "G2C409F38",
        "type": "ufo",
        "date": "2009-10-10",
        "recent": false,
        "isNew": false,
        "title": "Avistamiento NUFORC: Disk en leesburg, va",
        "description": "Two large glowing amber/dark orangish colored circular disks-not a sound-",
        "witnesses": 1,
        "credibility": "MEDIA (reporte civil NUFORC)",
        "country": "EE.UU.",
        "sources": "NUFORC — leesburg, va|nuforc.org"
      }
    },
    {
      "type": "Feature",
      "geometry": {
        "type": "Point",
        "coordinates": [
          -86.895,
          41.7075
        ]
      },
      "properties": {
        "id": "G7B06D05D",
        "type": "ufo",
        "date": "2009-10-10",
        "recent": false,
        "isNew": false,
        "title": "Avistamiento NUFORC: Changing en michigan city, in",
        "description": "black object that seemed to impode into a sphere and vanish&#44 only to reappear in the same shape and move location",
        "witnesses": 1,
        "credibility": "MEDIA (reporte civil NUFORC)",
        "country": "EE.UU.",
        "sources": "NUFORC — michigan city, in|nuforc.org"
      }
    },
    {
      "type": "Feature",
      "geometry": {
        "type": "Point",
        "coordinates": [
          -122.0311111,
          37.3230556
        ]
      },
      "properties": {
        "id": "G8E240E59",
        "type": "lights_sky",
        "date": "2009-10-10",
        "recent": false,
        "isNew": false,
        "title": "Avistamiento NUFORC: Light en cupertino, ca",
        "description": "Bright red light object made random moves horizontally and floated for a while and then went up vertically.",
        "witnesses": 1,
        "credibility": "MEDIA (reporte civil NUFORC)",
        "country": "EE.UU.",
        "sources": "NUFORC — cupertino, ca|nuforc.org"
      }
    },
    {
      "type": "Feature",
      "geometry": {
        "type": "Point",
        "coordinates": [
          -78.7441667,
          42.7675
        ]
      },
      "properties": {
        "id": "GDBCFD7FD",
        "type": "lights_sky",
        "date": "2010-10-10",
        "recent": false,
        "isNew": false,
        "title": "Avistamiento NUFORC: Light en orchard park, ny",
        "description": "Xmas colored rotating lights.  ((NUFORC Note:  Twinkling stars??  PD))",
        "witnesses": 1,
        "credibility": "MEDIA (reporte civil NUFORC)",
        "country": "EE.UU.",
        "sources": "NUFORC — orchard park, ny|nuforc.org"
      }
    },
    {
      "type": "Feature",
      "geometry": {
        "type": "Point",
        "coordinates": [
          -76.8847222,
          40.2736111
        ]
      },
      "properties": {
        "id": "GDCD6D032",
        "type": "ufo",
        "date": "2010-10-10",
        "recent": false,
        "isNew": false,
        "title": "Avistamiento NUFORC: Circle en harrisburg, pa",
        "description": "possible UFO sighting",
        "witnesses": 1,
        "credibility": "MEDIA (reporte civil NUFORC)",
        "country": "EE.UU.",
        "sources": "NUFORC — harrisburg, pa|nuforc.org"
      }
    },
    {
      "type": "Feature",
      "geometry": {
        "type": "Point",
        "coordinates": [
          -81.5269444,
          41.5930556
        ]
      },
      "properties": {
        "id": "G2B5258B2",
        "type": "ufo",
        "date": "2010-10-10",
        "recent": false,
        "isNew": false,
        "title": "Avistamiento NUFORC: Circle en euclid, oh",
        "description": "2 objects blinking red and white&#44 disappeared into the sky&#44 after hovering around sky for 3 minutes.( over lake erie",
        "witnesses": 1,
        "credibility": "MEDIA (reporte civil NUFORC)",
        "country": "EE.UU.",
        "sources": "NUFORC — euclid, oh|nuforc.org"
      }
    },
    {
      "type": "Feature",
      "geometry": {
        "type": "Point",
        "coordinates": [
          -82.6958333,
          34.3769444
        ]
      },
      "properties": {
        "id": "G0AE19B6C",
        "type": "lights_sky",
        "date": "2010-10-10",
        "recent": false,
        "isNew": false,
        "title": "Avistamiento NUFORC: Formation en starr, sc",
        "description": "Strange orange lights in the night sky",
        "witnesses": 1,
        "credibility": "MEDIA (reporte civil NUFORC)",
        "country": "EE.UU.",
        "sources": "NUFORC — starr, sc|nuforc.org"
      }
    },
    {
      "type": "Feature",
      "geometry": {
        "type": "Point",
        "coordinates": [
          -73.6288889,
          41.0263889
        ]
      },
      "properties": {
        "id": "G5E95BF81",
        "type": "lights_sky",
        "date": "2010-10-10",
        "recent": false,
        "isNew": false,
        "title": "Avistamiento NUFORC: Light en greenwich, ct",
        "description": "&quot;Star&quot; like objects during clear day light in formation.",
        "witnesses": 1,
        "credibility": "MEDIA (reporte civil NUFORC)",
        "country": "EE.UU.",
        "sources": "NUFORC — greenwich, ct|nuforc.org"
      }
    },
    {
      "type": "Feature",
      "geometry": {
        "type": "Point",
        "coordinates": [
          -79.975,
          32.8544444
        ]
      },
      "properties": {
        "id": "GC45DA205",
        "type": "lights_sky",
        "date": "2010-10-10",
        "recent": false,
        "isNew": false,
        "title": "Avistamiento NUFORC: Light en north charleston, sc",
        "description": "Object(s) visible 3 times at same place in the sky at during day in Chas&#44 SC",
        "witnesses": 1,
        "credibility": "MEDIA (reporte civil NUFORC)",
        "country": "EE.UU.",
        "sources": "NUFORC — north charleston, sc|nuforc.org"
      }
    },
    {
      "type": "Feature",
      "geometry": {
        "type": "Point",
        "coordinates": [
          -122.389979,
          37.615223
        ]
      },
      "properties": {
        "id": "GAED1D1BE",
        "type": "ufo",
        "date": "2010-10-10",
        "recent": false,
        "isNew": false,
        "title": "Avistamiento NUFORC: Triangle en san francisco airport, ca",
        "description": "White or light grey colored and leaving red/orange contrails on a bright blue sky.",
        "witnesses": 1,
        "credibility": "MEDIA (reporte civil NUFORC)",
        "country": "",
        "sources": "NUFORC — san francisco airport, ca|nuforc.org"
      }
    },
    {
      "type": "Feature",
      "geometry": {
        "type": "Point",
        "coordinates": [
          -77.1875,
          38.7891667
        ]
      },
      "properties": {
        "id": "G070AB413",
        "type": "ufo",
        "date": "2010-10-10",
        "recent": false,
        "isNew": false,
        "title": "Avistamiento NUFORC: Cigar en springfield, va",
        "description": "Metalic cigar shaped object sighted during lull in a storm in Springfield&#44 VA",
        "witnesses": 1,
        "credibility": "MEDIA (reporte civil NUFORC)",
        "country": "EE.UU.",
        "sources": "NUFORC — springfield, va|nuforc.org"
      }
    },
    {
      "type": "Feature",
      "geometry": {
        "type": "Point",
        "coordinates": [
          -73.2052778,
          41.1669444
        ]
      },
      "properties": {
        "id": "G39E56A7C",
        "type": "lights_sky",
        "date": "2010-10-10",
        "recent": false,
        "isNew": false,
        "title": "Avistamiento NUFORC: Light en bridgeport, ct",
        "description": "Saw a light in the sky fading in and out over Bridgeport&#44 CT.",
        "witnesses": 1,
        "credibility": "MEDIA (reporte civil NUFORC)",
        "country": "EE.UU.",
        "sources": "NUFORC — bridgeport, ct|nuforc.org"
      }
    },
    {
      "type": "Feature",
      "geometry": {
        "type": "Point",
        "coordinates": [
          -122.5691667,
          45.4077778
        ]
      },
      "properties": {
        "id": "GB15A660F",
        "type": "ufo",
        "date": "2010-10-10",
        "recent": false,
        "isNew": false,
        "title": "Avistamiento NUFORC: Triangle en clackamas, or",
        "description": "triangular ufo sighting in oregon 10-10-10",
        "witnesses": 1,
        "credibility": "MEDIA (reporte civil NUFORC)",
        "country": "EE.UU.",
        "sources": "NUFORC — clackamas, or|nuforc.org"
      }
    },
    {
      "type": "Feature",
      "geometry": {
        "type": "Point",
        "coordinates": [
          -100.4366667,
          31.4636111
        ]
      },
      "properties": {
        "id": "G3757FE1C",
        "type": "ufo",
        "date": "2010-10-10",
        "recent": false,
        "isNew": false,
        "title": "Avistamiento NUFORC: Oval en san angelo, tx",
        "description": "I was coming back from the grocery store around 8:30 pm when I noticed a large orange glowing object in the sky above my neighbors hous",
        "witnesses": 1,
        "credibility": "MEDIA (reporte civil NUFORC)",
        "country": "EE.UU.",
        "sources": "NUFORC — san angelo, tx|nuforc.org"
      }
    },
    {
      "type": "Feature",
      "geometry": {
        "type": "Point",
        "coordinates": [
          -72.6441667,
          41.8525
        ]
      },
      "properties": {
        "id": "G7A9E8F05",
        "type": "lights_sky",
        "date": "2010-10-10",
        "recent": false,
        "isNew": false,
        "title": "Avistamiento NUFORC: Fireball en windsor, ct",
        "description": "Bus sized fireball object over 91 about 3-400 ft up going about 150 mph at a downward 20 degree angle.",
        "witnesses": 1,
        "credibility": "MEDIA (reporte civil NUFORC)",
        "country": "EE.UU.",
        "sources": "NUFORC — windsor, ct|nuforc.org"
      }
    },
    {
      "type": "Feature",
      "geometry": {
        "type": "Point",
        "coordinates": [
          -89.6961111,
          41.7886111
        ]
      },
      "properties": {
        "id": "GBC5BC1DE",
        "type": "ufo",
        "date": "2010-10-10",
        "recent": false,
        "isNew": false,
        "title": "Avistamiento NUFORC: Cylinder en sterling, il",
        "description": "It had rows of white lights with red lights pulsating in between them",
        "witnesses": 1,
        "credibility": "MEDIA (reporte civil NUFORC)",
        "country": "EE.UU.",
        "sources": "NUFORC — sterling, il|nuforc.org"
      }
    },
    {
      "type": "Feature",
      "geometry": {
        "type": "Point",
        "coordinates": [
          -122.2008333,
          47.9791667
        ]
      },
      "properties": {
        "id": "G4704188F",
        "type": "other",
        "date": "2010-10-10",
        "recent": false,
        "isNew": false,
        "title": "Avistamiento NUFORC: Other en everett, wa",
        "description": "crown shaped object with two orange lights over everett wa",
        "witnesses": 1,
        "credibility": "MEDIA (reporte civil NUFORC)",
        "country": "EE.UU.",
        "sources": "NUFORC — everett, wa|nuforc.org"
      }
    },
    {
      "type": "Feature",
      "geometry": {
        "type": "Point",
        "coordinates": [
          -110.6197222,
          35.8752778
        ]
      },
      "properties": {
        "id": "G43C91349",
        "type": "ufo",
        "date": "2010-10-10",
        "recent": false,
        "isNew": false,
        "title": "Avistamiento NUFORC: Disk en kykotsmovi, az",
        "description": "We saw  what seem to be a space craft in the eastern sky of northern AZ&#44 on 10-10-10.",
        "witnesses": 1,
        "credibility": "MEDIA (reporte civil NUFORC)",
        "country": "EE.UU.",
        "sources": "NUFORC — kykotsmovi, az|nuforc.org"
      }
    },
    {
      "type": "Feature",
      "geometry": {
        "type": "Point",
        "coordinates": [
          -73.7566667,
          42.6525
        ]
      },
      "properties": {
        "id": "GC6CAEC49",
        "type": "lights_sky",
        "date": "2010-10-10",
        "recent": false,
        "isNew": false,
        "title": "Avistamiento NUFORC: Circle en albany, ny",
        "description": "Circle of light SUNY Albany.",
        "witnesses": 1,
        "credibility": "MEDIA (reporte civil NUFORC)",
        "country": "EE.UU.",
        "sources": "NUFORC — albany, ny|nuforc.org"
      }
    },
    {
      "type": "Feature",
      "geometry": {
        "type": "Point",
        "coordinates": [
          -117.9405556,
          33.7738889
        ]
      },
      "properties": {
        "id": "G272E1A91",
        "type": "ufo",
        "date": "2010-10-10",
        "recent": false,
        "isNew": false,
        "title": "Avistamiento NUFORC: Egg en garden grove, ca",
        "description": "Blue Light in Garden Grove",
        "witnesses": 1,
        "credibility": "MEDIA (reporte civil NUFORC)",
        "country": "EE.UU.",
        "sources": "NUFORC — garden grove, ca|nuforc.org"
      }
    },
    {
      "type": "Feature",
      "geometry": {
        "type": "Point",
        "coordinates": [
          -80.1938889,
          25.7738889
        ]
      },
      "properties": {
        "id": "G70491A62",
        "type": "ufo",
        "date": "2010-10-10",
        "recent": false,
        "isNew": false,
        "title": "Avistamiento NUFORC: Changing en miami, fl",
        "description": "Bright lights hovering and going in and out of orchestrated formations",
        "witnesses": 1,
        "credibility": "MEDIA (reporte civil NUFORC)",
        "country": "EE.UU.",
        "sources": "NUFORC — miami, fl|nuforc.org"
      }
    },
    {
      "type": "Feature",
      "geometry": {
        "type": "Point",
        "coordinates": [
          -73.6922222,
          42.7283333
        ]
      },
      "properties": {
        "id": "G704A5D57",
        "type": "ufo",
        "date": "2011-10-10",
        "recent": false,
        "isNew": false,
        "title": "Avistamiento NUFORC: Triangle en troy, ny",
        "description": "Red&#44 green &amp; orange blinking triangle formation.  ((NUFORC Note:  Probable sighting of a twinkling star&#44 possibly Sirius.  PD))",
        "witnesses": 1,
        "credibility": "MEDIA (reporte civil NUFORC)",
        "country": "EE.UU.",
        "sources": "NUFORC — troy, ny|nuforc.org"
      }
    },
    {
      "type": "Feature",
      "geometry": {
        "type": "Point",
        "coordinates": [
          -108.2180556,
          36.7280556
        ]
      },
      "properties": {
        "id": "G5D6F8643",
        "type": "ufo",
        "date": "2011-10-10",
        "recent": false,
        "isNew": false,
        "title": "Avistamiento NUFORC: Circle en farmington, nm",
        "description": "Single reddish circle  in the sky that wasn&#39t jet nor satelitte",
        "witnesses": 1,
        "credibility": "MEDIA (reporte civil NUFORC)",
        "country": "EE.UU.",
        "sources": "NUFORC — farmington, nm|nuforc.org"
      }
    },
    {
      "type": "Feature",
      "geometry": {
        "type": "Point",
        "coordinates": [
          -112.315,
          34.61
        ]
      },
      "properties": {
        "id": "GEB14DA26",
        "type": "other",
        "date": "2011-10-10",
        "recent": false,
        "isNew": false,
        "title": "Avistamiento NUFORC: Other en prescott valley, az",
        "description": "Craft boomerang shape.2:00am duration hours.  ((NUFORC Note:  Probable sighting of a twinkling star&#44 possibly Sirius.  PD))",
        "witnesses": 1,
        "credibility": "MEDIA (reporte civil NUFORC)",
        "country": "EE.UU.",
        "sources": "NUFORC — prescott valley, az|nuforc.org"
      }
    },
    {
      "type": "Feature",
      "geometry": {
        "type": "Point",
        "coordinates": [
          -79.3758333,
          42.0963889
        ]
      },
      "properties": {
        "id": "G32D38D4D",
        "type": "ufo",
        "date": "2011-10-10",
        "recent": false,
        "isNew": false,
        "title": "Avistamiento NUFORC: Circle en ashville, ny",
        "description": "Amber object in night sky during full moon&#44 or the day before full moon",
        "witnesses": 1,
        "credibility": "MEDIA (reporte civil NUFORC)",
        "country": "EE.UU.",
        "sources": "NUFORC — ashville, ny|nuforc.org"
      }
    },
    {
      "type": "Feature",
      "geometry": {
        "type": "Point",
        "coordinates": [
          -0.266667,
          51.316667
        ]
      },
      "properties": {
        "id": "G6C42B661",
        "type": "ufo",
        "date": "2011-10-10",
        "recent": false,
        "isNew": false,
        "title": "Avistamiento NUFORC: Oval en epsom (surrey) (uk/england)",
        "description": "Flying beer barrel shaped metallic object",
        "witnesses": 1,
        "credibility": "MEDIA (reporte civil NUFORC)",
        "country": "Reino Unido",
        "sources": "NUFORC — epsom (surrey) (uk/england)|nuforc.org"
      }
    },
    {
      "type": "Feature",
      "geometry": {
        "type": "Point",
        "coordinates": [
          -71.4666667,
          41.55
        ]
      },
      "properties": {
        "id": "GFC9AAFE0",
        "type": "ufo",
        "date": "2011-10-10",
        "recent": false,
        "isNew": false,
        "title": "Avistamiento NUFORC: Oval en north kingstown, ri",
        "description": "Bright oval object in sky",
        "witnesses": 1,
        "credibility": "MEDIA (reporte civil NUFORC)",
        "country": "EE.UU.",
        "sources": "NUFORC — north kingstown, ri|nuforc.org"
      }
    },
    {
      "type": "Feature",
      "geometry": {
        "type": "Point",
        "coordinates": [
          -72.0788889,
          41.35
        ]
      },
      "properties": {
        "id": "GE7EAA73E",
        "type": "ufo",
        "date": "2011-10-10",
        "recent": false,
        "isNew": false,
        "title": "Avistamiento NUFORC: Disk en groton, ct",
        "description": "Small shiny object seen in sky while driving on clear day&#44 looked back for a 3rd time and it was gone.",
        "witnesses": 1,
        "credibility": "MEDIA (reporte civil NUFORC)",
        "country": "EE.UU.",
        "sources": "NUFORC — groton, ct|nuforc.org"
      }
    },
    {
      "type": "Feature",
      "geometry": {
        "type": "Point",
        "coordinates": [
          -71.014118,
          42.468164
        ]
      },
      "properties": {
        "id": "G2E15DFAC",
        "type": "lights_sky",
        "date": "2011-10-10",
        "recent": false,
        "isNew": false,
        "title": "Avistamiento NUFORC: Flash en peabody-saugus, ma",
        "description": "Flashing light in the sky as airplanes flew by.",
        "witnesses": 1,
        "credibility": "MEDIA (reporte civil NUFORC)",
        "country": "",
        "sources": "NUFORC — peabody-saugus, ma|nuforc.org"
      }
    },
    {
      "type": "Feature",
      "geometry": {
        "type": "Point",
        "coordinates": [
          -77.3736111,
          37.6086111
        ]
      },
      "properties": {
        "id": "G7224E70A",
        "type": "lights_sky",
        "date": "2011-10-10",
        "recent": false,
        "isNew": false,
        "title": "Avistamiento NUFORC: Light en mechanicsville, va",
        "description": "Three orange lights flying in unison",
        "witnesses": 1,
        "credibility": "MEDIA (reporte civil NUFORC)",
        "country": "EE.UU.",
        "sources": "NUFORC — mechanicsville, va|nuforc.org"
      }
    },
    {
      "type": "Feature",
      "geometry": {
        "type": "Point",
        "coordinates": [
          -86.488367,
          35.947474
        ]
      },
      "properties": {
        "id": "G61AC66B5",
        "type": "ufo",
        "date": "2011-10-10",
        "recent": false,
        "isNew": false,
        "title": "Avistamiento NUFORC:  en murfeesboro/smyrna, tn",
        "description": "Multi color oblect over Smyrna/Murfreesboro 10/10/11",
        "witnesses": 1,
        "credibility": "MEDIA (reporte civil NUFORC)",
        "country": "",
        "sources": "NUFORC — murfeesboro/smyrna, tn|nuforc.org"
      }
    },
    {
      "type": "Feature",
      "geometry": {
        "type": "Point",
        "coordinates": [
          -79.833333,
          43.25
        ]
      },
      "properties": {
        "id": "GA0E4C51B",
        "type": "lights_sky",
        "date": "2011-10-10",
        "recent": false,
        "isNew": false,
        "title": "Avistamiento NUFORC: Flash en hamilton (canada), on",
        "description": "Strange flash in the sky",
        "witnesses": 1,
        "credibility": "MEDIA (reporte civil NUFORC)",
        "country": "Canadá",
        "sources": "NUFORC — hamilton (canada), on|nuforc.org"
      }
    },
    {
      "type": "Feature",
      "geometry": {
        "type": "Point",
        "coordinates": [
          -72.6511111,
          41.5622222
        ]
      },
      "properties": {
        "id": "G2BD42FEB",
        "type": "lights_sky",
        "date": "2011-10-10",
        "recent": false,
        "isNew": false,
        "title": "Avistamiento NUFORC: Fireball en middletown, ct",
        "description": "Fireball Spinning Orange UFO",
        "witnesses": 1,
        "credibility": "MEDIA (reporte civil NUFORC)",
        "country": "EE.UU.",
        "sources": "NUFORC — middletown, ct|nuforc.org"
      }
    },
    {
      "type": "Feature",
      "geometry": {
        "type": "Point",
        "coordinates": [
          -81.7983333,
          41.4819444
        ]
      },
      "properties": {
        "id": "GEB64BD97",
        "type": "lights_sky",
        "date": "2011-10-10",
        "recent": false,
        "isNew": false,
        "title": "Avistamiento NUFORC: Fireball en lakewood, oh",
        "description": "Orange light flies overhead and turns black as it passed silently.",
        "witnesses": 1,
        "credibility": "MEDIA (reporte civil NUFORC)",
        "country": "EE.UU.",
        "sources": "NUFORC — lakewood, oh|nuforc.org"
      }
    },
    {
      "type": "Feature",
      "geometry": {
        "type": "Point",
        "coordinates": [
          -76.7280556,
          39.9625
        ]
      },
      "properties": {
        "id": "G5974EFA8",
        "type": "sound",
        "date": "2011-10-10",
        "recent": false,
        "isNew": false,
        "title": "Avistamiento NUFORC: Circle en york, pa",
        "description": "BRIGHT LIT ORB SPEEDS ACROSS S.CENTRAL PA. SKY&#44 MAKING NO SOUND&#44 THEN DISAPPEARS",
        "witnesses": 1,
        "credibility": "MEDIA (reporte civil NUFORC)",
        "country": "EE.UU.",
        "sources": "NUFORC — york, pa|nuforc.org"
      }
    },
    {
      "type": "Feature",
      "geometry": {
        "type": "Point",
        "coordinates": [
          -100.765,
          41.1238889
        ]
      },
      "properties": {
        "id": "G9CCF10CD",
        "type": "ufo",
        "date": "2011-10-10",
        "recent": false,
        "isNew": false,
        "title": "Avistamiento NUFORC: Circle en north platte, ne",
        "description": "Object over North Platte Nebraska",
        "witnesses": 1,
        "credibility": "MEDIA (reporte civil NUFORC)",
        "country": "EE.UU.",
        "sources": "NUFORC — north platte, ne|nuforc.org"
      }
    },
    {
      "type": "Feature",
      "geometry": {
        "type": "Point",
        "coordinates": [
          -84.0866667,
          39.5297222
        ]
      },
      "properties": {
        "id": "G8011940E",
        "type": "ufo",
        "date": "2011-10-10",
        "recent": false,
        "isNew": false,
        "title": "Avistamiento NUFORC: Triangle en waynesville, oh",
        "description": "Flying triangle by Waynesville&#44 Ohio",
        "witnesses": 1,
        "credibility": "MEDIA (reporte civil NUFORC)",
        "country": "EE.UU.",
        "sources": "NUFORC — waynesville, oh|nuforc.org"
      }
    },
    {
      "type": "Feature",
      "geometry": {
        "type": "Point",
        "coordinates": [
          -73.2052778,
          41.1669444
        ]
      },
      "properties": {
        "id": "GF9E59090",
        "type": "lights_sky",
        "date": "2012-10-10",
        "recent": false,
        "isNew": false,
        "title": "Avistamiento NUFORC: Circle en bridgeport, ct",
        "description": "A Bright light that is a UFO",
        "witnesses": 1,
        "credibility": "MEDIA (reporte civil NUFORC)",
        "country": "EE.UU.",
        "sources": "NUFORC — bridgeport, ct|nuforc.org"
      }
    },
    {
      "type": "Feature",
      "geometry": {
        "type": "Point",
        "coordinates": [
          -122.389979,
          37.615223
        ]
      },
      "properties": {
        "id": "G4DA6B671",
        "type": "ufo",
        "date": "2012-10-10",
        "recent": false,
        "isNew": false,
        "title": "Avistamiento NUFORC: Triangle en san francisco airport, ca",
        "description": "San Francisco International Airport         afternoon      about  5minutes       super clear conditions",
        "witnesses": 1,
        "credibility": "MEDIA (reporte civil NUFORC)",
        "country": "",
        "sources": "NUFORC — san francisco airport, ca|nuforc.org"
      }
    },
    {
      "type": "Feature",
      "geometry": {
        "type": "Point",
        "coordinates": [
          -117.1563889,
          32.7152778
        ]
      },
      "properties": {
        "id": "G32E7EFFB",
        "type": "ufo",
        "date": "2012-10-10",
        "recent": false,
        "isNew": false,
        "title": "Avistamiento NUFORC: Sphere en san diego, ca",
        "description": "Single white light or craft passed over and very close to a commercial jet.  ((NUFORC Note:  Possibly the ISS?  PD))",
        "witnesses": 1,
        "credibility": "MEDIA (reporte civil NUFORC)",
        "country": "EE.UU.",
        "sources": "NUFORC — san diego, ca|nuforc.org"
      }
    },
    {
      "type": "Feature",
      "geometry": {
        "type": "Point",
        "coordinates": [
          -83.0302778,
          42.5802778
        ]
      },
      "properties": {
        "id": "GA3A36067",
        "type": "ufo",
        "date": "2012-10-10",
        "recent": false,
        "isNew": false,
        "title": "Avistamiento NUFORC: Oval en sterling heights, mi",
        "description": "A black unknown craft is seen in the sky over Sterling Hts. Michigan",
        "witnesses": 1,
        "credibility": "MEDIA (reporte civil NUFORC)",
        "country": "EE.UU.",
        "sources": "NUFORC — sterling heights, mi|nuforc.org"
      }
    },
    {
      "type": "Feature",
      "geometry": {
        "type": "Point",
        "coordinates": [
          -76.1477778,
          43.0480556
        ]
      },
      "properties": {
        "id": "GFC135BAF",
        "type": "lights_sky",
        "date": "2012-10-10",
        "recent": false,
        "isNew": false,
        "title": "Avistamiento NUFORC: Light en syracuse, ny",
        "description": "Went to move my car to the other side of the road in the city of syracuse.  saw low flying lights moving east towards dowtown.",
        "witnesses": 1,
        "credibility": "MEDIA (reporte civil NUFORC)",
        "country": "EE.UU.",
        "sources": "NUFORC — syracuse, ny|nuforc.org"
      }
    },
    {
      "type": "Feature",
      "geometry": {
        "type": "Point",
        "coordinates": [
          -104.8208333,
          38.8338889
        ]
      },
      "properties": {
        "id": "G27D14060",
        "type": "lights_sky",
        "date": "2012-10-10",
        "recent": false,
        "isNew": false,
        "title": "Avistamiento NUFORC: Light en colorado springs, co",
        "description": "Bright zig zagging light in the sky above norad.",
        "witnesses": 1,
        "credibility": "MEDIA (reporte civil NUFORC)",
        "country": "EE.UU.",
        "sources": "NUFORC — colorado springs, co|nuforc.org"
      }
    },
    {
      "type": "Feature",
      "geometry": {
        "type": "Point",
        "coordinates": [
          -87.63,
          32.9975
        ]
      },
      "properties": {
        "id": "G81081770",
        "type": "ufo",
        "date": "2012-10-10",
        "recent": false,
        "isNew": false,
        "title": "Avistamiento NUFORC: Changing en moundville, al",
        "description": "Orange fiery lighting objects changing locations.",
        "witnesses": 1,
        "credibility": "MEDIA (reporte civil NUFORC)",
        "country": "EE.UU.",
        "sources": "NUFORC — moundville, al|nuforc.org"
      }
    },
    {
      "type": "Feature",
      "geometry": {
        "type": "Point",
        "coordinates": [
          -74.0063889,
          40.7141667
        ]
      },
      "properties": {
        "id": "G91AD9C95",
        "type": "ufo",
        "date": "2012-10-10",
        "recent": false,
        "isNew": false,
        "title": "Avistamiento NUFORC: Disk en new york city (bronx), ny",
        "description": "A cloaked disk hovered three hundred feet above two apartment buildings in the Bronx&#44 for aproximately thirty minutes.",
        "witnesses": 1,
        "credibility": "MEDIA (reporte civil NUFORC)",
        "country": "EE.UU.",
        "sources": "NUFORC — new york city (bronx), ny|nuforc.org"
      }
    },
    {
      "type": "Feature",
      "geometry": {
        "type": "Point",
        "coordinates": [
          -79.308339,
          44.136076
        ]
      },
      "properties": {
        "id": "G125EB2A1",
        "type": "ufo",
        "date": "2012-10-10",
        "recent": false,
        "isNew": false,
        "title": "Avistamiento NUFORC: Triangle en mount albert (canada), on",
        "description": "On Wednesday October 10 2012 at 8:17 pm in Mount Albert Ontario I saw a triangle shaped UFO. It had a single light on each point and it",
        "witnesses": 1,
        "credibility": "MEDIA (reporte civil NUFORC)",
        "country": "",
        "sources": "NUFORC — mount albert (canada), on|nuforc.org"
      }
    },
    {
      "type": "Feature",
      "geometry": {
        "type": "Point",
        "coordinates": [
          -106.7777778,
          32.3122222
        ]
      },
      "properties": {
        "id": "G5F5E0CA3",
        "type": "lights_sky",
        "date": "2012-10-10",
        "recent": false,
        "isNew": false,
        "title": "Avistamiento NUFORC: Fireball en las cruces, nm",
        "description": "4 fireballs in sky side by side",
        "witnesses": 1,
        "credibility": "MEDIA (reporte civil NUFORC)",
        "country": "EE.UU.",
        "sources": "NUFORC — las cruces, nm|nuforc.org"
      }
    },
    {
      "type": "Feature",
      "geometry": {
        "type": "Point",
        "coordinates": [
          -88.9330556,
          37.7305556
        ]
      },
      "properties": {
        "id": "GBD011DD1",
        "type": "lights_sky",
        "date": "2012-10-10",
        "recent": false,
        "isNew": false,
        "title": "Avistamiento NUFORC: Light en marion, il",
        "description": "I was leaving my friend&#39s house to go home.  My friend and her 3 1/2 year old daughter walked me to her front door when she noticed all",
        "witnesses": 1,
        "credibility": "MEDIA (reporte civil NUFORC)",
        "country": "EE.UU.",
        "sources": "NUFORC — marion, il|nuforc.org"
      }
    },
    {
      "type": "Feature",
      "geometry": {
        "type": "Point",
        "coordinates": [
          -121.8938889,
          37.3394444
        ]
      },
      "properties": {
        "id": "G55114B3B",
        "type": "other",
        "date": "2012-10-10",
        "recent": false,
        "isNew": false,
        "title": "Avistamiento NUFORC: Other en san jose, ca",
        "description": "POSSIBLE ALIEN/HUMANOID SEEN RUNNING INTO HILLS",
        "witnesses": 1,
        "credibility": "MEDIA (reporte civil NUFORC)",
        "country": "EE.UU.",
        "sources": "NUFORC — san jose, ca|nuforc.org"
      }
    },
    {
      "type": "Feature",
      "geometry": {
        "type": "Point",
        "coordinates": [
          -112.0733333,
          33.4483333
        ]
      },
      "properties": {
        "id": "GCADC7BAC",
        "type": "ufo",
        "date": "2012-10-10",
        "recent": false,
        "isNew": false,
        "title": "Avistamiento NUFORC: Sphere en phoenix, az",
        "description": "18 glowing UFOs seen over Phoenix  AZ tonight&#44 10/12/12 8:45PM",
        "witnesses": 1,
        "credibility": "MEDIA (reporte civil NUFORC)",
        "country": "EE.UU.",
        "sources": "NUFORC — phoenix, az|nuforc.org"
      }
    },
    {
      "type": "Feature",
      "geometry": {
        "type": "Point",
        "coordinates": [
          -120.5047222,
          46.6022222
        ]
      },
      "properties": {
        "id": "GD1593684",
        "type": "lights_sky",
        "date": "2012-10-10",
        "recent": false,
        "isNew": false,
        "title": "Avistamiento NUFORC: Light en yakima, wa",
        "description": "Noticed light in the N.E. section of the sky about 30 deg. up that did not move. About the size of Venus.  ((NUFORC Note:  Capella?  PD",
        "witnesses": 1,
        "credibility": "MEDIA (reporte civil NUFORC)",
        "country": "EE.UU.",
        "sources": "NUFORC — yakima, wa|nuforc.org"
      }
    },
    {
      "type": "Feature",
      "geometry": {
        "type": "Point",
        "coordinates": [
          -97.7427778,
          30.2669444
        ]
      },
      "properties": {
        "id": "GDDC38C94",
        "type": "ufo",
        "date": "2012-10-10",
        "recent": false,
        "isNew": false,
        "title": "Avistamiento NUFORC: Changing en austin, tx",
        "description": "Spheres of light seen over the west campus area of austin which then broke apart and sped off in different directions.",
        "witnesses": 1,
        "credibility": "MEDIA (reporte civil NUFORC)",
        "country": "EE.UU.",
        "sources": "NUFORC — austin, tx|nuforc.org"
      }
    },
    {
      "type": "Feature",
      "geometry": {
        "type": "Point",
        "coordinates": [
          -83.2841667,
          36.3436111
        ]
      },
      "properties": {
        "id": "GBD26D146",
        "type": "ufo",
        "date": "2012-10-10",
        "recent": false,
        "isNew": false,
        "title": "Avistamiento NUFORC: Cigar en bean station, tn",
        "description": "Large cigar shaped flying about 800 feet high.  Huge square engines on back.",
        "witnesses": 1,
        "credibility": "MEDIA (reporte civil NUFORC)",
        "country": "EE.UU.",
        "sources": "NUFORC — bean station, tn|nuforc.org"
      }
    },
    {
      "type": "Feature",
      "geometry": {
        "type": "Point",
        "coordinates": [
          -123.095,
          46.8219444
        ]
      },
      "properties": {
        "id": "G617255F9",
        "type": "lights_sky",
        "date": "2012-10-10",
        "recent": false,
        "isNew": false,
        "title": "Avistamiento NUFORC: Light en rochester, wa",
        "description": "Fleet of red UFO&#39s emerging from Mt. Rainier.",
        "witnesses": 1,
        "credibility": "MEDIA (reporte civil NUFORC)",
        "country": "EE.UU.",
        "sources": "NUFORC — rochester, wa|nuforc.org"
      }
    },
    {
      "type": "Feature",
      "geometry": {
        "type": "Point",
        "coordinates": [
          -74.15,
          41.1147222
        ]
      },
      "properties": {
        "id": "G5C35419C",
        "type": "ufo",
        "date": "2012-10-10",
        "recent": false,
        "isNew": false,
        "title": "Avistamiento NUFORC: Cylinder en suffern, ny",
        "description": "UFO over Suffern NY",
        "witnesses": 1,
        "credibility": "MEDIA (reporte civil NUFORC)",
        "country": "EE.UU.",
        "sources": "NUFORC — suffern, ny|nuforc.org"
      }
    },
    {
      "type": "Feature",
      "geometry": {
        "type": "Point",
        "coordinates": [
          -116.4119444,
          33.7397222
        ]
      },
      "properties": {
        "id": "GB0CB4F16",
        "type": "ufo",
        "date": "2012-10-10",
        "recent": false,
        "isNew": false,
        "title": "Avistamiento NUFORC: Rectangle en rancho mirage, ca",
        "description": "Flying red object over Rancho Mirage&#44 ca",
        "witnesses": 1,
        "credibility": "MEDIA (reporte civil NUFORC)",
        "country": "EE.UU.",
        "sources": "NUFORC — rancho mirage, ca|nuforc.org"
      }
    },
    {
      "type": "Feature",
      "geometry": {
        "type": "Point",
        "coordinates": [
          -74.163755,
          40.858433
        ]
      },
      "properties": {
        "id": "G35E1129B",
        "type": "lights_sky",
        "date": "2013-10-10",
        "recent": false,
        "isNew": false,
        "title": "Avistamiento NUFORC: Light en clifton, nj",
        "description": "Bright light&#33&#33",
        "witnesses": 1,
        "credibility": "MEDIA (reporte civil NUFORC)",
        "country": "",
        "sources": "NUFORC — clifton, nj|nuforc.org"
      }
    },
    {
      "type": "Feature",
      "geometry": {
        "type": "Point",
        "coordinates": [
          -82.7638889,
          28.0777778
        ]
      },
      "properties": {
        "id": "G55EB568C",
        "type": "ufo",
        "date": "2013-10-10",
        "recent": false,
        "isNew": false,
        "title": "Avistamiento NUFORC: Chevron en palm harbor, fl",
        "description": "Tracking north to south at apx 2500 ft. A very fast&#44 semi-transparent Chevron shape craft&#44 slightly larger than a commercial plane.",
        "witnesses": 1,
        "credibility": "MEDIA (reporte civil NUFORC)",
        "country": "EE.UU.",
        "sources": "NUFORC — palm harbor, fl|nuforc.org"
      }
    },
    {
      "type": "Feature",
      "geometry": {
        "type": "Point",
        "coordinates": [
          -86.710273,
          36.864209
        ]
      },
      "properties": {
        "id": "G9DD9D1AF",
        "type": "ufo",
        "date": "2013-10-10",
        "recent": false,
        "isNew": false,
        "title": "Avistamiento NUFORC: Triangle en aurburn, ky",
        "description": "Three bright lights over field.",
        "witnesses": 1,
        "credibility": "MEDIA (reporte civil NUFORC)",
        "country": "",
        "sources": "NUFORC — aurburn, ky|nuforc.org"
      }
    },
    {
      "type": "Feature",
      "geometry": {
        "type": "Point",
        "coordinates": [
          -90.1977778,
          38.6272222
        ]
      },
      "properties": {
        "id": "G9B4DF394",
        "type": "lights_sky",
        "date": "2013-10-10",
        "recent": false,
        "isNew": false,
        "title": "Avistamiento NUFORC: Light en st. louis county, mo",
        "description": "Hovering bright object moving slowly around St. Louis.",
        "witnesses": 1,
        "credibility": "MEDIA (reporte civil NUFORC)",
        "country": "EE.UU.",
        "sources": "NUFORC — st. louis county, mo|nuforc.org"
      }
    },
    {
      "type": "Feature",
      "geometry": {
        "type": "Point",
        "coordinates": [
          -75.7,
          45.416667
        ]
      },
      "properties": {
        "id": "GEE6B8232",
        "type": "lights_sky",
        "date": "2013-10-10",
        "recent": false,
        "isNew": false,
        "title": "Avistamiento NUFORC: Light en ottawa (canada), on",
        "description": "FATHER: My name is Eldon Trepanier&#44  and I assure you that the following statement is true.At approximately 5:10 pm&#44 I spotted a very b",
        "witnesses": 1,
        "credibility": "MEDIA (reporte civil NUFORC)",
        "country": "Canadá",
        "sources": "NUFORC — ottawa (canada), on|nuforc.org"
      }
    },
    {
      "type": "Feature",
      "geometry": {
        "type": "Point",
        "coordinates": [
          -81.7822222,
          40.9780556
        ]
      },
      "properties": {
        "id": "G32011AE0",
        "type": "lights_sky",
        "date": "2013-10-10",
        "recent": false,
        "isNew": false,
        "title": "Avistamiento NUFORC: Light en rittman, oh",
        "description": "Fast moving white light.",
        "witnesses": 1,
        "credibility": "MEDIA (reporte civil NUFORC)",
        "country": "EE.UU.",
        "sources": "NUFORC — rittman, oh|nuforc.org"
      }
    },
    {
      "type": "Feature",
      "geometry": {
        "type": "Point",
        "coordinates": [
          -67.0,
          45.716667
        ]
      },
      "properties": {
        "id": "GAF71AB4D",
        "type": "lights_sky",
        "date": "2013-10-10",
        "recent": false,
        "isNew": false,
        "title": "Avistamiento NUFORC: Light en harvey station (canada), nb",
        "description": "Slow moving bright orange light.",
        "witnesses": 1,
        "credibility": "MEDIA (reporte civil NUFORC)",
        "country": "Canadá",
        "sources": "NUFORC — harvey station (canada), nb|nuforc.org"
      }
    },
    {
      "type": "Feature",
      "geometry": {
        "type": "Point",
        "coordinates": [
          -73.1113889,
          44.4905556
        ]
      },
      "properties": {
        "id": "GB461C320",
        "type": "lights_sky",
        "date": "2013-10-10",
        "recent": false,
        "isNew": false,
        "title": "Avistamiento NUFORC: Light en essex junction, vt",
        "description": "Noiseless&#44 low flying&#44 white&#44 bright constant light.",
        "witnesses": 1,
        "credibility": "MEDIA (reporte civil NUFORC)",
        "country": "EE.UU.",
        "sources": "NUFORC — essex junction, vt|nuforc.org"
      }
    },
    {
      "type": "Feature",
      "geometry": {
        "type": "Point",
        "coordinates": [
          -90.2416667,
          29.9938889
        ]
      },
      "properties": {
        "id": "G84F356D3",
        "type": "lights_sky",
        "date": "2013-10-10",
        "recent": false,
        "isNew": false,
        "title": "Avistamiento NUFORC: Circle en kenner, la",
        "description": "2 circle lights moving erratically over Kenner&#44 La.",
        "witnesses": 1,
        "credibility": "MEDIA (reporte civil NUFORC)",
        "country": "EE.UU.",
        "sources": "NUFORC — kenner, la|nuforc.org"
      }
    },
    {
      "type": "Feature",
      "geometry": {
        "type": "Point",
        "coordinates": [
          -84.2866667,
          39.7463889
        ]
      },
      "properties": {
        "id": "GD1596C3D",
        "type": "lights_sky",
        "date": "2013-10-10",
        "recent": false,
        "isNew": false,
        "title": "Avistamiento NUFORC: Circle en drexel, oh",
        "description": "Yellow/orange&#44 sphere/circle that flew across night sky &#44slow speeds then simply vanished &#44 had no blinking lights&#44 was not an airplane",
        "witnesses": 1,
        "credibility": "MEDIA (reporte civil NUFORC)",
        "country": "EE.UU.",
        "sources": "NUFORC — drexel, oh|nuforc.org"
      }
    },
    {
      "type": "Feature",
      "geometry": {
        "type": "Point",
        "coordinates": [
          -71.4402778,
          42.7647222
        ]
      },
      "properties": {
        "id": "G0A162B68",
        "type": "lights_sky",
        "date": "2013-10-10",
        "recent": false,
        "isNew": false,
        "title": "Avistamiento NUFORC: Light en hudson, nh",
        "description": "White&#44 orb above the clouds moving very fast&#44 no flashing lights&#44 zoomed across the sky and disappeared out of sight.",
        "witnesses": 1,
        "credibility": "MEDIA (reporte civil NUFORC)",
        "country": "EE.UU.",
        "sources": "NUFORC — hudson, nh|nuforc.org"
      }
    },
    {
      "type": "Feature",
      "geometry": {
        "type": "Point",
        "coordinates": [
          -83.63,
          42.9275
        ]
      },
      "properties": {
        "id": "G892CCB22",
        "type": "lights_sky",
        "date": "2013-10-10",
        "recent": false,
        "isNew": false,
        "title": "Avistamiento NUFORC: Light en grand blanc, mi",
        "description": "3 bright lights holding a vertical position over central Michigan&#44 USA.",
        "witnesses": 1,
        "credibility": "MEDIA (reporte civil NUFORC)",
        "country": "EE.UU.",
        "sources": "NUFORC — grand blanc, mi|nuforc.org"
      }
    },
    {
      "type": "Feature",
      "geometry": {
        "type": "Point",
        "coordinates": [
          -93.3361111,
          44.7791667
        ]
      },
      "properties": {
        "id": "G120B1C57",
        "type": "ufo",
        "date": "2013-10-10",
        "recent": false,
        "isNew": false,
        "title": "Avistamiento NUFORC: Circle en savage, mn",
        "description": "I saw a sphere shaped object flying east to west moving faster than any conventional aircraft was white to orange in color as it reache",
        "witnesses": 1,
        "credibility": "MEDIA (reporte civil NUFORC)",
        "country": "EE.UU.",
        "sources": "NUFORC — savage, mn|nuforc.org"
      }
    },
    {
      "type": "Feature",
      "geometry": {
        "type": "Point",
        "coordinates": [
          -83.0277778,
          42.4775
        ]
      },
      "properties": {
        "id": "G4A8D8F3F",
        "type": "ufo",
        "date": "2013-10-10",
        "recent": false,
        "isNew": false,
        "title": "Avistamiento NUFORC: Sphere en warren, mi",
        "description": "Three glowing reddish-orange spheres changing to white lights",
        "witnesses": 1,
        "credibility": "MEDIA (reporte civil NUFORC)",
        "country": "EE.UU.",
        "sources": "NUFORC — warren, mi|nuforc.org"
      }
    },
    {
      "type": "Feature",
      "geometry": {
        "type": "Point",
        "coordinates": [
          -83.4822222,
          42.3086111
        ]
      },
      "properties": {
        "id": "GE74ED867",
        "type": "ufo",
        "date": "2013-10-10",
        "recent": false,
        "isNew": false,
        "title": "Avistamiento NUFORC: Triangle en canton, mi",
        "description": "Black triangle aircraft with white lights on each point&#44 completely silent&#44 seen flying low SW to NE.",
        "witnesses": 1,
        "credibility": "MEDIA (reporte civil NUFORC)",
        "country": "EE.UU.",
        "sources": "NUFORC — canton, mi|nuforc.org"
      }
    },
    {
      "type": "Feature",
      "geometry": {
        "type": "Point",
        "coordinates": [
          -80.3522222,
          39.1611111
        ]
      },
      "properties": {
        "id": "G93F7468D",
        "type": "ufo",
        "date": "2013-10-10",
        "recent": false,
        "isNew": false,
        "title": "Avistamiento NUFORC: Triangle en lost creek, wv",
        "description": "Small triangle with 3 lights floating low over a field then slowly flying away.",
        "witnesses": 1,
        "credibility": "MEDIA (reporte civil NUFORC)",
        "country": "EE.UU.",
        "sources": "NUFORC — lost creek, wv|nuforc.org"
      }
    },
    {
      "type": "Feature",
      "geometry": {
        "type": "Point",
        "coordinates": [
          -80.0944444,
          26.9338889
        ]
      },
      "properties": {
        "id": "G710EFF9A",
        "type": "ufo",
        "date": "1973-10-11",
        "recent": false,
        "isNew": false,
        "title": "Avistamiento NUFORC: Egg en jupiter, fl",
        "description": "EGG-SHAPED OBJECT EMITS LIGHT RAY AND PEOPLE LOSE 4 HOURS",
        "witnesses": 1,
        "credibility": "MEDIA (reporte civil NUFORC)",
        "country": "EE.UU.",
        "sources": "NUFORC — jupiter, fl|nuforc.org"
      }
    },
    {
      "type": "Feature",
      "geometry": {
        "type": "Point",
        "coordinates": [
          -83.7802778,
          42.5294444
        ]
      },
      "properties": {
        "id": "G2BD72E81",
        "type": "lights_sky",
        "date": "1978-10-11",
        "recent": false,
        "isNew": false,
        "title": "Avistamiento NUFORC: Circle en brighton, mi",
        "description": "round revolving lights reflecting on the fog",
        "witnesses": 1,
        "credibility": "MEDIA (reporte civil NUFORC)",
        "country": "EE.UU.",
        "sources": "NUFORC — brighton, mi|nuforc.org"
      }
    },
    {
      "type": "Feature",
      "geometry": {
        "type": "Point",
        "coordinates": [
          133.883621,
          -23.697479
        ]
      },
      "properties": {
        "id": "G0F1EAEA6",
        "type": "contact",
        "date": "1986-10-11",
        "recent": false,
        "isNew": false,
        "title": "Avistamiento NUFORC:  en alice springs  (nt&#44 australia)",
        "description": "Being  of light reported&#44Jesus or another messenger&#33",
        "witnesses": 1,
        "credibility": "MEDIA (reporte civil NUFORC)",
        "country": "Australia",
        "sources": "NUFORC — alice springs  (nt&#44 australia)|nuforc.org"
      }
    },
    {
      "type": "Feature",
      "geometry": {
        "type": "Point",
        "coordinates": [
          -93.5030556,
          44.9133333
        ]
      },
      "properties": {
        "id": "G46BCECC4",
        "type": "lights_sky",
        "date": "1987-10-11",
        "recent": false,
        "isNew": false,
        "title": "Avistamiento NUFORC: Light en minnetonka, mn",
        "description": "White light moves west to east&#44 suddenly stops&#44 then moves south at a high rate of speed.",
        "witnesses": 1,
        "credibility": "MEDIA (reporte civil NUFORC)",
        "country": "EE.UU.",
        "sources": "NUFORC — minnetonka, mn|nuforc.org"
      }
    },
    {
      "type": "Feature",
      "geometry": {
        "type": "Point",
        "coordinates": [
          -90.5002778,
          38.3708333
        ]
      },
      "properties": {
        "id": "GF12E4EE3",
        "type": "lights_sky",
        "date": "1987-10-11",
        "recent": false,
        "isNew": false,
        "title": "Avistamiento NUFORC: Fireball en otto, mo",
        "description": "bright blue ball of light.",
        "witnesses": 1,
        "credibility": "MEDIA (reporte civil NUFORC)",
        "country": "EE.UU.",
        "sources": "NUFORC — otto, mo|nuforc.org"
      }
    },
    {
      "type": "Feature",
      "geometry": {
        "type": "Point",
        "coordinates": [
          -89.9247222,
          41.2455556
        ]
      },
      "properties": {
        "id": "G80960857",
        "type": "ufo",
        "date": "1989-10-11",
        "recent": false,
        "isNew": false,
        "title": "Avistamiento NUFORC: Sphere en kewanee, il",
        "description": "HBCCUFO CANADIAN REPORT:  Large glowing sphere was positioned almost directly overhead.",
        "witnesses": 1,
        "credibility": "MEDIA (reporte civil NUFORC)",
        "country": "EE.UU.",
        "sources": "NUFORC — kewanee, il|nuforc.org"
      }
    },
    {
      "type": "Feature",
      "geometry": {
        "type": "Point",
        "coordinates": [
          -106.6505556,
          35.0844444
        ]
      },
      "properties": {
        "id": "GA049BCC0",
        "type": "ufo",
        "date": "1992-10-11",
        "recent": false,
        "isNew": false,
        "title": "Avistamiento NUFORC: Sphere en albuquerque, nm",
        "description": "Six Spheres of light move into my vision over the 92 Albuquerque Balloon Fiesta&#44then vanish straight up.",
        "witnesses": 1,
        "credibility": "MEDIA (reporte civil NUFORC)",
        "country": "EE.UU.",
        "sources": "NUFORC — albuquerque, nm|nuforc.org"
      }
    },
    {
      "type": "Feature",
      "geometry": {
        "type": "Point",
        "coordinates": [
          -74.8627778,
          39.7763889
        ]
      },
      "properties": {
        "id": "GC3EF1C55",
        "type": "ufo",
        "date": "1994-10-11",
        "recent": false,
        "isNew": false,
        "title": "Avistamiento NUFORC: Triangle en jackson, nj",
        "description": "triangle UFO in jackson NJ  Countyline 526   over the old fire station next to the trailer park",
        "witnesses": 1,
        "credibility": "MEDIA (reporte civil NUFORC)",
        "country": "EE.UU.",
        "sources": "NUFORC — jackson, nj|nuforc.org"
      }
    },
    {
      "type": "Feature",
      "geometry": {
        "type": "Point",
        "coordinates": [
          -117.3952778,
          33.9533333
        ]
      },
      "properties": {
        "id": "GCF9AB547",
        "type": "ufo",
        "date": "1994-10-11",
        "recent": false,
        "isNew": false,
        "title": "Avistamiento NUFORC: Chevron en riverside, ca",
        "description": "Double white lights in chevron shape flying north to south about the size of the constellation of the Pleades&#44 covered half the sky in",
        "witnesses": 1,
        "credibility": "MEDIA (reporte civil NUFORC)",
        "country": "EE.UU.",
        "sources": "NUFORC — riverside, ca|nuforc.org"
      }
    },
    {
      "type": "Feature",
      "geometry": {
        "type": "Point",
        "coordinates": [
          -74.0063889,
          40.7141667
        ]
      },
      "properties": {
        "id": "G409A6AD5",
        "type": "ufo",
        "date": "1995-10-11",
        "recent": false,
        "isNew": false,
        "title": "Avistamiento NUFORC:  en new york city (brooklyn), ny",
        "description": "Young man&#44 mother witness watch strange red obj. 45 deg. above horizon w/ binocular.  Obj. suddenly fades&#44 disappears from sight.",
        "witnesses": 1,
        "credibility": "MEDIA (reporte civil NUFORC)",
        "country": "EE.UU.",
        "sources": "NUFORC — new york city (brooklyn), ny|nuforc.org"
      }
    },
    {
      "type": "Feature",
      "geometry": {
        "type": "Point",
        "coordinates": [
          -82.4452778,
          38.4191667
        ]
      },
      "properties": {
        "id": "G5C9510A6",
        "type": "ufo",
        "date": "1995-10-11",
        "recent": false,
        "isNew": false,
        "title": "Avistamiento NUFORC:  en huntington, wv",
        "description": "Young man &amp; grandfather see a &quot;large&#44 orange&#44 round or oval&quot; obj. move along horizon very fast&#44 hover&#44 move erratically.  Bizarre&#33",
        "witnesses": 1,
        "credibility": "MEDIA (reporte civil NUFORC)",
        "country": "EE.UU.",
        "sources": "NUFORC — huntington, wv|nuforc.org"
      }
    },
    {
      "type": "Feature",
      "geometry": {
        "type": "Point",
        "coordinates": [
          -81.7838889,
          36.6336111
        ]
      },
      "properties": {
        "id": "G2081276D",
        "type": "lights_sky",
        "date": "1996-10-11",
        "recent": false,
        "isNew": false,
        "title": "Avistamiento NUFORC: Light en damascus, va",
        "description": "1996 SIGHTING IN DAMASCUS&#44 VA. WHILE CAMPING IN THE CHEROKEE NATIONAL FOREST.",
        "witnesses": 1,
        "credibility": "MEDIA (reporte civil NUFORC)",
        "country": "EE.UU.",
        "sources": "NUFORC — damascus, va|nuforc.org"
      }
    },
    {
      "type": "Feature",
      "geometry": {
        "type": "Point",
        "coordinates": [
          -21.95,
          64.066667
        ]
      },
      "properties": {
        "id": "G962822F6",
        "type": "ufo",
        "date": "1997-10-11",
        "recent": false,
        "isNew": false,
        "title": "Avistamiento NUFORC: Sphere en hafnarfjordur (iceland)",
        "description": "playing with a jet",
        "witnesses": 1,
        "credibility": "MEDIA (reporte civil NUFORC)",
        "country": "",
        "sources": "NUFORC — hafnarfjordur (iceland)|nuforc.org"
      }
    },
    {
      "type": "Feature",
      "geometry": {
        "type": "Point",
        "coordinates": [
          -122.515,
          37.5422222
        ]
      },
      "properties": {
        "id": "GDDD212ED",
        "type": "other",
        "date": "1998-10-11",
        "recent": false,
        "isNew": false,
        "title": "Avistamiento NUFORC: Other en montara, ca",
        "description": "Boomerang shaped lit up at the neds and center of the boomerang.",
        "witnesses": 1,
        "credibility": "MEDIA (reporte civil NUFORC)",
        "country": "EE.UU.",
        "sources": "NUFORC — montara, ca|nuforc.org"
      }
    },
    {
      "type": "Feature",
      "geometry": {
        "type": "Point",
        "coordinates": [
          -66.3880556,
          18.4463889
        ]
      },
      "properties": {
        "id": "G9E17EA5C",
        "type": "ufo",
        "date": "1998-10-11",
        "recent": false,
        "isNew": false,
        "title": "Avistamiento NUFORC: Cigar en vega baja (puerto rico), pr",
        "description": "I went out and saw this cigar shaped object&#44 high above&#44 about where the sun would be at 12 o&#39clock. I stared at it trying to identify",
        "witnesses": 1,
        "credibility": "MEDIA (reporte civil NUFORC)",
        "country": "EE.UU.",
        "sources": "NUFORC — vega baja (puerto rico), pr|nuforc.org"
      }
    },
    {
      "type": "Feature",
      "geometry": {
        "type": "Point",
        "coordinates": [
          -82.6611111,
          36.5452778
        ]
      },
      "properties": {
        "id": "GE054ED83",
        "type": "lights_sky",
        "date": "1998-10-11",
        "recent": false,
        "isNew": false,
        "title": "Avistamiento NUFORC: Light en mount carmel, tn",
        "description": "Bright shiny object splits in two and disappears above horizon.",
        "witnesses": 1,
        "credibility": "MEDIA (reporte civil NUFORC)",
        "country": "EE.UU.",
        "sources": "NUFORC — mount carmel, tn|nuforc.org"
      }
    },
    {
      "type": "Feature",
      "geometry": {
        "type": "Point",
        "coordinates": [
          -87.3958333,
          39.7944444
        ]
      },
      "properties": {
        "id": "G82B56FA1",
        "type": "ufo",
        "date": "1998-10-11",
        "recent": false,
        "isNew": false,
        "title": "Avistamiento NUFORC: Sphere en highland, in",
        "description": "Spherical.  Red&#44 yellow&#44 and green lights.  Below clouds&#44 yet very high up.",
        "witnesses": 1,
        "credibility": "MEDIA (reporte civil NUFORC)",
        "country": "EE.UU.",
        "sources": "NUFORC — highland, in|nuforc.org"
      }
    },
    {
      "type": "Feature",
      "geometry": {
        "type": "Point",
        "coordinates": [
          -68.2044444,
          44.3875
        ]
      },
      "properties": {
        "id": "GB2F63302",
        "type": "ufo",
        "date": "1998-10-11",
        "recent": false,
        "isNew": false,
        "title": "Avistamiento NUFORC: Sphere en bar harbor (bar island crossover), me",
        "description": "My friend Steven and I were crossing over to Bar Island at low tide when we witnesses a green spherical object crossing the sky at a gr",
        "witnesses": 1,
        "credibility": "MEDIA (reporte civil NUFORC)",
        "country": "EE.UU.",
        "sources": "NUFORC — bar harbor (bar island crossover), me|nuforc.org"
      }
    },
    {
      "type": "Feature",
      "geometry": {
        "type": "Point",
        "coordinates": [
          -121.3705556,
          38.4088889
        ]
      },
      "properties": {
        "id": "GDD4D2629",
        "type": "lights_sky",
        "date": "1998-10-11",
        "recent": false,
        "isNew": false,
        "title": "Avistamiento NUFORC: Fireball en elk grove, ca",
        "description": "Greenish blue fireball streaking across horizon",
        "witnesses": 1,
        "credibility": "MEDIA (reporte civil NUFORC)",
        "country": "EE.UU.",
        "sources": "NUFORC — elk grove, ca|nuforc.org"
      }
    },
    {
      "type": "Feature",
      "geometry": {
        "type": "Point",
        "coordinates": [
          -86.3,
          32.3666667
        ]
      },
      "properties": {
        "id": "G13B0FFDA",
        "type": "lights_sky",
        "date": "1999-10-11",
        "recent": false,
        "isNew": false,
        "title": "Avistamiento NUFORC: Light en montgomery, al",
        "description": "Bright light coming from back yard and a surreal sensation of forboding.",
        "witnesses": 1,
        "credibility": "MEDIA (reporte civil NUFORC)",
        "country": "EE.UU.",
        "sources": "NUFORC — montgomery, al|nuforc.org"
      }
    },
    {
      "type": "Feature",
      "geometry": {
        "type": "Point",
        "coordinates": [
          -118.2427778,
          34.0522222
        ]
      },
      "properties": {
        "id": "GA3F23CE2",
        "type": "lights_sky",
        "date": "1999-10-11",
        "recent": false,
        "isNew": false,
        "title": "Avistamiento NUFORC: Light en los angeles, ca",
        "description": "It was a large bright light sitting stationary in the sky. Within our atmosphere. Not a star. It did not move or change shape and was t",
        "witnesses": 1,
        "credibility": "MEDIA (reporte civil NUFORC)",
        "country": "EE.UU.",
        "sources": "NUFORC — los angeles, ca|nuforc.org"
      }
    },
    {
      "type": "Feature",
      "geometry": {
        "type": "Point",
        "coordinates": [
          -92.673537,
          45.124411
        ]
      },
      "properties": {
        "id": "G736610D3",
        "type": "ufo",
        "date": "1999-10-11",
        "recent": false,
        "isNew": false,
        "title": "Avistamiento NUFORC: Unknown en somerset?, wi",
        "description": "Huge pulsating red light over I-94.  High overhead&#44 moving east",
        "witnesses": 1,
        "credibility": "MEDIA (reporte civil NUFORC)",
        "country": "",
        "sources": "NUFORC — somerset?, wi|nuforc.org"
      }
    },
    {
      "type": "Feature",
      "geometry": {
        "type": "Point",
        "coordinates": [
          -85.6325,
          41.9438889
        ]
      },
      "properties": {
        "id": "GF6AECE4A",
        "type": "ufo",
        "date": "1999-10-11",
        "recent": false,
        "isNew": false,
        "title": "Avistamiento NUFORC: Oval en three rivers, mi",
        "description": "While dirving to work this monday morning the 11th of October I spotted two jets flying toward the horizion. Becouse of the rising sun",
        "witnesses": 1,
        "credibility": "MEDIA (reporte civil NUFORC)",
        "country": "EE.UU.",
        "sources": "NUFORC — three rivers, mi|nuforc.org"
      }
    },
    {
      "type": "Feature",
      "geometry": {
        "type": "Point",
        "coordinates": [
          -122.6913889,
          45.2630556
        ]
      },
      "properties": {
        "id": "G19DC8018",
        "type": "lights_sky",
        "date": "1999-10-11",
        "recent": false,
        "isNew": false,
        "title": "Avistamiento NUFORC: Light en canby, or",
        "description": "i saw bright light come out of clouds&#44 2 aircraft came from behind and appeared to shot at the light&#44 light went back into the clouds",
        "witnesses": 1,
        "credibility": "MEDIA (reporte civil NUFORC)",
        "country": "EE.UU.",
        "sources": "NUFORC — canby, or|nuforc.org"
      }
    },
    {
      "type": "Feature",
      "geometry": {
        "type": "Point",
        "coordinates": [
          -80.033333,
          45.333333
        ]
      },
      "properties": {
        "id": "GAC1312C2",
        "type": "ufo",
        "date": "1999-10-11",
        "recent": false,
        "isNew": false,
        "title": "Avistamiento NUFORC: Disk en parry sound (near) (canada), on",
        "description": "A silvery disk shaped object&#44 flew over an aircraft&#44 then disappeared.",
        "witnesses": 1,
        "credibility": "MEDIA (reporte civil NUFORC)",
        "country": "Canadá",
        "sources": "NUFORC — parry sound (near) (canada), on|nuforc.org"
      }
    },
    {
      "type": "Feature",
      "geometry": {
        "type": "Point",
        "coordinates": [
          -78.3411111,
          42.0386111
        ]
      },
      "properties": {
        "id": "G6CCFEC62",
        "type": "ufo",
        "date": "1999-10-11",
        "recent": false,
        "isNew": false,
        "title": "Avistamiento NUFORC: Oval en portville, ny",
        "description": "The object was just below the tree line. The object was light up by a yellowish light with blue lights.You could see the windows in it",
        "witnesses": 1,
        "credibility": "MEDIA (reporte civil NUFORC)",
        "country": "EE.UU.",
        "sources": "NUFORC — portville, ny|nuforc.org"
      }
    },
    {
      "type": "Feature",
      "geometry": {
        "type": "Point",
        "coordinates": [
          -93.1638889,
          36.6230556
        ]
      },
      "properties": {
        "id": "G9B9EADEB",
        "type": "other",
        "date": "1999-10-11",
        "recent": false,
        "isNew": false,
        "title": "Avistamiento NUFORC: Other en kirbyville (due south of), mo",
        "description": "About 2030 cst I noticed what apeared to be a &quot;tumbler&quot; a flashing satellite. After observing for approx.10 min. I realized that the ob",
        "witnesses": 1,
        "credibility": "MEDIA (reporte civil NUFORC)",
        "country": "EE.UU.",
        "sources": "NUFORC — kirbyville (due south of), mo|nuforc.org"
      }
    },
    {
      "type": "Feature",
      "geometry": {
        "type": "Point",
        "coordinates": [
          -117.7347222,
          40.9730556
        ]
      },
      "properties": {
        "id": "G8783B440",
        "type": "ufo",
        "date": "1999-10-11",
        "recent": false,
        "isNew": false,
        "title": "Avistamiento NUFORC: Cigar en winnemucca, nv",
        "description": "oblong&#44 extremely large and  bright object in sky&#44 going behind mountains. Object much larger than a meteorite.",
        "witnesses": 1,
        "credibility": "MEDIA (reporte civil NUFORC)",
        "country": "EE.UU.",
        "sources": "NUFORC — winnemucca, nv|nuforc.org"
      }
    },
    {
      "type": "Feature",
      "geometry": {
        "type": "Point",
        "coordinates": [
          -122.7083333,
          42.1947222
        ]
      },
      "properties": {
        "id": "G10115865",
        "type": "ufo",
        "date": "1999-10-11",
        "recent": false,
        "isNew": false,
        "title": "Avistamiento NUFORC: Triangle en ashland, or",
        "description": "I was looking into the sky towards the high east watching what appeared to be a passenger jet cross the sky when my periphial vision ca",
        "witnesses": 1,
        "credibility": "MEDIA (reporte civil NUFORC)",
        "country": "EE.UU.",
        "sources": "NUFORC — ashland, or|nuforc.org"
      }
    },
    {
      "type": "Feature",
      "geometry": {
        "type": "Point",
        "coordinates": [
          -96.9763889,
          37.6866667
        ]
      },
      "properties": {
        "id": "GE1AA44DD",
        "type": "lights_sky",
        "date": "1999-10-11",
        "recent": false,
        "isNew": false,
        "title": "Avistamiento NUFORC: Light en augusta, ks",
        "description": "Object was at 45 degrees above southern horizon. Being stationary for 5 mins. and then executed some right angle maneuvers. Focal dista",
        "witnesses": 1,
        "credibility": "MEDIA (reporte civil NUFORC)",
        "country": "EE.UU.",
        "sources": "NUFORC — augusta, ks|nuforc.org"
      }
    },
    {
      "type": "Feature",
      "geometry": {
        "type": "Point",
        "coordinates": [
          -95.6961111,
          30.3880556
        ]
      },
      "properties": {
        "id": "G6B9872F4",
        "type": "lights_sky",
        "date": "1999-10-11",
        "recent": false,
        "isNew": false,
        "title": "Avistamiento NUFORC: Light en montgomery, tx",
        "description": "Pinpoint of light travelled from east to west breifly then hovered for about an hour then disappeared.",
        "witnesses": 1,
        "credibility": "MEDIA (reporte civil NUFORC)",
        "country": "EE.UU.",
        "sources": "NUFORC — montgomery, tx|nuforc.org"
      }
    },
    {
      "type": "Feature",
      "geometry": {
        "type": "Point",
        "coordinates": [
          -93.7377778,
          36.4011111
        ]
      },
      "properties": {
        "id": "GAEF0D3D3",
        "type": "lights_sky",
        "date": "1999-10-11",
        "recent": false,
        "isNew": false,
        "title": "Avistamiento NUFORC: Light en eureka springs, ar",
        "description": "Bright light due south&#44 traveling east extremely slowly. Bright flash given off from object every 10 seconds&#44 with a dim flash every 3",
        "witnesses": 1,
        "credibility": "MEDIA (reporte civil NUFORC)",
        "country": "EE.UU.",
        "sources": "NUFORC — eureka springs, ar|nuforc.org"
      }
    },
    {
      "type": "Feature",
      "geometry": {
        "type": "Point",
        "coordinates": [
          -88.426757,
          37.704344
        ]
      },
      "properties": {
        "id": "G49261EF9",
        "type": "ufo",
        "date": "1999-10-11",
        "recent": false,
        "isNew": false,
        "title": "Avistamiento NUFORC: Disk en parker&#39s lake, ky",
        "description": "Flashing lights sighted out of my window",
        "witnesses": 1,
        "credibility": "MEDIA (reporte civil NUFORC)",
        "country": "",
        "sources": "NUFORC — parker&#39s lake, ky|nuforc.org"
      }
    },
    {
      "type": "Feature",
      "geometry": {
        "type": "Point",
        "coordinates": [
          -87.9888889,
          41.9316667
        ]
      },
      "properties": {
        "id": "G3CB62C2F",
        "type": "ufo",
        "date": "1999-10-11",
        "recent": false,
        "isNew": false,
        "title": "Avistamiento NUFORC: Disk en addison (i-355 and us 20 (lake st.), il",
        "description": "Saucer shaped object&#44with rows of red lights on bottom side; one white lighttop and bottom",
        "witnesses": 1,
        "credibility": "MEDIA (reporte civil NUFORC)",
        "country": "EE.UU.",
        "sources": "NUFORC — addison (i-355 and us 20 (lake st.), il|nuforc.org"
      }
    },
    {
      "type": "Feature",
      "geometry": {
        "type": "Point",
        "coordinates": [
          -0.093689,
          51.514125
        ]
      },
      "properties": {
        "id": "GFACE04FC",
        "type": "ufo",
        "date": "2000-10-11",
        "recent": false,
        "isNew": false,
        "title": "Avistamiento NUFORC: Diamond en london (uk/england)",
        "description": "Diamond shaped ufo seen pulsing for short time near London England",
        "witnesses": 1,
        "credibility": "MEDIA (reporte civil NUFORC)",
        "country": "Reino Unido",
        "sources": "NUFORC — london (uk/england)|nuforc.org"
      }
    },
    {
      "type": "Feature",
      "geometry": {
        "type": "Point",
        "coordinates": [
          -75.9111111,
          43.9747222
        ]
      },
      "properties": {
        "id": "GA8D45C87",
        "type": "lights_sky",
        "date": "2000-10-11",
        "recent": false,
        "isNew": false,
        "title": "Avistamiento NUFORC: Light en watertown, ny",
        "description": "Was looking at the near full moon with binoculars when a very bright round light appeared to the left of the moon. at arms lenght it wa",
        "witnesses": 1,
        "credibility": "MEDIA (reporte civil NUFORC)",
        "country": "EE.UU.",
        "sources": "NUFORC — watertown, ny|nuforc.org"
      }
    },
    {
      "type": "Feature",
      "geometry": {
        "type": "Point",
        "coordinates": [
          -121.4616667,
          38.7138889
        ]
      },
      "properties": {
        "id": "G8CF575CA",
        "type": "lights_sky",
        "date": "2000-10-11",
        "recent": false,
        "isNew": false,
        "title": "Avistamiento NUFORC: Light en elverta, ca",
        "description": "White starlike lights in sky that blink red and blue and move erratically over Sacramento region.",
        "witnesses": 1,
        "credibility": "MEDIA (reporte civil NUFORC)",
        "country": "EE.UU.",
        "sources": "NUFORC — elverta, ca|nuforc.org"
      }
    },
    {
      "type": "Feature",
      "geometry": {
        "type": "Point",
        "coordinates": [
          -3.883333,
          52.75
        ]
      },
      "properties": {
        "id": "G0194E771",
        "type": "ufo",
        "date": "2000-10-11",
        "recent": false,
        "isNew": false,
        "title": "Avistamiento NUFORC: Changing en dolgellau (uk/wales)",
        "description": "How two became one.",
        "witnesses": 1,
        "credibility": "MEDIA (reporte civil NUFORC)",
        "country": "Reino Unido",
        "sources": "NUFORC — dolgellau (uk/wales)|nuforc.org"
      }
    },
    {
      "type": "Feature",
      "geometry": {
        "type": "Point",
        "coordinates": [
          -118.0319444,
          33.9791667
        ]
      },
      "properties": {
        "id": "G62E34D42",
        "type": "lights_sky",
        "date": "2000-10-11",
        "recent": false,
        "isNew": false,
        "title": "Avistamiento NUFORC: Light en whittier, ca",
        "description": "UFO ENCOUNTER LESS THAN 300 FEET",
        "witnesses": 1,
        "credibility": "MEDIA (reporte civil NUFORC)",
        "country": "EE.UU.",
        "sources": "NUFORC — whittier, ca|nuforc.org"
      }
    },
    {
      "type": "Feature",
      "geometry": {
        "type": "Point",
        "coordinates": [
          -92.6733333,
          45.1244444
        ]
      },
      "properties": {
        "id": "G92BA5481",
        "type": "lights_sky",
        "date": "2001-10-11",
        "recent": false,
        "isNew": false,
        "title": "Avistamiento NUFORC: Light en somerset, wi",
        "description": "My brother and I went outside to have a smoke and then noticed a moving&#44 multicolored light in the sky....",
        "witnesses": 1,
        "credibility": "MEDIA (reporte civil NUFORC)",
        "country": "EE.UU.",
        "sources": "NUFORC — somerset, wi|nuforc.org"
      }
    },
    {
      "type": "Feature",
      "geometry": {
        "type": "Point",
        "coordinates": [
          -147.7163889,
          64.8377778
        ]
      },
      "properties": {
        "id": "GC542CB68",
        "type": "other",
        "date": "2001-10-11",
        "recent": false,
        "isNew": false,
        "title": "Avistamiento NUFORC: Other en fairbanks, ak",
        "description": "It looked like a star but it would move and after a few seconds a red aura would appear around it and emit objects.",
        "witnesses": 1,
        "credibility": "MEDIA (reporte civil NUFORC)",
        "country": "EE.UU.",
        "sources": "NUFORC — fairbanks, ak|nuforc.org"
      }
    },
    {
      "type": "Feature",
      "geometry": {
        "type": "Point",
        "coordinates": [
          -104.9841667,
          39.7391667
        ]
      },
      "properties": {
        "id": "G1FB00CFB",
        "type": "lights_sky",
        "date": "2001-10-11",
        "recent": false,
        "isNew": false,
        "title": "Avistamiento NUFORC: Light en denver, co",
        "description": "Odd Lights in Colorado Sky",
        "witnesses": 1,
        "credibility": "MEDIA (reporte civil NUFORC)",
        "country": "EE.UU.",
        "sources": "NUFORC — denver, co|nuforc.org"
      }
    },
    {
      "type": "Feature",
      "geometry": {
        "type": "Point",
        "coordinates": [
          -89.8375,
          31.2516667
        ]
      },
      "properties": {
        "id": "G591D533E",
        "type": "ufo",
        "date": "2001-10-11",
        "recent": false,
        "isNew": false,
        "title": "Avistamiento NUFORC: Teardrop en columbia, ms",
        "description": "short vapotr looking teardropped object&#44 always beside the sun&#33&#33&#33noticed from 10/11-10/26/01",
        "witnesses": 1,
        "credibility": "MEDIA (reporte civil NUFORC)",
        "country": "EE.UU.",
        "sources": "NUFORC — columbia, ms|nuforc.org"
      }
    },
    {
      "type": "Feature",
      "geometry": {
        "type": "Point",
        "coordinates": [
          -121.06,
          39.2191667
        ]
      },
      "properties": {
        "id": "G11EEAC73",
        "type": "ufo",
        "date": "2001-10-11",
        "recent": false,
        "isNew": false,
        "title": "Avistamiento NUFORC: Triangle en grass valley, ca",
        "description": "Three bright white lights in a row&#44 in the sky.",
        "witnesses": 1,
        "credibility": "MEDIA (reporte civil NUFORC)",
        "country": "EE.UU.",
        "sources": "NUFORC — grass valley, ca|nuforc.org"
      }
    },
    {
      "type": "Feature",
      "geometry": {
        "type": "Point",
        "coordinates": [
          -84.1052778,
          40.7425
        ]
      },
      "properties": {
        "id": "GE096BDAD",
        "type": "lights_sky",
        "date": "2001-10-11",
        "recent": false,
        "isNew": false,
        "title": "Avistamiento NUFORC: Teardrop en lima, oh",
        "description": "We saw three teardroped shaped crafts with slowy flashing lights moving very slow then taking off very rapidly.",
        "witnesses": 1,
        "credibility": "MEDIA (reporte civil NUFORC)",
        "country": "EE.UU.",
        "sources": "NUFORC — lima, oh|nuforc.org"
      }
    },
    {
      "type": "Feature",
      "geometry": {
        "type": "Point",
        "coordinates": [
          -93.2980556,
          37.2152778
        ]
      },
      "properties": {
        "id": "GA234138C",
        "type": "lights_sky",
        "date": "2002-10-11",
        "recent": false,
        "isNew": false,
        "title": "Avistamiento NUFORC: Fireball en springfield, mo",
        "description": "bright green triangular object throwing sparks traveling extremely fast",
        "witnesses": 1,
        "credibility": "MEDIA (reporte civil NUFORC)",
        "country": "EE.UU.",
        "sources": "NUFORC — springfield, mo|nuforc.org"
      }
    },
    {
      "type": "Feature",
      "geometry": {
        "type": "Point",
        "coordinates": [
          -119.8127778,
          39.5297222
        ]
      },
      "properties": {
        "id": "G41F9A358",
        "type": "ufo",
        "date": "2002-10-11",
        "recent": false,
        "isNew": false,
        "title": "Avistamiento NUFORC: Sphere en reno, nv",
        "description": "A small white sphere which stopped&#44 hovered for 5 minutes&#44 then took off and disapeared.",
        "witnesses": 1,
        "credibility": "MEDIA (reporte civil NUFORC)",
        "country": "EE.UU.",
        "sources": "NUFORC — reno, nv|nuforc.org"
      }
    },
    {
      "type": "Feature",
      "geometry": {
        "type": "Point",
        "coordinates": [
          -71.0416667,
          42.1625
        ]
      },
      "properties": {
        "id": "GF15184AA",
        "type": "ufo",
        "date": "2002-10-11",
        "recent": false,
        "isNew": false,
        "title": "Avistamiento NUFORC: Cylinder en randolph, ma",
        "description": "Daylight sighting of High Altitude Light",
        "witnesses": 1,
        "credibility": "MEDIA (reporte civil NUFORC)",
        "country": "EE.UU.",
        "sources": "NUFORC — randolph, ma|nuforc.org"
      }
    },
    {
      "type": "Feature",
      "geometry": {
        "type": "Point",
        "coordinates": [
          -96.8,
          32.7833333
        ]
      },
      "properties": {
        "id": "G29D13BB1",
        "type": "lights_sky",
        "date": "2002-10-11",
        "recent": false,
        "isNew": false,
        "title": "Avistamiento NUFORC: Fireball en dallas, tx",
        "description": "Meteor lights up the skies over Dallas&#44 crashes somehere to the south.",
        "witnesses": 1,
        "credibility": "MEDIA (reporte civil NUFORC)",
        "country": "EE.UU.",
        "sources": "NUFORC — dallas, tx|nuforc.org"
      }
    },
    {
      "type": "Feature",
      "geometry": {
        "type": "Point",
        "coordinates": [
          -117.1563889,
          32.7152778
        ]
      },
      "properties": {
        "id": "GB88DCDC5",
        "type": "ufo",
        "date": "2003-10-11",
        "recent": false,
        "isNew": false,
        "title": "Avistamiento NUFORC:  en san diego, ca",
        "description": "Lost two days awaken to power out tv fried and blood from ear.Disoriented",
        "witnesses": 1,
        "credibility": "MEDIA (reporte civil NUFORC)",
        "country": "EE.UU.",
        "sources": "NUFORC — san diego, ca|nuforc.org"
      }
    },
    {
      "type": "Feature",
      "geometry": {
        "type": "Point",
        "coordinates": [
          -92.9744444,
          43.6666667
        ]
      },
      "properties": {
        "id": "GFE85C1F1",
        "type": "ufo",
        "date": "2003-10-11",
        "recent": false,
        "isNew": false,
        "title": "Avistamiento NUFORC: Circle en austin, mn",
        "description": "THE TWO WHITE ROUND OBJECTS FLEW SYNCHONIZED SIDE BY SIDE AND EVENTUALLY VEERED OFF MADE HALF A CIRCLE AND MERGED&#44 AND RE-ENTERED SPACE",
        "witnesses": 1,
        "credibility": "MEDIA (reporte civil NUFORC)",
        "country": "EE.UU.",
        "sources": "NUFORC — austin, mn|nuforc.org"
      }
    },
    {
      "type": "Feature",
      "geometry": {
        "type": "Point",
        "coordinates": [
          -74.0063889,
          40.7141667
        ]
      },
      "properties": {
        "id": "G1E01E99E",
        "type": "ufo",
        "date": "2003-10-11",
        "recent": false,
        "isNew": false,
        "title": "Avistamiento NUFORC: Egg en new york city (manhattan), ny",
        "description": "object  discharged another&#44 flew at first low then went higher hovered around empire state building",
        "witnesses": 1,
        "credibility": "MEDIA (reporte civil NUFORC)",
        "country": "EE.UU.",
        "sources": "NUFORC — new york city (manhattan), ny|nuforc.org"
      }
    },
    {
      "type": "Feature",
      "geometry": {
        "type": "Point",
        "coordinates": [
          -120.1822222,
          39.3280556
        ]
      },
      "properties": {
        "id": "G5289B25A",
        "type": "ufo",
        "date": "2003-10-11",
        "recent": false,
        "isNew": false,
        "title": "Avistamiento NUFORC: Sphere en truckee, ca",
        "description": "Round very light blue object goes behind a small mountain",
        "witnesses": 1,
        "credibility": "MEDIA (reporte civil NUFORC)",
        "country": "EE.UU.",
        "sources": "NUFORC — truckee, ca|nuforc.org"
      }
    },
    {
      "type": "Feature",
      "geometry": {
        "type": "Point",
        "coordinates": [
          -85.956247,
          37.916104
        ]
      },
      "properties": {
        "id": "G96479F04",
        "type": "lights_sky",
        "date": "2003-10-11",
        "recent": false,
        "isNew": false,
        "title": "Avistamiento NUFORC: Fireball en fort knox, ky",
        "description": "i saw a large fireball falling to earth in the early morning hours on  Oct.11&#442003 in Kentucky",
        "witnesses": 1,
        "credibility": "MEDIA (reporte civil NUFORC)",
        "country": "",
        "sources": "NUFORC — fort knox, ky|nuforc.org"
      }
    },
    {
      "type": "Feature",
      "geometry": {
        "type": "Point",
        "coordinates": [
          -85.8,
          43.4197222
        ]
      },
      "properties": {
        "id": "G31E2DBB8",
        "type": "ufo",
        "date": "2003-10-11",
        "recent": false,
        "isNew": false,
        "title": "Avistamiento NUFORC: Circle en newaygo, mi",
        "description": "Two fuzzy disks chaseing each other.",
        "witnesses": 1,
        "credibility": "MEDIA (reporte civil NUFORC)",
        "country": "EE.UU.",
        "sources": "NUFORC — newaygo, mi|nuforc.org"
      }
    },
    {
      "type": "Feature",
      "geometry": {
        "type": "Point",
        "coordinates": [
          -99.901813,
          41.492537
        ]
      },
      "properties": {
        "id": "GC7C9BC2F",
        "type": "ufo",
        "date": "2003-10-11",
        "recent": false,
        "isNew": false,
        "title": "Avistamiento NUFORC: Cigar en nebraska (above?&#44 or above south dakota), ne",
        "description": "rather large cigar shaped object photographed from airplane window",
        "witnesses": 1,
        "credibility": "MEDIA (reporte civil NUFORC)",
        "country": "",
        "sources": "NUFORC — nebraska (above?&#44 or above south dakota), ne|nuforc.org"
      }
    },
    {
      "type": "Feature",
      "geometry": {
        "type": "Point",
        "coordinates": [
          -120.7975,
          38.7297222
        ]
      },
      "properties": {
        "id": "G69345DC8",
        "type": "lights_sky",
        "date": "2003-10-11",
        "recent": false,
        "isNew": false,
        "title": "Avistamiento NUFORC: Light en placerville, ca",
        "description": "Unverified pair of bold star lights diminishing in perfect unison.",
        "witnesses": 1,
        "credibility": "MEDIA (reporte civil NUFORC)",
        "country": "EE.UU.",
        "sources": "NUFORC — placerville, ca|nuforc.org"
      }
    },
    {
      "type": "Feature",
      "geometry": {
        "type": "Point",
        "coordinates": [
          -104.9366667,
          40.0991667
        ]
      },
      "properties": {
        "id": "G82CC4AAB",
        "type": "ufo",
        "date": "2003-10-11",
        "recent": false,
        "isNew": false,
        "title": "Avistamiento NUFORC: Unknown en frederick, co",
        "description": "Large flash outside the house rattling the windows with a low hum.",
        "witnesses": 1,
        "credibility": "MEDIA (reporte civil NUFORC)",
        "country": "EE.UU.",
        "sources": "NUFORC — frederick, co|nuforc.org"
      }
    },
    {
      "type": "Feature",
      "geometry": {
        "type": "Point",
        "coordinates": [
          -86.5263889,
          39.1652778
        ]
      },
      "properties": {
        "id": "G63BE40DA",
        "type": "ufo",
        "date": "2003-10-11",
        "recent": false,
        "isNew": false,
        "title": "Avistamiento NUFORC: Disk en bloomington, in",
        "description": "Saucer shaped craft with kaleidoscope lights.",
        "witnesses": 1,
        "credibility": "MEDIA (reporte civil NUFORC)",
        "country": "EE.UU.",
        "sources": "NUFORC — bloomington, in|nuforc.org"
      }
    },
    {
      "type": "Feature",
      "geometry": {
        "type": "Point",
        "coordinates": [
          -94.4152778,
          39.0911111
        ]
      },
      "properties": {
        "id": "GDCC2B876",
        "type": "ufo",
        "date": "2003-10-11",
        "recent": false,
        "isNew": false,
        "title": "Avistamiento NUFORC: Chevron en independence, mo",
        "description": "UFO with black exhaust sighted in Independence&#44 MO Oct. 11&#44 2003",
        "witnesses": 1,
        "credibility": "MEDIA (reporte civil NUFORC)",
        "country": "EE.UU.",
        "sources": "NUFORC — independence, mo|nuforc.org"
      }
    },
    {
      "type": "Feature",
      "geometry": {
        "type": "Point",
        "coordinates": [
          -157.8583333,
          21.3069444
        ]
      },
      "properties": {
        "id": "GC4FEF603",
        "type": "ufo",
        "date": "2004-10-11",
        "recent": false,
        "isNew": false,
        "title": "Avistamiento NUFORC: Triangle en honolulu, hi",
        "description": "3 trangular UFOs were spotted in a triangle formation for 3 seconds.",
        "witnesses": 1,
        "credibility": "MEDIA (reporte civil NUFORC)",
        "country": "EE.UU.",
        "sources": "NUFORC — honolulu, hi|nuforc.org"
      }
    },
    {
      "type": "Feature",
      "geometry": {
        "type": "Point",
        "coordinates": [
          -118.2427778,
          34.0522222
        ]
      },
      "properties": {
        "id": "G8D2C4419",
        "type": "ufo",
        "date": "2004-10-11",
        "recent": false,
        "isNew": false,
        "title": "Avistamiento NUFORC: Rectangle en los angeles, ca",
        "description": "Large&#44 rectangular&#44 pale green-blue object spotted at approx. 2:37 am&#44 10/11/04&#44 moving east over the San Fernando Valley.",
        "witnesses": 1,
        "credibility": "MEDIA (reporte civil NUFORC)",
        "country": "EE.UU.",
        "sources": "NUFORC — los angeles, ca|nuforc.org"
      }
    },
    {
      "type": "Feature",
      "geometry": {
        "type": "Point",
        "coordinates": [
          -123.3158333,
          44.9194444
        ]
      },
      "properties": {
        "id": "GB566A11A",
        "type": "lights_sky",
        "date": "2004-10-11",
        "recent": false,
        "isNew": false,
        "title": "Avistamiento NUFORC: Light en dallas, or",
        "description": "Very intense light&#44 shone through covered windows&#44 absolutely no sound&#44 felt presence before observing.",
        "witnesses": 1,
        "credibility": "MEDIA (reporte civil NUFORC)",
        "country": "EE.UU.",
        "sources": "NUFORC — dallas, or|nuforc.org"
      }
    },
    {
      "type": "Feature",
      "geometry": {
        "type": "Point",
        "coordinates": [
          -75.1319444,
          39.7327778
        ]
      },
      "properties": {
        "id": "GF950F651",
        "type": "other",
        "date": "2004-10-11",
        "recent": false,
        "isNew": false,
        "title": "Avistamiento NUFORC: Other en pitman, nj",
        "description": "star-like light that bobbled side to side and up and down  ((NUFORC Note:  We suspect Venus.  PD))",
        "witnesses": 1,
        "credibility": "MEDIA (reporte civil NUFORC)",
        "country": "EE.UU.",
        "sources": "NUFORC — pitman, nj|nuforc.org"
      }
    },
    {
      "type": "Feature",
      "geometry": {
        "type": "Point",
        "coordinates": [
          -121.8938889,
          37.3394444
        ]
      },
      "properties": {
        "id": "G8CDD27AB",
        "type": "lights_sky",
        "date": "2004-10-11",
        "recent": false,
        "isNew": false,
        "title": "Avistamiento NUFORC: Light en san jose, ca",
        "description": "Light traveling at very high rate of speed across the morning sky.",
        "witnesses": 1,
        "credibility": "MEDIA (reporte civil NUFORC)",
        "country": "EE.UU.",
        "sources": "NUFORC — san jose, ca|nuforc.org"
      }
    },
    {
      "type": "Feature",
      "geometry": {
        "type": "Point",
        "coordinates": [
          -99.549573,
          27.477936
        ]
      },
      "properties": {
        "id": "GAB3ECC2A",
        "type": "lights_sky",
        "date": "2004-10-11",
        "recent": false,
        "isNew": false,
        "title": "Avistamiento NUFORC: Light en nuevo laredo (mexico)",
        "description": "While I was driving I stopped at a traffic light and when I turned to wait for the green light&#44 I saw 11 bright lights in the sky",
        "witnesses": 1,
        "credibility": "MEDIA (reporte civil NUFORC)",
        "country": "",
        "sources": "NUFORC — nuevo laredo (mexico)|nuforc.org"
      }
    },
    {
      "type": "Feature",
      "geometry": {
        "type": "Point",
        "coordinates": [
          -121.6544444,
          36.6777778
        ]
      },
      "properties": {
        "id": "G40D7DAD4",
        "type": "lights_sky",
        "date": "2004-10-11",
        "recent": false,
        "isNew": false,
        "title": "Avistamiento NUFORC: Formation en salinas, ca",
        "description": "Large formation of UFO&#39s seen over south Salinas&#44 CA on Oct. 11&#44 2004&#44 in broad daylight.",
        "witnesses": 1,
        "credibility": "MEDIA (reporte civil NUFORC)",
        "country": "EE.UU.",
        "sources": "NUFORC — salinas, ca|nuforc.org"
      }
    },
    {
      "type": "Feature",
      "geometry": {
        "type": "Point",
        "coordinates": [
          -120.5897222,
          35.1186111
        ]
      },
      "properties": {
        "id": "GAE4FF83E",
        "type": "ufo",
        "date": "2004-10-11",
        "recent": false,
        "isNew": false,
        "title": "Avistamiento NUFORC: Circle en arroyo grande, ca",
        "description": "observed Angel Hair type UFO",
        "witnesses": 1,
        "credibility": "MEDIA (reporte civil NUFORC)",
        "country": "EE.UU.",
        "sources": "NUFORC — arroyo grande, ca|nuforc.org"
      }
    },
    {
      "type": "Feature",
      "geometry": {
        "type": "Point",
        "coordinates": [
          -119.7713889,
          36.7477778
        ]
      },
      "properties": {
        "id": "GE17BCCB2",
        "type": "ufo",
        "date": "2004-10-11",
        "recent": false,
        "isNew": false,
        "title": "Avistamiento NUFORC: Rectangle en fresno, ca",
        "description": "Rectangle over Fresno&#44 California.",
        "witnesses": 1,
        "credibility": "MEDIA (reporte civil NUFORC)",
        "country": "EE.UU.",
        "sources": "NUFORC — fresno, ca|nuforc.org"
      }
    },
    {
      "type": "Feature",
      "geometry": {
        "type": "Point",
        "coordinates": [
          -81.83569,
          41.314497
        ]
      },
      "properties": {
        "id": "G9CB3260F",
        "type": "lights_sky",
        "date": "2004-10-11",
        "recent": false,
        "isNew": false,
        "title": "Avistamiento NUFORC: Light en strongsvilles, oh",
        "description": "neon green light or object traveled eastward then fell out of view&#44 no aircraft nearby",
        "witnesses": 1,
        "credibility": "MEDIA (reporte civil NUFORC)",
        "country": "",
        "sources": "NUFORC — strongsvilles, oh|nuforc.org"
      }
    },
    {
      "type": "Feature",
      "geometry": {
        "type": "Point",
        "coordinates": [
          -80.0572222,
          26.6155556
        ]
      },
      "properties": {
        "id": "GE4371620",
        "type": "lights_sky",
        "date": "2004-10-11",
        "recent": false,
        "isNew": false,
        "title": "Avistamiento NUFORC: Formation en lake worth, fl",
        "description": "Multiple formations viewed by three witnesses.",
        "witnesses": 1,
        "credibility": "MEDIA (reporte civil NUFORC)",
        "country": "EE.UU.",
        "sources": "NUFORC — lake worth, fl|nuforc.org"
      }
    },
    {
      "type": "Feature",
      "geometry": {
        "type": "Point",
        "coordinates": [
          -78.7380556,
          42.9638889
        ]
      },
      "properties": {
        "id": "G3DDC2314",
        "type": "lights_sky",
        "date": "2004-10-11",
        "recent": false,
        "isNew": false,
        "title": "Avistamiento NUFORC: Light en williamsville, ny",
        "description": "Hovering light seen over Williamsville&#44 NY",
        "witnesses": 1,
        "credibility": "MEDIA (reporte civil NUFORC)",
        "country": "EE.UU.",
        "sources": "NUFORC — williamsville, ny|nuforc.org"
      }
    },
    {
      "type": "Feature",
      "geometry": {
        "type": "Point",
        "coordinates": [
          -2.016667,
          52.683333
        ]
      },
      "properties": {
        "id": "G87B1F5E9",
        "type": "lights_sky",
        "date": "2005-10-11",
        "recent": false,
        "isNew": false,
        "title": "Avistamiento NUFORC: Formation en cannock (uk/england)",
        "description": "Formation spotted",
        "witnesses": 1,
        "credibility": "MEDIA (reporte civil NUFORC)",
        "country": "Reino Unido",
        "sources": "NUFORC — cannock (uk/england)|nuforc.org"
      }
    },
    {
      "type": "Feature",
      "geometry": {
        "type": "Point",
        "coordinates": [
          -82.7397222,
          28.1875
        ]
      },
      "properties": {
        "id": "G70EED4A7",
        "type": "lights_sky",
        "date": "2005-10-11",
        "recent": false,
        "isNew": false,
        "title": "Avistamiento NUFORC: Light en holiday, fl",
        "description": "light dancing over holliday florda",
        "witnesses": 1,
        "credibility": "MEDIA (reporte civil NUFORC)",
        "country": "EE.UU.",
        "sources": "NUFORC — holiday, fl|nuforc.org"
      }
    },
    {
      "type": "Feature",
      "geometry": {
        "type": "Point",
        "coordinates": [
          -93.1666667,
          44.8041667
        ]
      },
      "properties": {
        "id": "G4FB0EB23",
        "type": "lights_sky",
        "date": "2005-10-11",
        "recent": false,
        "isNew": false,
        "title": "Avistamiento NUFORC: Circle en eagan, mn",
        "description": "((NUFORC Note:  Possible star.  PD))  Bright colorfull glowing ball.",
        "witnesses": 1,
        "credibility": "MEDIA (reporte civil NUFORC)",
        "country": "EE.UU.",
        "sources": "NUFORC — eagan, mn|nuforc.org"
      }
    },
    {
      "type": "Feature",
      "geometry": {
        "type": "Point",
        "coordinates": [
          -94.540496,
          36.188137
        ]
      },
      "properties": {
        "id": "G08B67CC1",
        "type": "lights_sky",
        "date": "2005-10-11",
        "recent": false,
        "isNew": false,
        "title": "Avistamiento NUFORC: Circle en siloam sprngs, ar",
        "description": "Round light appeared to be surrounded by fog&#44 approaced from south neaded NNE&#44 changed speed&#44 then turned sharply west.",
        "witnesses": 1,
        "credibility": "MEDIA (reporte civil NUFORC)",
        "country": "",
        "sources": "NUFORC — siloam sprngs, ar|nuforc.org"
      }
    },
    {
      "type": "Feature",
      "geometry": {
        "type": "Point",
        "coordinates": [
          -111.093731,
          39.32098
        ]
      },
      "properties": {
        "id": "G7EEA24AC",
        "type": "lights_sky",
        "date": "2005-10-11",
        "recent": false,
        "isNew": false,
        "title": "Avistamiento NUFORC: Formation en canyonlands np, ut",
        "description": "((NUFORC Note:  Possible satellites.  PD))  Needles Outpost: I was admiring the stars I saw 3 moving objects&#44 all in a row.",
        "witnesses": 1,
        "credibility": "MEDIA (reporte civil NUFORC)",
        "country": "",
        "sources": "NUFORC — canyonlands np, ut|nuforc.org"
      }
    },
    {
      "type": "Feature",
      "geometry": {
        "type": "Point",
        "coordinates": [
          -112.2622222,
          40.6808333
        ]
      },
      "properties": {
        "id": "G04DA3B59",
        "type": "lights_sky",
        "date": "2005-10-11",
        "recent": false,
        "isNew": false,
        "title": "Avistamiento NUFORC: Light en lake point, ut",
        "description": "Lights near  Lake Point/Grantsville&#44 UT",
        "witnesses": 1,
        "credibility": "MEDIA (reporte civil NUFORC)",
        "country": "EE.UU.",
        "sources": "NUFORC — lake point, ut|nuforc.org"
      }
    },
    {
      "type": "Feature",
      "geometry": {
        "type": "Point",
        "coordinates": [
          -157.974891,
          21.344507
        ]
      },
      "properties": {
        "id": "G5FA7D003",
        "type": "lights_sky",
        "date": "2005-10-11",
        "recent": false,
        "isNew": false,
        "title": "Avistamiento NUFORC: Light en pearl harbor, hi",
        "description": "Fast moving light in the sky South of Peal Harbor",
        "witnesses": 1,
        "credibility": "MEDIA (reporte civil NUFORC)",
        "country": "",
        "sources": "NUFORC — pearl harbor, hi|nuforc.org"
      }
    },
    {
      "type": "Feature",
      "geometry": {
        "type": "Point",
        "coordinates": [
          -112.2366667,
          33.5805556
        ]
      },
      "properties": {
        "id": "GA778CAAE",
        "type": "lights_sky",
        "date": "2005-10-11",
        "recent": false,
        "isNew": false,
        "title": "Avistamiento NUFORC: Light en peoria, az",
        "description": "Formation of amber lights over Tolleson&#44 AZ that flickered off and on for about 90 minutes.",
        "witnesses": 1,
        "credibility": "MEDIA (reporte civil NUFORC)",
        "country": "EE.UU.",
        "sources": "NUFORC — peoria, az|nuforc.org"
      }
    },
    {
      "type": "Feature",
      "geometry": {
        "type": "Point",
        "coordinates": [
          -112.5830556,
          33.3702778
        ]
      },
      "properties": {
        "id": "G92A25DE1",
        "type": "lights_sky",
        "date": "2005-10-11",
        "recent": false,
        "isNew": false,
        "title": "Avistamiento NUFORC: Formation en buckeye, az",
        "description": "two different multi-light configurations that changed position and appeared low in the sky south of Buckeye&#44 Arizona",
        "witnesses": 1,
        "credibility": "MEDIA (reporte civil NUFORC)",
        "country": "EE.UU.",
        "sources": "NUFORC — buckeye, az|nuforc.org"
      }
    },
    {
      "type": "Feature",
      "geometry": {
        "type": "Point",
        "coordinates": [
          -111.7566667,
          32.8794444
        ]
      },
      "properties": {
        "id": "G3BEBCE8D",
        "type": "lights_sky",
        "date": "2005-10-11",
        "recent": false,
        "isNew": false,
        "title": "Avistamiento NUFORC: Light en casa grande, az",
        "description": "amber lights over I-10 near Casa Grande Az.",
        "witnesses": 1,
        "credibility": "MEDIA (reporte civil NUFORC)",
        "country": "EE.UU.",
        "sources": "NUFORC — casa grande, az|nuforc.org"
      }
    },
    {
      "type": "Feature",
      "geometry": {
        "type": "Point",
        "coordinates": [
          -88.0430556,
          30.6941667
        ]
      },
      "properties": {
        "id": "G56F1CF1B",
        "type": "lights_sky",
        "date": "2005-10-11",
        "recent": false,
        "isNew": false,
        "title": "Avistamiento NUFORC: Light en mobile, al",
        "description": "((NUFORC Note:  Possible sighting of Mars.  PD))  Massive brilliant white light that just hung in the Southern sky.",
        "witnesses": 1,
        "credibility": "MEDIA (reporte civil NUFORC)",
        "country": "EE.UU.",
        "sources": "NUFORC — mobile, al|nuforc.org"
      }
    },
    {
      "type": "Feature",
      "geometry": {
        "type": "Point",
        "coordinates": [
          -74.0425,
          40.8527778
        ]
      },
      "properties": {
        "id": "G87EC6DF2",
        "type": "ufo",
        "date": "2005-10-11",
        "recent": false,
        "isNew": false,
        "title": "Avistamiento NUFORC: Oval en little ferry, nj",
        "description": "oval sahped  the whole thing was lit up with a very bright white light&#44 huvered over the trees&#44disappeared",
        "witnesses": 1,
        "credibility": "MEDIA (reporte civil NUFORC)",
        "country": "EE.UU.",
        "sources": "NUFORC — little ferry, nj|nuforc.org"
      }
    },
    {
      "type": "Feature",
      "geometry": {
        "type": "Point",
        "coordinates": [
          -95.0927778,
          42.2711111
        ]
      },
      "properties": {
        "id": "G17BEFDBA",
        "type": "lights_sky",
        "date": "2005-10-11",
        "recent": false,
        "isNew": false,
        "title": "Avistamiento NUFORC: Light en wall lake, ia",
        "description": "strange shit in the sky in sac county iowa.",
        "witnesses": 1,
        "credibility": "MEDIA (reporte civil NUFORC)",
        "country": "EE.UU.",
        "sources": "NUFORC — wall lake, ia|nuforc.org"
      }
    },
    {
      "type": "Feature",
      "geometry": {
        "type": "Point",
        "coordinates": [
          -1.35,
          53.433333
        ]
      },
      "properties": {
        "id": "G40E741C2",
        "type": "ufo",
        "date": "2005-10-11",
        "recent": false,
        "isNew": false,
        "title": "Avistamiento NUFORC: Oval en rotherham (south yorkshire) (uk/england)",
        "description": "A light it was a oval shape duration was 1hr",
        "witnesses": 1,
        "credibility": "MEDIA (reporte civil NUFORC)",
        "country": "Reino Unido",
        "sources": "NUFORC — rotherham (south yorkshire) (uk/england)|nuforc.org"
      }
    },
    {
      "type": "Feature",
      "geometry": {
        "type": "Point",
        "coordinates": [
          -86.7844444,
          36.1658333
        ]
      },
      "properties": {
        "id": "G69C0ACD3",
        "type": "ufo",
        "date": "2006-10-11",
        "recent": false,
        "isNew": false,
        "title": "Avistamiento NUFORC: Disk en nashville, tn",
        "description": "Circle shaped solid white object flying through clouds.",
        "witnesses": 1,
        "credibility": "MEDIA (reporte civil NUFORC)",
        "country": "EE.UU.",
        "sources": "NUFORC — nashville, tn|nuforc.org"
      }
    },
    {
      "type": "Feature",
      "geometry": {
        "type": "Point",
        "coordinates": [
          -87.529487,
          41.615591
        ]
      },
      "properties": {
        "id": "G90BCC5C4",
        "type": "ufo",
        "date": "2006-10-11",
        "recent": false,
        "isNew": false,
        "title": "Avistamiento NUFORC: Circle en calumet city, in",
        "description": "i work as a security guard at the calume t city airport. i have grave yard shift fom 11:pm to 7 am. i was doing my round checking the p",
        "witnesses": 1,
        "credibility": "MEDIA (reporte civil NUFORC)",
        "country": "",
        "sources": "NUFORC — calumet city, in|nuforc.org"
      }
    },
    {
      "type": "Feature",
      "geometry": {
        "type": "Point",
        "coordinates": [
          -70.648258,
          43.161748
        ]
      },
      "properties": {
        "id": "G45C5D830",
        "type": "ufo",
        "date": "2006-10-11",
        "recent": false,
        "isNew": false,
        "title": "Avistamiento NUFORC: Disk en york, me",
        "description": "Illuminated but not shiny disc  with three large pulsing lights underside&#44 white to red&#44 following path along the Atlantic coastline.",
        "witnesses": 1,
        "credibility": "MEDIA (reporte civil NUFORC)",
        "country": "",
        "sources": "NUFORC — york, me|nuforc.org"
      }
    },
    {
      "type": "Feature",
      "geometry": {
        "type": "Point",
        "coordinates": [
          -92.289595,
          34.746481
        ]
      },
      "properties": {
        "id": "G8C2791AD",
        "type": "ufo",
        "date": "2006-10-11",
        "recent": false,
        "isNew": false,
        "title": "Avistamiento NUFORC: Oval en littlerock, ar",
        "description": "The first object was shaped like an oval and appeared coming out the southwest traveling in an eastern direction this object appeared t",
        "witnesses": 1,
        "credibility": "MEDIA (reporte civil NUFORC)",
        "country": "",
        "sources": "NUFORC — littlerock, ar|nuforc.org"
      }
    },
    {
      "type": "Feature",
      "geometry": {
        "type": "Point",
        "coordinates": [
          -122.3138889,
          47.8211111
        ]
      },
      "properties": {
        "id": "GF256E563",
        "type": "ufo",
        "date": "2006-10-11",
        "recent": false,
        "isNew": false,
        "title": "Avistamiento NUFORC: Unknown en lynnwood, wa",
        "description": "I noticed a very white tail behind an object traveling north in the southern sky. It appeared to be very high and far away. The object",
        "witnesses": 1,
        "credibility": "MEDIA (reporte civil NUFORC)",
        "country": "EE.UU.",
        "sources": "NUFORC — lynnwood, wa|nuforc.org"
      }
    },
    {
      "type": "Feature",
      "geometry": {
        "type": "Point",
        "coordinates": [
          -118.1219444,
          34.0625
        ]
      },
      "properties": {
        "id": "G9B882FCA",
        "type": "lights_sky",
        "date": "2006-10-11",
        "recent": false,
        "isNew": false,
        "title": "Avistamiento NUFORC: Fireball en monterey park, ca",
        "description": "huge ball of fire hanging in the sky",
        "witnesses": 1,
        "credibility": "MEDIA (reporte civil NUFORC)",
        "country": "EE.UU.",
        "sources": "NUFORC — monterey park, ca|nuforc.org"
      }
    },
    {
      "type": "Feature",
      "geometry": {
        "type": "Point",
        "coordinates": [
          -91.6705556,
          47.0227778
        ]
      },
      "properties": {
        "id": "GFDC92B29",
        "type": "lights_sky",
        "date": "2006-10-11",
        "recent": false,
        "isNew": false,
        "title": "Avistamiento NUFORC: Light en two harbors, mn",
        "description": "Northern Lights ?? Right&#33",
        "witnesses": 1,
        "credibility": "MEDIA (reporte civil NUFORC)",
        "country": "EE.UU.",
        "sources": "NUFORC — two harbors, mn|nuforc.org"
      }
    },
    {
      "type": "Feature",
      "geometry": {
        "type": "Point",
        "coordinates": [
          -87.2169444,
          30.4211111
        ]
      },
      "properties": {
        "id": "G1DE99865",
        "type": "ufo",
        "date": "2006-10-11",
        "recent": false,
        "isNew": false,
        "title": "Avistamiento NUFORC: Diamond en pensacola, fl",
        "description": "Six orange glowing diamond shaped objects in two separate clusters due east of Pensacola",
        "witnesses": 1,
        "credibility": "MEDIA (reporte civil NUFORC)",
        "country": "EE.UU.",
        "sources": "NUFORC — pensacola, fl|nuforc.org"
      }
    },
    {
      "type": "Feature",
      "geometry": {
        "type": "Point",
        "coordinates": [
          -1.283333,
          51.816667
        ]
      },
      "properties": {
        "id": "G03290610",
        "type": "lights_sky",
        "date": "2006-10-11",
        "recent": false,
        "isNew": false,
        "title": "Avistamiento NUFORC: Formation en kidlington (uk/england)",
        "description": "Shape of object wasn&#39t wisible. Light spots shine in triangular shape",
        "witnesses": 1,
        "credibility": "MEDIA (reporte civil NUFORC)",
        "country": "Reino Unido",
        "sources": "NUFORC — kidlington (uk/england)|nuforc.org"
      }
    },
    {
      "type": "Feature",
      "geometry": {
        "type": "Point",
        "coordinates": [
          -97.8780556,
          36.3955556
        ]
      },
      "properties": {
        "id": "GC977FFD1",
        "type": "lights_sky",
        "date": "2006-10-11",
        "recent": false,
        "isNew": false,
        "title": "Avistamiento NUFORC: Light en enid, ok",
        "description": "Fast moving ball of light speeds across the sky.",
        "witnesses": 1,
        "credibility": "MEDIA (reporte civil NUFORC)",
        "country": "EE.UU.",
        "sources": "NUFORC — enid, ok|nuforc.org"
      }
    },
    {
      "type": "Feature",
      "geometry": {
        "type": "Point",
        "coordinates": [
          -100.9594444,
          35.5361111
        ]
      },
      "properties": {
        "id": "GC6C66504",
        "type": "ufo",
        "date": "2006-10-11",
        "recent": false,
        "isNew": false,
        "title": "Avistamiento NUFORC: Triangle en pampa, tx",
        "description": "Two triangular objects&#44 lit up by three main lights and other lights in between&#44 moving simotaniously to the East over Pampa Tx.",
        "witnesses": 1,
        "credibility": "MEDIA (reporte civil NUFORC)",
        "country": "EE.UU.",
        "sources": "NUFORC — pampa, tx|nuforc.org"
      }
    },
    {
      "type": "Feature",
      "geometry": {
        "type": "Point",
        "coordinates": [
          -75.4561111,
          43.2127778
        ]
      },
      "properties": {
        "id": "G092257F5",
        "type": "ufo",
        "date": "2006-10-11",
        "recent": false,
        "isNew": false,
        "title": "Avistamiento NUFORC: Oval en rome, ny",
        "description": "I was walking from the garage to the house&#44I happen to look up at a plane I hurd over head&#44 a small private plane. There&#39s a small air",
        "witnesses": 1,
        "credibility": "MEDIA (reporte civil NUFORC)",
        "country": "EE.UU.",
        "sources": "NUFORC — rome, ny|nuforc.org"
      }
    },
    {
      "type": "Feature",
      "geometry": {
        "type": "Point",
        "coordinates": [
          -84.3663889,
          39.0297222
        ]
      },
      "properties": {
        "id": "G280CE442",
        "type": "ufo",
        "date": "2007-10-11",
        "recent": false,
        "isNew": false,
        "title": "Avistamiento NUFORC: Oval en melbourne, ky",
        "description": "flashing lights spotted near Ohio River",
        "witnesses": 1,
        "credibility": "MEDIA (reporte civil NUFORC)",
        "country": "EE.UU.",
        "sources": "NUFORC — melbourne, ky|nuforc.org"
      }
    },
    {
      "type": "Feature",
      "geometry": {
        "type": "Point",
        "coordinates": [
          -123.1752778,
          45.2944444
        ]
      },
      "properties": {
        "id": "G607E419C",
        "type": "ufo",
        "date": "2007-10-11",
        "recent": false,
        "isNew": false,
        "title": "Avistamiento NUFORC: Cylinder en carlton, or",
        "description": "it was not anything thath we have",
        "witnesses": 1,
        "credibility": "MEDIA (reporte civil NUFORC)",
        "country": "EE.UU.",
        "sources": "NUFORC — carlton, or|nuforc.org"
      }
    },
    {
      "type": "Feature",
      "geometry": {
        "type": "Point",
        "coordinates": [
          -122.5691667,
          45.4077778
        ]
      },
      "properties": {
        "id": "GB5F633A4",
        "type": "ufo",
        "date": "2007-10-11",
        "recent": false,
        "isNew": false,
        "title": "Avistamiento NUFORC: Circle en clackamas, or",
        "description": "Silver circular or sphere-like object flying parallel to I-205 in the Gladstone/Clackamas area.",
        "witnesses": 1,
        "credibility": "MEDIA (reporte civil NUFORC)",
        "country": "EE.UU.",
        "sources": "NUFORC — clackamas, or|nuforc.org"
      }
    },
    {
      "type": "Feature",
      "geometry": {
        "type": "Point",
        "coordinates": [
          152.7455,
          -27.597553
        ]
      },
      "properties": {
        "id": "G7EE1BC48",
        "type": "ufo",
        "date": "2007-10-11",
        "recent": false,
        "isNew": false,
        "title": "Avistamiento NUFORC: Unknown en brassall (australia)",
        "description": "Accidentally photographed very strange UFO",
        "witnesses": 1,
        "credibility": "MEDIA (reporte civil NUFORC)",
        "country": "",
        "sources": "NUFORC — brassall (australia)|nuforc.org"
      }
    },
    {
      "type": "Feature",
      "geometry": {
        "type": "Point",
        "coordinates": [
          -122.3308333,
          47.6063889
        ]
      },
      "properties": {
        "id": "G1616BAE6",
        "type": "ufo",
        "date": "2007-10-11",
        "recent": false,
        "isNew": false,
        "title": "Avistamiento NUFORC: Triangle en seattle, wa",
        "description": "I saw two orange colored lights&#44 close together but moving independently across the sky&#44 at high rate of speed. Then they disappeared.",
        "witnesses": 1,
        "credibility": "MEDIA (reporte civil NUFORC)",
        "country": "EE.UU.",
        "sources": "NUFORC — seattle, wa|nuforc.org"
      }
    },
    {
      "type": "Feature",
      "geometry": {
        "type": "Point",
        "coordinates": [
          -81.0280556,
          35.0241667
        ]
      },
      "properties": {
        "id": "G75D86DF6",
        "type": "lights_sky",
        "date": "2007-10-11",
        "recent": false,
        "isNew": false,
        "title": "Avistamiento NUFORC: Light en tega cay, sc",
        "description": "Bright white light and then 2 blinking red lights in Western Sky",
        "witnesses": 1,
        "credibility": "MEDIA (reporte civil NUFORC)",
        "country": "EE.UU.",
        "sources": "NUFORC — tega cay, sc|nuforc.org"
      }
    },
    {
      "type": "Feature",
      "geometry": {
        "type": "Point",
        "coordinates": [
          -87.7008333,
          30.2458333
        ]
      },
      "properties": {
        "id": "GDAD790FD",
        "type": "ufo",
        "date": "2007-10-11",
        "recent": false,
        "isNew": false,
        "title": "Avistamiento NUFORC: Disk en gulf shores, al",
        "description": "Brightly lighted Object appeared total of 6-8 times in different locations in night sky over ocean for few seconds and disappeared",
        "witnesses": 1,
        "credibility": "MEDIA (reporte civil NUFORC)",
        "country": "EE.UU.",
        "sources": "NUFORC — gulf shores, al|nuforc.org"
      }
    },
    {
      "type": "Feature",
      "geometry": {
        "type": "Point",
        "coordinates": [
          -0.093689,
          51.514125
        ]
      },
      "properties": {
        "id": "G880DFD44",
        "type": "ufo",
        "date": "2007-10-11",
        "recent": false,
        "isNew": false,
        "title": "Avistamiento NUFORC: Unknown en london (uk/england)",
        "description": "Yellow lights in formation",
        "witnesses": 1,
        "credibility": "MEDIA (reporte civil NUFORC)",
        "country": "Reino Unido",
        "sources": "NUFORC — london (uk/england)|nuforc.org"
      }
    },
    {
      "type": "Feature",
      "geometry": {
        "type": "Point",
        "coordinates": [
          14.30899,
          46.62794
        ]
      },
      "properties": {
        "id": "G2F1D38B2",
        "type": "ufo",
        "date": "2008-10-11",
        "recent": false,
        "isNew": false,
        "title": "Avistamiento NUFORC: Chevron en klagenfurt (austria)",
        "description": "It came from the direction of the city&#44 when I stood on a hill in total darkness in the countryside. It was moving strangely&#44  not stra",
        "witnesses": 1,
        "credibility": "MEDIA (reporte civil NUFORC)",
        "country": "",
        "sources": "NUFORC — klagenfurt (austria)|nuforc.org"
      }
    },
    {
      "type": "Feature",
      "geometry": {
        "type": "Point",
        "coordinates": [
          -97.4972222,
          25.9013889
        ]
      },
      "properties": {
        "id": "GDB8DD0D8",
        "type": "ufo",
        "date": "2008-10-11",
        "recent": false,
        "isNew": false,
        "title": "Avistamiento NUFORC: Disk en brownsville, tx",
        "description": "I saw a ufo for 3 seconds by my house.",
        "witnesses": 1,
        "credibility": "MEDIA (reporte civil NUFORC)",
        "country": "EE.UU.",
        "sources": "NUFORC — brownsville, tx|nuforc.org"
      }
    },
    {
      "type": "Feature",
      "geometry": {
        "type": "Point",
        "coordinates": [
          -122.03,
          37.9780556
        ]
      },
      "properties": {
        "id": "G47D0BCEB",
        "type": "lights_sky",
        "date": "2008-10-11",
        "recent": false,
        "isNew": false,
        "title": "Avistamiento NUFORC: Light en concord, ca",
        "description": "Very small lights&#44 very high. moved at great speed and cganged direction. Not aircraft.",
        "witnesses": 1,
        "credibility": "MEDIA (reporte civil NUFORC)",
        "country": "EE.UU.",
        "sources": "NUFORC — concord, ca|nuforc.org"
      }
    },
    {
      "type": "Feature",
      "geometry": {
        "type": "Point",
        "coordinates": [
          -80.4744444,
          35.6708333
        ]
      },
      "properties": {
        "id": "GD543EC58",
        "type": "ufo",
        "date": "2008-10-11",
        "recent": false,
        "isNew": false,
        "title": "Avistamiento NUFORC: Sphere en salisbury, nc",
        "description": "7 UNKOWN AIRBORN OBJECT&#39S SEEN OVER  SALISBURY NC..SEARCH GRID WITNESSED&#33&#33..",
        "witnesses": 1,
        "credibility": "MEDIA (reporte civil NUFORC)",
        "country": "EE.UU.",
        "sources": "NUFORC — salisbury, nc|nuforc.org"
      }
    },
    {
      "type": "Feature",
      "geometry": {
        "type": "Point",
        "coordinates": [
          152.928057,
          -27.088079
        ]
      },
      "properties": {
        "id": "GD8E33944",
        "type": "ufo",
        "date": "2008-10-11",
        "recent": false,
        "isNew": false,
        "title": "Avistamiento NUFORC: Cylinder en bellmere (australia)",
        "description": "Very large long white cylinder object traveling high up and smoothly above storm clouds.",
        "witnesses": 1,
        "credibility": "MEDIA (reporte civil NUFORC)",
        "country": "",
        "sources": "NUFORC — bellmere (australia)|nuforc.org"
      }
    },
    {
      "type": "Feature",
      "geometry": {
        "type": "Point",
        "coordinates": [
          -73.2052778,
          41.1669444
        ]
      },
      "properties": {
        "id": "GC787CB1D",
        "type": "lights_sky",
        "date": "2008-10-11",
        "recent": false,
        "isNew": false,
        "title": "Avistamiento NUFORC: Circle en bridgeport, ct",
        "description": "I saw 6 glowing orbs lining up in different formations witin a 2 hour period over Long Island Sound.",
        "witnesses": 1,
        "credibility": "MEDIA (reporte civil NUFORC)",
        "country": "EE.UU.",
        "sources": "NUFORC — bridgeport, ct|nuforc.org"
      }
    },
    {
      "type": "Feature",
      "geometry": {
        "type": "Point",
        "coordinates": [
          -76.7697222,
          39.5122222
        ]
      },
      "properties": {
        "id": "G00F34A2D",
        "type": "ufo",
        "date": "2008-10-11",
        "recent": false,
        "isNew": false,
        "title": "Avistamiento NUFORC: Sphere en dover, md",
        "description": "freinds and familes see UFO",
        "witnesses": 1,
        "credibility": "MEDIA (reporte civil NUFORC)",
        "country": "EE.UU.",
        "sources": "NUFORC — dover, md|nuforc.org"
      }
    },
    {
      "type": "Feature",
      "geometry": {
        "type": "Point",
        "coordinates": [
          -117.3952778,
          33.9533333
        ]
      },
      "properties": {
        "id": "GA1B634B1",
        "type": "lights_sky",
        "date": "2008-10-11",
        "recent": false,
        "isNew": false,
        "title": "Avistamiento NUFORC: Light en riverside, ca",
        "description": "Bright light moving from NW to SE",
        "witnesses": 1,
        "credibility": "MEDIA (reporte civil NUFORC)",
        "country": "EE.UU.",
        "sources": "NUFORC — riverside, ca|nuforc.org"
      }
    },
    {
      "type": "Feature",
      "geometry": {
        "type": "Point",
        "coordinates": [
          -81.795,
          26.1416667
        ]
      },
      "properties": {
        "id": "GF18DA674",
        "type": "ufo",
        "date": "2008-10-11",
        "recent": false,
        "isNew": false,
        "title": "Avistamiento NUFORC: Triangle en naples, fl",
        "description": "A dark flying V.",
        "witnesses": 1,
        "credibility": "MEDIA (reporte civil NUFORC)",
        "country": "EE.UU.",
        "sources": "NUFORC — naples, fl|nuforc.org"
      }
    },
    {
      "type": "Feature",
      "geometry": {
        "type": "Point",
        "coordinates": [
          -95.9780556,
          31.2577778
        ]
      },
      "properties": {
        "id": "GA9BABF0E",
        "type": "lights_sky",
        "date": "2008-10-11",
        "recent": false,
        "isNew": false,
        "title": "Avistamiento NUFORC: Light en centerville, tx",
        "description": "MYSTERIOUS LIGHTS IN THE TEXAS SKY.",
        "witnesses": 1,
        "credibility": "MEDIA (reporte civil NUFORC)",
        "country": "EE.UU.",
        "sources": "NUFORC — centerville, tx|nuforc.org"
      }
    },
    {
      "type": "Feature",
      "geometry": {
        "type": "Point",
        "coordinates": [
          -87.969213,
          41.885738
        ]
      },
      "properties": {
        "id": "G1EB00989",
        "type": "ufo",
        "date": "2008-10-11",
        "recent": false,
        "isNew": false,
        "title": "Avistamiento NUFORC: Changing en villa park/lombard, il",
        "description": "Several Orange Lights Over Vila Park Lomabrd Areas 10-11-2008",
        "witnesses": 1,
        "credibility": "MEDIA (reporte civil NUFORC)",
        "country": "",
        "sources": "NUFORC — villa park/lombard, il|nuforc.org"
      }
    },
    {
      "type": "Feature",
      "geometry": {
        "type": "Point",
        "coordinates": [
          -106.6505556,
          35.0844444
        ]
      },
      "properties": {
        "id": "GE07D7A5E",
        "type": "lights_sky",
        "date": "2008-10-11",
        "recent": false,
        "isNew": false,
        "title": "Avistamiento NUFORC: Fireball en albuquerque, nm",
        "description": "Vehicle out of southern sky thought to be shooting star hovers over city.",
        "witnesses": 1,
        "credibility": "MEDIA (reporte civil NUFORC)",
        "country": "EE.UU.",
        "sources": "NUFORC — albuquerque, nm|nuforc.org"
      }
    },
    {
      "type": "Feature",
      "geometry": {
        "type": "Point",
        "coordinates": [
          -118.2427778,
          34.0522222
        ]
      },
      "properties": {
        "id": "GEE1FF5C0",
        "type": "ufo",
        "date": "2008-10-11",
        "recent": false,
        "isNew": false,
        "title": "Avistamiento NUFORC: Triangle en los angeles, ca",
        "description": "Large Triangle sighted over L.A",
        "witnesses": 1,
        "credibility": "MEDIA (reporte civil NUFORC)",
        "country": "EE.UU.",
        "sources": "NUFORC — los angeles, ca|nuforc.org"
      }
    },
    {
      "type": "Feature",
      "geometry": {
        "type": "Point",
        "coordinates": [
          -122.23611,
          48.50389
        ]
      },
      "properties": {
        "id": "G73D375BC",
        "type": "ufo",
        "date": "2009-10-11",
        "recent": false,
        "isNew": false,
        "title": "Avistamiento NUFORC: Unknown en sedro woolley, wa",
        "description": "Unusaul flight charactoristics",
        "witnesses": 1,
        "credibility": "MEDIA (reporte civil NUFORC)",
        "country": "",
        "sources": "NUFORC — sedro woolley, wa|nuforc.org"
      }
    },
    {
      "type": "Feature",
      "geometry": {
        "type": "Point",
        "coordinates": [
          -73.3297222,
          40.7616667
        ]
      },
      "properties": {
        "id": "G98ACE074",
        "type": "other",
        "date": "2009-10-11",
        "recent": false,
        "isNew": false,
        "title": "Avistamiento NUFORC: Other en deer park, ny",
        "description": "2 Bright Orange lights in the sky moving up&#44 down&#44 and circular motion with shooting streaking trail -looked like shooting star",
        "witnesses": 1,
        "credibility": "MEDIA (reporte civil NUFORC)",
        "country": "EE.UU.",
        "sources": "NUFORC — deer park, ny|nuforc.org"
      }
    },
    {
      "type": "Feature",
      "geometry": {
        "type": "Point",
        "coordinates": [
          -75.8541667,
          37.9833333
        ]
      },
      "properties": {
        "id": "G07B2B00F",
        "type": "lights_sky",
        "date": "2009-10-11",
        "recent": false,
        "isNew": false,
        "title": "Avistamiento NUFORC: Light en crisfield, md",
        "description": "A bright light moving across the sky getting closer stopped on a dime got brighter and took off with no sounds at all",
        "witnesses": 1,
        "credibility": "MEDIA (reporte civil NUFORC)",
        "country": "EE.UU.",
        "sources": "NUFORC — crisfield, md|nuforc.org"
      }
    },
    {
      "type": "Feature",
      "geometry": {
        "type": "Point",
        "coordinates": [
          -52.666667,
          47.55
        ]
      },
      "properties": {
        "id": "G226C71B5",
        "type": "lights_sky",
        "date": "2009-10-11",
        "recent": false,
        "isNew": false,
        "title": "Avistamiento NUFORC: Flash en st. john&#39s (canada), nf",
        "description": "Bending streak of white light over suburban area.",
        "witnesses": 1,
        "credibility": "MEDIA (reporte civil NUFORC)",
        "country": "Canadá",
        "sources": "NUFORC — st. john&#39s (canada), nf|nuforc.org"
      }
    },
    {
      "type": "Feature",
      "geometry": {
        "type": "Point",
        "coordinates": [
          -83.4702778,
          42.3713889
        ]
      },
      "properties": {
        "id": "G20B40EC1",
        "type": "ufo",
        "date": "2009-10-11",
        "recent": false,
        "isNew": false,
        "title": "Avistamiento NUFORC: Triangle en plymouth, mi",
        "description": "I was standing on a sidewalk near salem high school where i saw a triangular shaped craft slowly gliding right over my head. my mom jus",
        "witnesses": 1,
        "credibility": "MEDIA (reporte civil NUFORC)",
        "country": "EE.UU.",
        "sources": "NUFORC — plymouth, mi|nuforc.org"
      }
    },
    {
      "type": "Feature",
      "geometry": {
        "type": "Point",
        "coordinates": [
          -112.1852778,
          33.5386111
        ]
      },
      "properties": {
        "id": "G3E11BF92",
        "type": "ufo",
        "date": "2009-10-11",
        "recent": false,
        "isNew": false,
        "title": "Avistamiento NUFORC: Egg en glendale, az",
        "description": "2 eggshaped objects over Glendale Az. near stadium.",
        "witnesses": 1,
        "credibility": "MEDIA (reporte civil NUFORC)",
        "country": "EE.UU.",
        "sources": "NUFORC — glendale, az|nuforc.org"
      }
    },
    {
      "type": "Feature",
      "geometry": {
        "type": "Point",
        "coordinates": [
          -85.7594444,
          38.2541667
        ]
      },
      "properties": {
        "id": "GE04E55D5",
        "type": "ufo",
        "date": "2009-10-11",
        "recent": false,
        "isNew": false,
        "title": "Avistamiento NUFORC: Disk en louisville, ky",
        "description": "strange object photographed over Louisville&#44 Kentucky October 11&#44 2009",
        "witnesses": 1,
        "credibility": "MEDIA (reporte civil NUFORC)",
        "country": "EE.UU.",
        "sources": "NUFORC — louisville, ky|nuforc.org"
      }
    },
    {
      "type": "Feature",
      "geometry": {
        "type": "Point",
        "coordinates": [
          -80.0366667,
          26.7052778
        ]
      },
      "properties": {
        "id": "G56134EC1",
        "type": "ufo",
        "date": "2009-10-11",
        "recent": false,
        "isNew": false,
        "title": "Avistamiento NUFORC: Oval en west palm beach, fl",
        "description": "At around 6pm (18:00 hours) I was outside in the backyard of my home with my Canon EOS Rebel XT digital camera taking photographs of na",
        "witnesses": 1,
        "credibility": "MEDIA (reporte civil NUFORC)",
        "country": "EE.UU.",
        "sources": "NUFORC — west palm beach, fl|nuforc.org"
      }
    },
    {
      "type": "Feature",
      "geometry": {
        "type": "Point",
        "coordinates": [
          -71.55,
          41.9666667
        ]
      },
      "properties": {
        "id": "GC6639AE0",
        "type": "ufo",
        "date": "2009-10-11",
        "recent": false,
        "isNew": false,
        "title": "Avistamiento NUFORC: Circle en north smithfield, ri",
        "description": "I was watching the sky like I always do on a clear night because you can always see what appear to be stars riding along the night sky.",
        "witnesses": 1,
        "credibility": "MEDIA (reporte civil NUFORC)",
        "country": "EE.UU.",
        "sources": "NUFORC — north smithfield, ri|nuforc.org"
      }
    },
    {
      "type": "Feature",
      "geometry": {
        "type": "Point",
        "coordinates": [
          -86.8652778,
          39.5741667
        ]
      },
      "properties": {
        "id": "GC1FDC36A",
        "type": "lights_sky",
        "date": "2009-10-11",
        "recent": false,
        "isNew": false,
        "title": "Avistamiento NUFORC: Flash en putnamville, in",
        "description": "Two Hovering Aircraft Spotted Around a Strange Haze",
        "witnesses": 1,
        "credibility": "MEDIA (reporte civil NUFORC)",
        "country": "EE.UU.",
        "sources": "NUFORC — putnamville, in|nuforc.org"
      }
    },
    {
      "type": "Feature",
      "geometry": {
        "type": "Point",
        "coordinates": [
          -89.4011111,
          43.0730556
        ]
      },
      "properties": {
        "id": "GCB91CFEB",
        "type": "lights_sky",
        "date": "2009-10-11",
        "recent": false,
        "isNew": false,
        "title": "Avistamiento NUFORC: Light en madison, wi",
        "description": "Amber orange light moving very slowly&#44 dimming out&#44 shooting away.",
        "witnesses": 1,
        "credibility": "MEDIA (reporte civil NUFORC)",
        "country": "EE.UU.",
        "sources": "NUFORC — madison, wi|nuforc.org"
      }
    },
    {
      "type": "Feature",
      "geometry": {
        "type": "Point",
        "coordinates": [
          -118.3875,
          33.8491667
        ]
      },
      "properties": {
        "id": "G4EAECC47",
        "type": "other",
        "date": "2010-10-11",
        "recent": false,
        "isNew": false,
        "title": "Avistamiento NUFORC: Other en redondo beach, ca",
        "description": "three lights that changed colors rapidly suspended over the ocean that increased and decreased in intensity often",
        "witnesses": 1,
        "credibility": "MEDIA (reporte civil NUFORC)",
        "country": "EE.UU.",
        "sources": "NUFORC — redondo beach, ca|nuforc.org"
      }
    },
    {
      "type": "Feature",
      "geometry": {
        "type": "Point",
        "coordinates": [
          -120.383162,
          46.553733
        ]
      },
      "properties": {
        "id": "G42AD57F8",
        "type": "ufo",
        "date": "2010-10-11",
        "recent": false,
        "isNew": false,
        "title": "Avistamiento NUFORC: Rectangle en moxee, wa",
        "description": "bow shockwave with rectangle craft it was hyperfast",
        "witnesses": 1,
        "credibility": "MEDIA (reporte civil NUFORC)",
        "country": "",
        "sources": "NUFORC — moxee, wa|nuforc.org"
      }
    },
    {
      "type": "Feature",
      "geometry": {
        "type": "Point",
        "coordinates": [
          -80.0366667,
          26.7052778
        ]
      },
      "properties": {
        "id": "GEFE2A96D",
        "type": "ufo",
        "date": "2010-10-11",
        "recent": false,
        "isNew": false,
        "title": "Avistamiento NUFORC: Sphere en west palm beach, fl",
        "description": "Electrical Sphere shape morning sky over Palm Beach Florida",
        "witnesses": 1,
        "credibility": "MEDIA (reporte civil NUFORC)",
        "country": "EE.UU.",
        "sources": "NUFORC — west palm beach, fl|nuforc.org"
      }
    },
    {
      "type": "Feature",
      "geometry": {
        "type": "Point",
        "coordinates": [
          -121.2247222,
          38.6786111
        ]
      },
      "properties": {
        "id": "G4715A0E3",
        "type": "ufo",
        "date": "2010-10-11",
        "recent": false,
        "isNew": false,
        "title": "Avistamiento NUFORC: Changing en orangevale, ca",
        "description": "slowmoveing  fire ball in sky",
        "witnesses": 1,
        "credibility": "MEDIA (reporte civil NUFORC)",
        "country": "EE.UU.",
        "sources": "NUFORC — orangevale, ca|nuforc.org"
      }
    },
    {
      "type": "Feature",
      "geometry": {
        "type": "Point",
        "coordinates": [
          -92.9436111,
          44.8277778
        ]
      },
      "properties": {
        "id": "G96B8A72A",
        "type": "lights_sky",
        "date": "2010-10-11",
        "recent": false,
        "isNew": false,
        "title": "Avistamiento NUFORC: Light en cottage grove, mn",
        "description": "Craft with two white lights in Minneapolis Approach Pattern that moved down and not forward then disappered behind the tree line.",
        "witnesses": 1,
        "credibility": "MEDIA (reporte civil NUFORC)",
        "country": "EE.UU.",
        "sources": "NUFORC — cottage grove, mn|nuforc.org"
      }
    },
    {
      "type": "Feature",
      "geometry": {
        "type": "Point",
        "coordinates": [
          -116.8672222,
          33.0416667
        ]
      },
      "properties": {
        "id": "G6C4D5902",
        "type": "ufo",
        "date": "2010-10-11",
        "recent": false,
        "isNew": false,
        "title": "Avistamiento NUFORC: Triangle en ramona, ca",
        "description": "We believed this object to be an airplane on fire",
        "witnesses": 1,
        "credibility": "MEDIA (reporte civil NUFORC)",
        "country": "EE.UU.",
        "sources": "NUFORC — ramona, ca|nuforc.org"
      }
    },
    {
      "type": "Feature",
      "geometry": {
        "type": "Point",
        "coordinates": [
          -122.0180556,
          37.5958333
        ]
      },
      "properties": {
        "id": "G99336DD8",
        "type": "other",
        "date": "2010-10-11",
        "recent": false,
        "isNew": false,
        "title": "Avistamiento NUFORC: Other en union city, ca",
        "description": "Opposing lights of amber that sliently crossed low in the sky.",
        "witnesses": 1,
        "credibility": "MEDIA (reporte civil NUFORC)",
        "country": "EE.UU.",
        "sources": "NUFORC — union city, ca|nuforc.org"
      }
    },
    {
      "type": "Feature",
      "geometry": {
        "type": "Point",
        "coordinates": [
          -82.919551,
          42.586888
        ]
      },
      "properties": {
        "id": "G059D559A",
        "type": "lights_sky",
        "date": "2010-10-11",
        "recent": false,
        "isNew": false,
        "title": "Avistamiento NUFORC: Fireball en clinton township, mi",
        "description": "Fireball lifted into the sky and dissipated into a cloud.",
        "witnesses": 1,
        "credibility": "MEDIA (reporte civil NUFORC)",
        "country": "",
        "sources": "NUFORC — clinton township, mi|nuforc.org"
      }
    },
    {
      "type": "Feature",
      "geometry": {
        "type": "Point",
        "coordinates": [
          -88.3030556,
          37.8902778
        ]
      },
      "properties": {
        "id": "G1F444C17",
        "type": "ufo",
        "date": "2011-10-11",
        "recent": false,
        "isNew": false,
        "title": "Avistamiento NUFORC: Chevron en omaha, il",
        "description": "I noticed the craft as it had just passed over Rt 1. i brought my semi to a stop and shut down the engine. the craft was very large&#44as",
        "witnesses": 1,
        "credibility": "MEDIA (reporte civil NUFORC)",
        "country": "EE.UU.",
        "sources": "NUFORC — omaha, il|nuforc.org"
      }
    },
    {
      "type": "Feature",
      "geometry": {
        "type": "Point",
        "coordinates": [
          -114.9811111,
          36.0397222
        ]
      },
      "properties": {
        "id": "G92A32420",
        "type": "other",
        "date": "2011-10-11",
        "recent": false,
        "isNew": false,
        "title": "Avistamiento NUFORC: Other en henderson, nv",
        "description": "UFO Report:  Date: October 11th&#44 2011 Location: Las Vegas&#44 NV (near Henderson&#44 NV) Time: 8:40 A.M. Near Las Vegas Nevada&#44 I was out",
        "witnesses": 1,
        "credibility": "MEDIA (reporte civil NUFORC)",
        "country": "EE.UU.",
        "sources": "NUFORC — henderson, nv|nuforc.org"
      }
    },
    {
      "type": "Feature",
      "geometry": {
        "type": "Point",
        "coordinates": [
          -113.0611111,
          37.6775
        ]
      },
      "properties": {
        "id": "G15D4C5E3",
        "type": "lights_sky",
        "date": "2011-10-11",
        "recent": false,
        "isNew": false,
        "title": "Avistamiento NUFORC: Light en cedar city, ut",
        "description": "Bright&#44 white&#44 star-like UFO over Cedar City at 1500 on sunny day.",
        "witnesses": 1,
        "credibility": "MEDIA (reporte civil NUFORC)",
        "country": "EE.UU.",
        "sources": "NUFORC — cedar city, ut|nuforc.org"
      }
    },
    {
      "type": "Feature",
      "geometry": {
        "type": "Point",
        "coordinates": [
          -93.6088889,
          41.6005556
        ]
      },
      "properties": {
        "id": "GEE0192AA",
        "type": "lights_sky",
        "date": "2011-10-11",
        "recent": false,
        "isNew": false,
        "title": "Avistamiento NUFORC: Light en des moines, ia",
        "description": "An unexplained&#44 unidentified flying object.",
        "witnesses": 1,
        "credibility": "MEDIA (reporte civil NUFORC)",
        "country": "EE.UU.",
        "sources": "NUFORC — des moines, ia|nuforc.org"
      }
    },
    {
      "type": "Feature",
      "geometry": {
        "type": "Point",
        "coordinates": [
          -70.9347222,
          41.6361111
        ]
      },
      "properties": {
        "id": "G23D702DB",
        "type": "ufo",
        "date": "2011-10-11",
        "recent": false,
        "isNew": false,
        "title": "Avistamiento NUFORC: Circle en new bedford, ma",
        "description": "At least 25 orange and red fireballs fly over New Bedford&#44 MA&#44 USA",
        "witnesses": 1,
        "credibility": "MEDIA (reporte civil NUFORC)",
        "country": "EE.UU.",
        "sources": "NUFORC — new bedford, ma|nuforc.org"
      }
    },
    {
      "type": "Feature",
      "geometry": {
        "type": "Point",
        "coordinates": [
          -73.2077778,
          41.3325
        ]
      },
      "properties": {
        "id": "G5424465C",
        "type": "lights_sky",
        "date": "2011-10-11",
        "recent": false,
        "isNew": false,
        "title": "Avistamiento NUFORC:  en monroe, ct",
        "description": "Orange Light Formation Over Monroe&#44 CT 10/11/11--Hangs in Sky then Flys Away.",
        "witnesses": 1,
        "credibility": "MEDIA (reporte civil NUFORC)",
        "country": "EE.UU.",
        "sources": "NUFORC — monroe, ct|nuforc.org"
      }
    },
    {
      "type": "Feature",
      "geometry": {
        "type": "Point",
        "coordinates": [
          -78.3041667,
          33.9133333
        ]
      },
      "properties": {
        "id": "GD0043951",
        "type": "uso",
        "date": "2011-10-11",
        "recent": false,
        "isNew": false,
        "title": "Avistamiento NUFORC: Circle en holden beach, nc",
        "description": "6 orange balls of light over the Atlantic ocean.",
        "witnesses": 1,
        "credibility": "MEDIA (reporte civil NUFORC)",
        "country": "EE.UU.",
        "sources": "NUFORC — holden beach, nc|nuforc.org"
      }
    },
    {
      "type": "Feature",
      "geometry": {
        "type": "Point",
        "coordinates": [
          -84.8433333,
          37.7622222
        ]
      },
      "properties": {
        "id": "G98F35B88",
        "type": "ufo",
        "date": "2011-10-11",
        "recent": false,
        "isNew": false,
        "title": "Avistamiento NUFORC: Unknown en harrodsburg, ky",
        "description": "Unknown lights.",
        "witnesses": 1,
        "credibility": "MEDIA (reporte civil NUFORC)",
        "country": "EE.UU.",
        "sources": "NUFORC — harrodsburg, ky|nuforc.org"
      }
    },
    {
      "type": "Feature",
      "geometry": {
        "type": "Point",
        "coordinates": [
          -71.8027778,
          42.2625
        ]
      },
      "properties": {
        "id": "G17DCCEFA",
        "type": "ufo",
        "date": "2012-10-11",
        "recent": false,
        "isNew": false,
        "title": "Avistamiento NUFORC: Unknown en worcester, ma",
        "description": "Big extremely bright white light hovering in sky",
        "witnesses": 1,
        "credibility": "MEDIA (reporte civil NUFORC)",
        "country": "EE.UU.",
        "sources": "NUFORC — worcester, ma|nuforc.org"
      }
    },
    {
      "type": "Feature",
      "geometry": {
        "type": "Point",
        "coordinates": [
          -74.4513889,
          40.6377778
        ]
      },
      "properties": {
        "id": "GFFD4FFEC",
        "type": "ufo",
        "date": "2012-10-11",
        "recent": false,
        "isNew": false,
        "title": "Avistamiento NUFORC: Sphere en watchung (was my perspective), nj",
        "description": "Orange sphere moving in unbeliveable ways&#44&#44&#44another green spehere near by with rays emerging form it.  Bizarre",
        "witnesses": 1,
        "credibility": "MEDIA (reporte civil NUFORC)",
        "country": "EE.UU.",
        "sources": "NUFORC — watchung (was my perspective), nj|nuforc.org"
      }
    },
    {
      "type": "Feature",
      "geometry": {
        "type": "Point",
        "coordinates": [
          -71.2347222,
          42.6105556
        ]
      },
      "properties": {
        "id": "G45A113C3",
        "type": "lights_sky",
        "date": "2012-10-11",
        "recent": false,
        "isNew": false,
        "title": "Avistamiento NUFORC: Light en tewksbury, ma",
        "description": "Huge white streaking object moving high rate of speeds in night sky",
        "witnesses": 1,
        "credibility": "MEDIA (reporte civil NUFORC)",
        "country": "EE.UU.",
        "sources": "NUFORC — tewksbury, ma|nuforc.org"
      }
    },
    {
      "type": "Feature",
      "geometry": {
        "type": "Point",
        "coordinates": [
          -73.325675,
          40.695655
        ]
      },
      "properties": {
        "id": "G359D59CC",
        "type": "ufo",
        "date": "2012-10-11",
        "recent": false,
        "isNew": false,
        "title": "Avistamiento NUFORC: Disk en bablyon, ny",
        "description": "Saw a object that was very odd in the sky over the ocean off fire island inlet&#33&#33",
        "witnesses": 1,
        "credibility": "MEDIA (reporte civil NUFORC)",
        "country": "",
        "sources": "NUFORC — bablyon, ny|nuforc.org"
      }
    },
    {
      "type": "Feature",
      "geometry": {
        "type": "Point",
        "coordinates": [
          -84.9994444,
          41.6347222
        ]
      },
      "properties": {
        "id": "GDB6697E9",
        "type": "ufo",
        "date": "2012-10-11",
        "recent": false,
        "isNew": false,
        "title": "Avistamiento NUFORC: Cigar en angola, in",
        "description": "4 objects metalic reflecting from rising sun in the east&#44 then witnessed what looked to be 7 more objects in a straight line. Then hear",
        "witnesses": 1,
        "credibility": "MEDIA (reporte civil NUFORC)",
        "country": "EE.UU.",
        "sources": "NUFORC — angola, in|nuforc.org"
      }
    },
    {
      "type": "Feature",
      "geometry": {
        "type": "Point",
        "coordinates": [
          -76.7002778,
          39.2544444
        ]
      },
      "properties": {
        "id": "GC100CA90",
        "type": "lights_sky",
        "date": "2012-10-11",
        "recent": false,
        "isNew": false,
        "title": "Avistamiento NUFORC: Light en arbutus, md",
        "description": "Moving star and strange man",
        "witnesses": 1,
        "credibility": "MEDIA (reporte civil NUFORC)",
        "country": "EE.UU.",
        "sources": "NUFORC — arbutus, md|nuforc.org"
      }
    },
    {
      "type": "Feature",
      "geometry": {
        "type": "Point",
        "coordinates": [
          -75.8786111,
          41.2788889
        ]
      },
      "properties": {
        "id": "GD9FB1754",
        "type": "lights_sky",
        "date": "2012-10-11",
        "recent": false,
        "isNew": false,
        "title": "Avistamiento NUFORC: Fireball en forty fort, pa",
        "description": "Slow moving bright light",
        "witnesses": 1,
        "credibility": "MEDIA (reporte civil NUFORC)",
        "country": "EE.UU.",
        "sources": "NUFORC — forty fort, pa|nuforc.org"
      }
    },
    {
      "type": "Feature",
      "geometry": {
        "type": "Point",
        "coordinates": [
          -73.785,
          43.0830556
        ]
      },
      "properties": {
        "id": "G32030EA3",
        "type": "ufo",
        "date": "2012-10-11",
        "recent": false,
        "isNew": false,
        "title": "Avistamiento NUFORC: Circle en saratoga springs, ny",
        "description": "Brightly lit object&#44 twice the size of a planet&#44  traversed the night sky&#44 dimmed&#44 and disappeared from view.((NUFORC Note:  ISS? PD))",
        "witnesses": 1,
        "credibility": "MEDIA (reporte civil NUFORC)",
        "country": "EE.UU.",
        "sources": "NUFORC — saratoga springs, ny|nuforc.org"
      }
    },
    {
      "type": "Feature",
      "geometry": {
        "type": "Point",
        "coordinates": [
          -76.0052778,
          41.2052778
        ]
      },
      "properties": {
        "id": "G2E07FD51",
        "type": "ufo",
        "date": "2012-10-11",
        "recent": false,
        "isNew": false,
        "title": "Avistamiento NUFORC: Diamond en nanticoke, pa",
        "description": "UFO sighted over Nanticoke PA",
        "witnesses": 1,
        "credibility": "MEDIA (reporte civil NUFORC)",
        "country": "EE.UU.",
        "sources": "NUFORC — nanticoke, pa|nuforc.org"
      }
    },
    {
      "type": "Feature",
      "geometry": {
        "type": "Point",
        "coordinates": [
          -121.9825,
          47.3525
        ]
      },
      "properties": {
        "id": "G2667908C",
        "type": "ufo",
        "date": "2012-10-11",
        "recent": false,
        "isNew": false,
        "title": "Avistamiento NUFORC: Triangle en ravensdale, wa",
        "description": "Driving on kent kangley road I observed a triangle arrangement of lights hovering about 100 feet off the ground.  The lights were multi",
        "witnesses": 1,
        "credibility": "MEDIA (reporte civil NUFORC)",
        "country": "EE.UU.",
        "sources": "NUFORC — ravensdale, wa|nuforc.org"
      }
    },
    {
      "type": "Feature",
      "geometry": {
        "type": "Point",
        "coordinates": [
          -74.8291667,
          40.155
        ]
      },
      "properties": {
        "id": "G383FC83E",
        "type": "ufo",
        "date": "2012-10-11",
        "recent": false,
        "isNew": false,
        "title": "Avistamiento NUFORC: Diamond en levittown, pa",
        "description": "About 9:00 pm&#44 Oct. 11&#44 2012&#44 driving home I first heard strange high-pitched siren-like sound&#44 and rolled down my window to hear what",
        "witnesses": 1,
        "credibility": "MEDIA (reporte civil NUFORC)",
        "country": "EE.UU.",
        "sources": "NUFORC — levittown, pa|nuforc.org"
      }
    },
    {
      "type": "Feature",
      "geometry": {
        "type": "Point",
        "coordinates": [
          -87.68,
          41.6572222
        ]
      },
      "properties": {
        "id": "GA8C1CB10",
        "type": "lights_sky",
        "date": "2012-10-11",
        "recent": false,
        "isNew": false,
        "title": "Avistamiento NUFORC: Circle en blue island, il",
        "description": "Red circular object surrounded by yellow glow flying w/no sound quickly coming out of east turning southbound",
        "witnesses": 1,
        "credibility": "MEDIA (reporte civil NUFORC)",
        "country": "EE.UU.",
        "sources": "NUFORC — blue island, il|nuforc.org"
      }
    },
    {
      "type": "Feature",
      "geometry": {
        "type": "Point",
        "coordinates": [
          -83.9508333,
          43.4194444
        ]
      },
      "properties": {
        "id": "G94DD9311",
        "type": "ufo",
        "date": "2013-10-11",
        "recent": false,
        "isNew": false,
        "title": "Avistamiento NUFORC: Chevron en saginaw, mi",
        "description": "10 or so dimly lit white lights in a large arrow shape formation moving at high rate of speed.",
        "witnesses": 1,
        "credibility": "MEDIA (reporte civil NUFORC)",
        "country": "EE.UU.",
        "sources": "NUFORC — saginaw, mi|nuforc.org"
      }
    },
    {
      "type": "Feature",
      "geometry": {
        "type": "Point",
        "coordinates": [
          -79.833333,
          43.25
        ]
      },
      "properties": {
        "id": "GFE7175AB",
        "type": "ufo",
        "date": "2013-10-11",
        "recent": false,
        "isNew": false,
        "title": "Avistamiento NUFORC: Cylinder en hamilton (canada), on",
        "description": "Enlarged still frame pics of the video show strage shapes and strange colors.",
        "witnesses": 1,
        "credibility": "MEDIA (reporte civil NUFORC)",
        "country": "Canadá",
        "sources": "NUFORC — hamilton (canada), on|nuforc.org"
      }
    },
    {
      "type": "Feature",
      "geometry": {
        "type": "Point",
        "coordinates": [
          -93.6055556,
          41.7297222
        ]
      },
      "properties": {
        "id": "G7E62F63E",
        "type": "lights_sky",
        "date": "2013-10-11",
        "recent": false,
        "isNew": false,
        "title": "Avistamiento NUFORC: Circle en ankeny, ia",
        "description": "Two slow moving star-like objects suddenly accelerated to light speed heading towards Jupiter",
        "witnesses": 1,
        "credibility": "MEDIA (reporte civil NUFORC)",
        "country": "EE.UU.",
        "sources": "NUFORC — ankeny, ia|nuforc.org"
      }
    },
    {
      "type": "Feature",
      "geometry": {
        "type": "Point",
        "coordinates": [
          -80.1388889,
          26.8230556
        ]
      },
      "properties": {
        "id": "GCB8FAF40",
        "type": "lights_sky",
        "date": "2013-10-11",
        "recent": false,
        "isNew": false,
        "title": "Avistamiento NUFORC: Light en palm beach gardens, fl",
        "description": "Five orange flying objects in the nights sky and no sound.",
        "witnesses": 1,
        "credibility": "MEDIA (reporte civil NUFORC)",
        "country": "EE.UU.",
        "sources": "NUFORC — palm beach gardens, fl|nuforc.org"
      }
    },
    {
      "type": "Feature",
      "geometry": {
        "type": "Point",
        "coordinates": [
          -79.033333,
          43.866667
        ]
      },
      "properties": {
        "id": "GFBC2777B",
        "type": "lights_sky",
        "date": "2013-10-11",
        "recent": false,
        "isNew": false,
        "title": "Avistamiento NUFORC: Circle en pickering (canada), on",
        "description": "Glowing blue sphere in Ontario&#44 Canada.",
        "witnesses": 1,
        "credibility": "MEDIA (reporte civil NUFORC)",
        "country": "Canadá",
        "sources": "NUFORC — pickering (canada), on|nuforc.org"
      }
    },
    {
      "type": "Feature",
      "geometry": {
        "type": "Point",
        "coordinates": [
          -85.5872222,
          42.2916667
        ]
      },
      "properties": {
        "id": "G9FF4695E",
        "type": "lights_sky",
        "date": "2013-10-11",
        "recent": false,
        "isNew": false,
        "title": "Avistamiento NUFORC: Fireball en kalamazoo, mi",
        "description": "Massive caravan of a hundred red/orange fireballs moving from west to east at a steady rate in formation for at least ten minutes.",
        "witnesses": 1,
        "credibility": "MEDIA (reporte civil NUFORC)",
        "country": "EE.UU.",
        "sources": "NUFORC — kalamazoo, mi|nuforc.org"
      }
    },
    {
      "type": "Feature",
      "geometry": {
        "type": "Point",
        "coordinates": [
          -95.235,
          38.9716667
        ]
      },
      "properties": {
        "id": "G290DC290",
        "type": "ufo",
        "date": "2013-10-11",
        "recent": false,
        "isNew": false,
        "title": "Avistamiento NUFORC: Unknown en lawrence, ks",
        "description": "Silent blue and white lights of craft object change color&#44 approach myself and boyfriend&#44 before changing into buzzing&#44 everyday plane",
        "witnesses": 1,
        "credibility": "MEDIA (reporte civil NUFORC)",
        "country": "EE.UU.",
        "sources": "NUFORC — lawrence, ks|nuforc.org"
      }
    },
    {
      "type": "Feature",
      "geometry": {
        "type": "Point",
        "coordinates": [
          -84.51202,
          39.103118
        ]
      },
      "properties": {
        "id": "GA7B4AE89",
        "type": "lights_sky",
        "date": "2013-10-11",
        "recent": false,
        "isNew": false,
        "title": "Avistamiento NUFORC: Fireball en north cincinnati, oh",
        "description": "Some sort of fireball came down from the sky very rapidly soon to turn into 3 flying disc that where lit up (clearly not stars) they se",
        "witnesses": 1,
        "credibility": "MEDIA (reporte civil NUFORC)",
        "country": "",
        "sources": "NUFORC — north cincinnati, oh|nuforc.org"
      }
    },
    {
      "type": "Feature",
      "geometry": {
        "type": "Point",
        "coordinates": [
          -81.795,
          26.1416667
        ]
      },
      "properties": {
        "id": "G1D9988E1",
        "type": "lights_sky",
        "date": "2013-10-11",
        "recent": false,
        "isNew": false,
        "title": "Avistamiento NUFORC: Light en naples, fl",
        "description": "Circle of Different color flashing light over gulf in naples",
        "witnesses": 1,
        "credibility": "MEDIA (reporte civil NUFORC)",
        "country": "EE.UU.",
        "sources": "NUFORC — naples, fl|nuforc.org"
      }
    },
    {
      "type": "Feature",
      "geometry": {
        "type": "Point",
        "coordinates": [
          -83.596111,
          32.543889
        ]
      },
      "properties": {
        "id": "G234EB129",
        "type": "lights_sky",
        "date": "2013-10-11",
        "recent": false,
        "isNew": false,
        "title": "Avistamiento NUFORC: Light en bonaie, ga",
        "description": "15-25 red/orange lights moving at a low altitude in the same pattern with no sound at all.",
        "witnesses": 1,
        "credibility": "MEDIA (reporte civil NUFORC)",
        "country": "",
        "sources": "NUFORC — bonaie, ga|nuforc.org"
      }
    },
    {
      "type": "Feature",
      "geometry": {
        "type": "Point",
        "coordinates": [
          -72.0066667,
          42.4736111
        ]
      },
      "properties": {
        "id": "G2FB7AF53",
        "type": "lights_sky",
        "date": "2013-10-11",
        "recent": false,
        "isNew": false,
        "title": "Avistamiento NUFORC: Fireball en hubbardston, ma",
        "description": "4 orange orbs zig zgging across the sky.  Quick movements forward and aft and side to side.",
        "witnesses": 1,
        "credibility": "MEDIA (reporte civil NUFORC)",
        "country": "EE.UU.",
        "sources": "NUFORC — hubbardston, ma|nuforc.org"
      }
    },
    {
      "type": "Feature",
      "geometry": {
        "type": "Point",
        "coordinates": [
          -83.8602778,
          33.5966667
        ]
      },
      "properties": {
        "id": "GCC18FC20",
        "type": "lights_sky",
        "date": "2013-10-11",
        "recent": false,
        "isNew": false,
        "title": "Avistamiento NUFORC: Light en covington, ga",
        "description": "Saw a bunch of low-altitude lights drifting overhead.",
        "witnesses": 1,
        "credibility": "MEDIA (reporte civil NUFORC)",
        "country": "EE.UU.",
        "sources": "NUFORC — covington, ga|nuforc.org"
      }
    },
    {
      "type": "Feature",
      "geometry": {
        "type": "Point",
        "coordinates": [
          -76.0047222,
          43.0297222
        ]
      },
      "properties": {
        "id": "G3D58CFB1",
        "type": "ufo",
        "date": "2013-10-11",
        "recent": false,
        "isNew": false,
        "title": "Avistamiento NUFORC: Chevron en fayetteville, ny",
        "description": "Brilliant slow moving light in fayetteville ny.",
        "witnesses": 1,
        "credibility": "MEDIA (reporte civil NUFORC)",
        "country": "EE.UU.",
        "sources": "NUFORC — fayetteville, ny|nuforc.org"
      }
    },
    {
      "type": "Feature",
      "geometry": {
        "type": "Point",
        "coordinates": [
          -80.6083333,
          28.0833333
        ]
      },
      "properties": {
        "id": "G292B03B2",
        "type": "ufo",
        "date": "2013-10-11",
        "recent": false,
        "isNew": false,
        "title": "Avistamiento NUFORC: Sphere en melbourne, fl",
        "description": "At or around 22:00 hours my Mother called me outside to look at something My Father and I walked out the front door and observed a larg",
        "witnesses": 1,
        "credibility": "MEDIA (reporte civil NUFORC)",
        "country": "EE.UU.",
        "sources": "NUFORC — melbourne, fl|nuforc.org"
      }
    },
    {
      "type": "Feature",
      "geometry": {
        "type": "Point",
        "coordinates": [
          -92.6333333,
          45.3561111
        ]
      },
      "properties": {
        "id": "GF34062D6",
        "type": "ufo",
        "date": "2013-10-11",
        "recent": false,
        "isNew": false,
        "title": "Avistamiento NUFORC: Sphere en dresser, wi",
        "description": "Large Orange Sphere over Polk county Wisconsin.",
        "witnesses": 1,
        "credibility": "MEDIA (reporte civil NUFORC)",
        "country": "EE.UU.",
        "sources": "NUFORC — dresser, wi|nuforc.org"
      }
    },
    {
      "type": "Feature",
      "geometry": {
        "type": "Point",
        "coordinates": [
          -88.0077778,
          41.88
        ]
      },
      "properties": {
        "id": "G45BF8E89",
        "type": "lights_sky",
        "date": "2013-10-11",
        "recent": false,
        "isNew": false,
        "title": "Avistamiento NUFORC: Formation en lombard, il",
        "description": "5-8 orange lights over suburban Chicago",
        "witnesses": 1,
        "credibility": "MEDIA (reporte civil NUFORC)",
        "country": "EE.UU.",
        "sources": "NUFORC — lombard, il|nuforc.org"
      }
    },
    {
      "type": "Feature",
      "geometry": {
        "type": "Point",
        "coordinates": [
          -72.0,
          45.583333
        ]
      },
      "properties": {
        "id": "G0B0958B4",
        "type": "lights_sky",
        "date": "2013-10-11",
        "recent": false,
        "isNew": false,
        "title": "Avistamiento NUFORC: Light en windsor (canada), on",
        "description": "5 orange lights seen in sky over windsor.",
        "witnesses": 1,
        "credibility": "MEDIA (reporte civil NUFORC)",
        "country": "Canadá",
        "sources": "NUFORC — windsor (canada), on|nuforc.org"
      }
    },
    {
      "type": "Feature",
      "geometry": {
        "type": "Point",
        "coordinates": [
          -81.4025,
          40.8758333
        ]
      },
      "properties": {
        "id": "G500CDB10",
        "type": "lights_sky",
        "date": "2013-10-11",
        "recent": false,
        "isNew": false,
        "title": "Avistamiento NUFORC: Fireball en north canton, oh",
        "description": "Fireball over the Strip.",
        "witnesses": 1,
        "credibility": "MEDIA (reporte civil NUFORC)",
        "country": "EE.UU.",
        "sources": "NUFORC — north canton, oh|nuforc.org"
      }
    },
    {
      "type": "Feature",
      "geometry": {
        "type": "Point",
        "coordinates": [
          -83.9463889,
          42.4566667
        ]
      },
      "properties": {
        "id": "G5D2AB196",
        "type": "lights_sky",
        "date": "2013-10-11",
        "recent": false,
        "isNew": false,
        "title": "Avistamiento NUFORC: Fireball en pinckney, mi",
        "description": "Large orange fireball observed over Hell&#44 Michigan&#44 traveling from due south to due north directly overhead.",
        "witnesses": 1,
        "credibility": "MEDIA (reporte civil NUFORC)",
        "country": "EE.UU.",
        "sources": "NUFORC — pinckney, mi|nuforc.org"
      }
    },
    {
      "type": "Feature",
      "geometry": {
        "type": "Point",
        "coordinates": [
          -82.5188889,
          37.4791667
        ]
      },
      "properties": {
        "id": "G8923399F",
        "type": "ufo",
        "date": "1950-10-01",
        "recent": false,
        "isNew": false,
        "title": "Avistamiento NUFORC: Disk en pikeville, ky",
        "description": "SEVENTY SOME  FLYING DISK OBSERVED IN  1950",
        "witnesses": 1,
        "credibility": "MEDIA (reporte civil NUFORC)",
        "country": "EE.UU.",
        "sources": "NUFORC — pikeville, ky|nuforc.org"
      }
    },
    {
      "type": "Feature",
      "geometry": {
        "type": "Point",
        "coordinates": [
          130.401716,
          33.590355
        ]
      },
      "properties": {
        "id": "GC130731A",
        "type": "ufo",
        "date": "1952-10-01",
        "recent": false,
        "isNew": false,
        "title": "Avistamiento NUFORC: Disk en fukuoka (japan)",
        "description": "UFO seen by multiple U. S. military personnel; F-86 intercept.",
        "witnesses": 1,
        "credibility": "MEDIA (reporte civil NUFORC)",
        "country": "",
        "sources": "NUFORC — fukuoka (japan)|nuforc.org"
      }
    },
    {
      "type": "Feature",
      "geometry": {
        "type": "Point",
        "coordinates": [
          -94.5783333,
          39.0997222
        ]
      },
      "properties": {
        "id": "G2B925586",
        "type": "ufo",
        "date": "1952-10-01",
        "recent": false,
        "isNew": false,
        "title": "Avistamiento NUFORC: Disk en kansas city, mo",
        "description": "1952 daylight sighting of multiple discs in formation",
        "witnesses": 1,
        "credibility": "MEDIA (reporte civil NUFORC)",
        "country": "EE.UU.",
        "sources": "NUFORC — kansas city, mo|nuforc.org"
      }
    },
    {
      "type": "Feature",
      "geometry": {
        "type": "Point",
        "coordinates": [
          -80.65,
          38.7230556
        ]
      },
      "properties": {
        "id": "GC944A7D0",
        "type": "ufo",
        "date": "1954-10-01",
        "recent": false,
        "isNew": false,
        "title": "Avistamiento NUFORC: Circle en flatwoods, wv",
        "description": "I saw the craft go across the horizon.  It appeared to be on fire&#44 I first thought it was a plane going down.  It landed near a farm.",
        "witnesses": 1,
        "credibility": "MEDIA (reporte civil NUFORC)",
        "country": "EE.UU.",
        "sources": "NUFORC — flatwoods, wv|nuforc.org"
      }
    },
    {
      "type": "Feature",
      "geometry": {
        "type": "Point",
        "coordinates": [
          -119.012259,
          38.007059
        ]
      },
      "properties": {
        "id": "G462458F7",
        "type": "sound",
        "date": "1955-10-01",
        "recent": false,
        "isNew": false,
        "title": "Avistamiento NUFORC: Circle en mono lake (area), ca",
        "description": "NO KNOWN AIRCRAFT (1955 and maybe today) COULD MAKE SUCH A SPEEDY 360 DEGREE CIRCLE MANUVER&#44 WITH NO SOUND &#33",
        "witnesses": 1,
        "credibility": "MEDIA (reporte civil NUFORC)",
        "country": "",
        "sources": "NUFORC — mono lake (area), ca|nuforc.org"
      }
    },
    {
      "type": "Feature",
      "geometry": {
        "type": "Point",
        "coordinates": [
          -72.1738889,
          43.3652778
        ]
      },
      "properties": {
        "id": "G6E7814BA",
        "type": "ufo",
        "date": "1956-10-01",
        "recent": false,
        "isNew": false,
        "title": "Avistamiento NUFORC: Rectangle en newport, nh",
        "description": "Disk with glass center section&#44 and flames behind the glass",
        "witnesses": 1,
        "credibility": "MEDIA (reporte civil NUFORC)",
        "country": "EE.UU.",
        "sources": "NUFORC — newport, nh|nuforc.org"
      }
    },
    {
      "type": "Feature",
      "geometry": {
        "type": "Point",
        "coordinates": [
          -146.7686111,
          61.9919444
        ]
      },
      "properties": {
        "id": "GDCD0AF08",
        "type": "ufo",
        "date": "1957-10-01",
        "recent": false,
        "isNew": false,
        "title": "Avistamiento NUFORC: Unknown en nelchina (near), ak",
        "description": "This incident occurred about October of 1956 or &#8216;57. At the time&#44 I was Assistant station manager for a major airline in Anchorage as",
        "witnesses": 1,
        "credibility": "MEDIA (reporte civil NUFORC)",
        "country": "EE.UU.",
        "sources": "NUFORC — nelchina (near), ak|nuforc.org"
      }
    },
    {
      "type": "Feature",
      "geometry": {
        "type": "Point",
        "coordinates": [
          -74.1722222,
          40.9166667
        ]
      },
      "properties": {
        "id": "G2F0654A1",
        "type": "ufo",
        "date": "1957-10-01",
        "recent": false,
        "isNew": false,
        "title": "Avistamiento NUFORC: Disk en paterson, nj",
        "description": "Formation of approximately 8 light gray metallic disks silently crossing the night sky around October 1957 in northern NJ",
        "witnesses": 1,
        "credibility": "MEDIA (reporte civil NUFORC)",
        "country": "EE.UU.",
        "sources": "NUFORC — paterson, nj|nuforc.org"
      }
    },
    {
      "type": "Feature",
      "geometry": {
        "type": "Point",
        "coordinates": [
          -161.903334,
          70.292489
        ]
      },
      "properties": {
        "id": "G8A49324E",
        "type": "ufo",
        "date": "1957-10-01",
        "recent": false,
        "isNew": false,
        "title": "Avistamiento NUFORC:  en northeast cape afs, ak",
        "description": "Radar sighting and filming",
        "witnesses": 1,
        "credibility": "MEDIA (reporte civil NUFORC)",
        "country": "",
        "sources": "NUFORC — northeast cape afs, ak|nuforc.org"
      }
    },
    {
      "type": "Feature",
      "geometry": {
        "type": "Point",
        "coordinates": [
          -90.2288889,
          39.7338889
        ]
      },
      "properties": {
        "id": "GBA4BD4A7",
        "type": "ufo",
        "date": "1959-10-01",
        "recent": false,
        "isNew": false,
        "title": "Avistamiento NUFORC: Unknown en jacksonville, il",
        "description": "Late 1959&#44 bright lights from a hovering object of unknown shape making a zed-zid zed-zid electrical sound.",
        "witnesses": 1,
        "credibility": "MEDIA (reporte civil NUFORC)",
        "country": "EE.UU.",
        "sources": "NUFORC — jacksonville, il|nuforc.org"
      }
    },
    {
      "type": "Feature",
      "geometry": {
        "type": "Point",
        "coordinates": [
          -83.5552778,
          41.6638889
        ]
      },
      "properties": {
        "id": "G030CE3DC",
        "type": "ufo",
        "date": "1961-10-01",
        "recent": false,
        "isNew": false,
        "title": "Avistamiento NUFORC: Sphere en toledo, oh",
        "description": "Observed dull silver metallic sphere hovering outside of bedroom window as a child.  Had direct communication with sphere.",
        "witnesses": 1,
        "credibility": "MEDIA (reporte civil NUFORC)",
        "country": "EE.UU.",
        "sources": "NUFORC — toledo, oh|nuforc.org"
      }
    },
    {
      "type": "Feature",
      "geometry": {
        "type": "Point",
        "coordinates": [
          -95.9925,
          36.1538889
        ]
      },
      "properties": {
        "id": "G81A57E68",
        "type": "ufo",
        "date": "1961-10-01",
        "recent": false,
        "isNew": false,
        "title": "Avistamiento NUFORC: Disk en tulsa, ok",
        "description": "October&#44 1961&#44 Tulsa Oklahoma: low altitude&#44 slow&#44 disk object(s); high speed turns&#44 v. high accelleration.",
        "witnesses": 1,
        "credibility": "MEDIA (reporte civil NUFORC)",
        "country": "EE.UU.",
        "sources": "NUFORC — tulsa, ok|nuforc.org"
      }
    },
    {
      "type": "Feature",
      "geometry": {
        "type": "Point",
        "coordinates": [
          -86.7844444,
          36.1658333
        ]
      },
      "properties": {
        "id": "G718F538C",
        "type": "ufo",
        "date": "1961-10-01",
        "recent": false,
        "isNew": false,
        "title": "Avistamiento NUFORC: Disk en nashville, tn",
        "description": "In October 1961&#44 a silvery flattened disk hovered motionless over a local school fair for more than 30 minutes.",
        "witnesses": 1,
        "credibility": "MEDIA (reporte civil NUFORC)",
        "country": "EE.UU.",
        "sources": "NUFORC — nashville, tn|nuforc.org"
      }
    },
    {
      "type": "Feature",
      "geometry": {
        "type": "Point",
        "coordinates": [
          -79.4008333,
          36.0688889
        ]
      },
      "properties": {
        "id": "G89806BB6",
        "type": "ufo",
        "date": "1961-10-01",
        "recent": false,
        "isNew": false,
        "title": "Avistamiento NUFORC: Triangle en graham, nc",
        "description": "3 flat&#44 large  white lights in delta pattern&#44 no sound&#44 flying at tree-top level at 35-40 mph",
        "witnesses": 1,
        "credibility": "MEDIA (reporte civil NUFORC)",
        "country": "EE.UU.",
        "sources": "NUFORC — graham, nc|nuforc.org"
      }
    },
    {
      "type": "Feature",
      "geometry": {
        "type": "Point",
        "coordinates": [
          -88.8852778,
          30.3958333
        ]
      },
      "properties": {
        "id": "G0248962F",
        "type": "other",
        "date": "1965-10-01",
        "recent": false,
        "isNew": false,
        "title": "Avistamiento NUFORC: Other en biloxi, ms",
        "description": "Cloud&#44 hovering then moving at right angles with pulsating light coming from within",
        "witnesses": 1,
        "credibility": "MEDIA (reporte civil NUFORC)",
        "country": "EE.UU.",
        "sources": "NUFORC — biloxi, ms|nuforc.org"
      }
    },
    {
      "type": "Feature",
      "geometry": {
        "type": "Point",
        "coordinates": [
          -77.4105556,
          37.2438889
        ]
      },
      "properties": {
        "id": "G088CBF6C",
        "type": "ufo",
        "date": "1965-10-01",
        "recent": false,
        "isNew": false,
        "title": "Avistamiento NUFORC: Sphere en colonial heights, va",
        "description": "Saw sphere ping-ponging up and down and side to side in blue sky.",
        "witnesses": 1,
        "credibility": "MEDIA (reporte civil NUFORC)",
        "country": "EE.UU.",
        "sources": "NUFORC — colonial heights, va|nuforc.org"
      }
    },
    {
      "type": "Feature",
      "geometry": {
        "type": "Point",
        "coordinates": [
          -76.4011111,
          41.5241667
        ]
      },
      "properties": {
        "id": "GC6CF7FC7",
        "type": "ufo",
        "date": "1965-10-01",
        "recent": false,
        "isNew": false,
        "title": "Avistamiento NUFORC: Disk en dushore, pa",
        "description": "It could move very slowly or very quickly but either way it moved without making any noise.",
        "witnesses": 1,
        "credibility": "MEDIA (reporte civil NUFORC)",
        "country": "EE.UU.",
        "sources": "NUFORC — dushore, pa|nuforc.org"
      }
    },
    {
      "type": "Feature",
      "geometry": {
        "type": "Point",
        "coordinates": [
          -113.5,
          53.55
        ]
      },
      "properties": {
        "id": "G9EF8E354",
        "type": "ufo",
        "date": "1966-10-01",
        "recent": false,
        "isNew": false,
        "title": "Avistamiento NUFORC: Diamond en edmonton (30 mi. east of&#44 hwy 16 east) (canada), ab",
        "description": "Unusual ights in distance. Approached until object overhead as wide as road and ditch. Bright lights&#44 Turned head to find object in hor",
        "witnesses": 1,
        "credibility": "MEDIA (reporte civil NUFORC)",
        "country": "Canadá",
        "sources": "NUFORC — edmonton (30 mi. east of&#44 hwy 16 east) (canada), ab|nuforc.org"
      }
    },
    {
      "type": "Feature",
      "geometry": {
        "type": "Point",
        "coordinates": [
          -78.8786111,
          42.8863889
        ]
      },
      "properties": {
        "id": "GB63936B6",
        "type": "lights_sky",
        "date": "1966-10-01",
        "recent": false,
        "isNew": false,
        "title": "Avistamiento NUFORC: Light en buffalo, ny",
        "description": "One of the bright stars moved north&#44 curved upward&#44 flew in a wide arc&#44 then accelerated up into the cosmos.",
        "witnesses": 1,
        "credibility": "MEDIA (reporte civil NUFORC)",
        "country": "EE.UU.",
        "sources": "NUFORC — buffalo, ny|nuforc.org"
      }
    },
    {
      "type": "Feature",
      "geometry": {
        "type": "Point",
        "coordinates": [
          -122.6113889,
          48.5127778
        ]
      },
      "properties": {
        "id": "GE4D522BA",
        "type": "lights_sky",
        "date": "1966-10-01",
        "recent": false,
        "isNew": false,
        "title": "Avistamiento NUFORC: Light en anacortes, wa",
        "description": "20 miles driving toward Anacortes&#44a friend and I were listening to a radio station in Anacortes. The DJ said he had recieved calls abou",
        "witnesses": 1,
        "credibility": "MEDIA (reporte civil NUFORC)",
        "country": "EE.UU.",
        "sources": "NUFORC — anacortes, wa|nuforc.org"
      }
    },
    {
      "type": "Feature",
      "geometry": {
        "type": "Point",
        "coordinates": [
          -91.285,
          42.1083333
        ]
      },
      "properties": {
        "id": "GBE1D01E7",
        "type": "ufo",
        "date": "1966-10-01",
        "recent": false,
        "isNew": false,
        "title": "Avistamiento NUFORC: Unknown en anamosa, ia",
        "description": "large quiet  craft&#44 covered with blackness&#44 and &quot;stars&quot; to not be noticed&#44 moving slowly southwest to north north east.",
        "witnesses": 1,
        "credibility": "MEDIA (reporte civil NUFORC)",
        "country": "EE.UU.",
        "sources": "NUFORC — anamosa, ia|nuforc.org"
      }
    }
  ]
}